project,bug_id,filename,archive_path,status,sha256,size_bytes,provenance
Collections,26,testMap.csv,canonical_maps/Collections-26/testMap.csv,canonical_included,083bbbd03f20bf679547b1c481398abd1040fbb08b66b8da20778584ae8ee418,5970,Major 3.0.1 kill-map export on Defects4J 3.0.1 fixed revision
Collections,26,covMap.csv,canonical_maps/Collections-26/covMap.csv,canonical_included,ffcb8415625e1c0785590bccc2e3778b34de4339c6536a8a302fe75cc2994d0f,4301,Major 3.0.1 kill-map export on Defects4J 3.0.1 fixed revision
Collections,26,killMap.csv,canonical_maps/Collections-26/killMap.csv,canonical_included,54e49798715294de342366b348aa8bfcadc2e13b4891478b2ae82018176b5957,469,Major 3.0.1 kill-map export on Defects4J 3.0.1 fixed revision
Collections,26,mutants.log,canonical_maps/Collections-26/mutants.log,canonical_included,edc498353893d4d67d9e3331603711627792a958f080ac3b3fae1955c0c4e6d0,2244,Major 3.0.1 kill-map export on Defects4J 3.0.1 fixed revision
Collections,26,trigger_tests.txt,canonical_maps/Collections-26/trigger_tests.txt,canonical_included,1a9e98b2948e9130eae0503681f4f964c507f6166aaa2881b65e56c522c2f3bb,2982,Major 3.0.1 kill-map export on Defects4J 3.0.1 fixed revision
Jsoup,38,testMap.csv,canonical_maps/Jsoup-38/testMap.csv,canonical_included,1cb62214a2f2d11add180869be833cfe178d2dc9d01481323d1d3ba6456316c0,19702,Major 3.0.1 kill-map export on Defects4J 3.0.1 fixed revision
Jsoup,38,covMap.csv,canonical_maps/Jsoup-38/covMap.csv,canonical_included,9a56b9024b32331946f5b11f021e402610caaa59840f3c6961bfb5a05223c8ee,470912,Major 3.0.1 kill-map export on Defects4J 3.0.1 fixed revision
Jsoup,38,killMap.csv,canonical_maps/Jsoup-38/killMap.csv,canonical_included,35337ef131fb7ede803e9891b9ac35547e44293c6f6cd377b15df1939ae6bf98,257693,Major 3.0.1 kill-map export on Defects4J 3.0.1 fixed revision
Jsoup,38,mutants.log,canonical_maps/Jsoup-38/mutants.log,canonical_included,2befad7491c72bff699abb1847b1ec205d758e8d22f9d733af96c2ed63561be4,267780,Major 3.0.1 kill-map export on Defects4J 3.0.1 fixed revision
Jsoup,38,trigger_tests.txt,canonical_maps/Jsoup-38/trigger_tests.txt,canonical_included,5d0e419d5c4a7b9147e4910fa59facdf5b2fe1979c703ac83598e0d5f621e5ae,3318,Major 3.0.1 kill-map export on Defects4J 3.0.1 fixed revision
Lang,60,testMap.csv,canonical_maps/Lang-60/testMap.csv,canonical_included,de9de73ce410a26eda453246b3672c4c26985b10ca025f8078479a9ce4cf4034,13764,Major 3.0.1 kill-map export on Defects4J 3.0.1 fixed revision
Lang,60,covMap.csv,canonical_maps/Lang-60/covMap.csv,canonical_included,c92bf470c13f364fab6060fb1673aee15a7df2b2961887af777973d8b9ace781,106280,Major 3.0.1 kill-map export on Defects4J 3.0.1 fixed revision
Lang,60,killMap.csv,canonical_maps/Lang-60/killMap.csv,canonical_included,dd4e078290170a1a8df5b6a6f240e70680bbdbd72522376a7a467ed371b01d3a,70876,Major 3.0.1 kill-map export on Defects4J 3.0.1 fixed revision
Lang,60,mutants.log,canonical_maps/Lang-60/mutants.log,canonical_included,9ef3566da70c3435dc9d7d554c3af6254994c315a17a7f15f73b5d6424aaf5c4,252545,Major 3.0.1 kill-map export on Defects4J 3.0.1 fixed revision
Lang,60,trigger_tests.txt,canonical_maps/Lang-60/trigger_tests.txt,canonical_included,704314a852123959a0f2f7df7e63d1ff894282daff6de962f0bfcba47b7ffb9a,2824,Major 3.0.1 kill-map export on Defects4J 3.0.1 fixed revision
JacksonDatabind,39,testMap.csv,canonical_maps/JacksonDatabind-39/testMap.csv,canonical_included,6cabcf3e3f88e4dcae3978cd05380fc3c5bc9215d0014a4d41dd5fd568f93c8e,20734,Major 3.0.1 kill-map export on Defects4J 3.0.1 fixed revision
JacksonDatabind,39,covMap.csv,canonical_maps/JacksonDatabind-39/covMap.csv,canonical_included,db23308f165266ff5fe58c2bc4be54215766caf689384d2aafcceafa214ed5f3,243,Major 3.0.1 kill-map export on Defects4J 3.0.1 fixed revision
JacksonDatabind,39,killMap.csv,canonical_maps/JacksonDatabind-39/killMap.csv,canonical_included,a0be4b17977192d6de3d6ca7d8187baf4f8d5ee3785bf625b0854f35d6e92b37,85,Major 3.0.1 kill-map export on Defects4J 3.0.1 fixed revision
JacksonDatabind,39,mutants.log,canonical_maps/JacksonDatabind-39/mutants.log,canonical_included,f5718733bd50f796d45879a0324c792bcde824c56734c44b6bd99c586071f594,2739,Major 3.0.1 kill-map export on Defects4J 3.0.1 fixed revision
JacksonDatabind,39,trigger_tests.txt,canonical_maps/JacksonDatabind-39/trigger_tests.txt,canonical_included,6dd277f0f313588e0cbecf1a0e90cba364aa457d9ab91fdfbd140bffd75fe38b,4069,Major 3.0.1 kill-map export on Defects4J 3.0.1 fixed revision
JacksonCore,20,testMap.csv,canonical_maps/JacksonCore-20/testMap.csv,canonical_included,8b8d252aa90cdfb1989106fb62183d4f93912d160bd8c21e9f2f355538b58a1a,31101,Major 3.0.1 kill-map export on Defects4J 3.0.1 fixed revision
JacksonCore,20,covMap.csv,canonical_maps/JacksonCore-20/covMap.csv,canonical_included,9bf16cd2db96d2325626a561f869e064b53d21faa1ac480832fac223b70d6390,56948,Major 3.0.1 kill-map export on Defects4J 3.0.1 fixed revision
JacksonCore,20,killMap.csv,canonical_maps/JacksonCore-20/killMap.csv,canonical_included,4585d741dd6d7bbdbf7539a9db07d01c2f85ed1eccb55d69e945b1c3b5e54809,18039,Major 3.0.1 kill-map export on Defects4J 3.0.1 fixed revision
JacksonCore,20,mutants.log,canonical_maps/JacksonCore-20/mutants.log,canonical_included,c5f4205b0fee1d71e99811a8c49dbf6518a38b2db4da494522e149e16e1413cb,31278,Major 3.0.1 kill-map export on Defects4J 3.0.1 fixed revision
JacksonCore,20,trigger_tests.txt,canonical_maps/JacksonCore-20/trigger_tests.txt,canonical_included,1e653b564be0752db60b98ab0be969522be490253e10c601a8ae8cb05f093d0e,5461,Major 3.0.1 kill-map export on Defects4J 3.0.1 fixed revision
Csv,5,testMap.csv,canonical_maps/Csv-5/testMap.csv,canonical_included,67a3fc8505ae541916a623b7e60cbe40a3d168a8fa7f34a94176a886a34db1a6,9172,Major 3.0.1 kill-map export on Defects4J 3.0.1 fixed revision
Csv,5,covMap.csv,canonical_maps/Csv-5/covMap.csv,canonical_included,cf5b599508281e30d567b5765437598a31f042a4a8c2d79f847c1fd65db5070c,26304,Major 3.0.1 kill-map export on Defects4J 3.0.1 fixed revision
Csv,5,killMap.csv,canonical_maps/Csv-5/killMap.csv,canonical_included,16257b21aeccd01a583daa175f48e6652636d3be260aba39a26ff19206750316,20882,Major 3.0.1 kill-map export on Defects4J 3.0.1 fixed revision
Csv,5,mutants.log,canonical_maps/Csv-5/mutants.log,canonical_included,6f0ea352bf0afcfb28d2b1b82357bc3fd9dc9efbc53ab3182d9b973f5716ba99,44218,Major 3.0.1 kill-map export on Defects4J 3.0.1 fixed revision
Csv,5,trigger_tests.txt,canonical_maps/Csv-5/trigger_tests.txt,canonical_included,09e8b55df174e6395fe864af7df9e674b0652bb221e39ade2cf1b33476b8e0a2,3347,Major 3.0.1 kill-map export on Defects4J 3.0.1 fixed revision
Jsoup,12,testMap.csv,canonical_maps/Jsoup-12/testMap.csv,canonical_included,0e28b1cd4972d29986b8b33e9fa25326861cff93e46532417c3d092d18daedbd,9157,Major 3.0.1 kill-map export on Defects4J 3.0.1 fixed revision
Jsoup,12,covMap.csv,canonical_maps/Jsoup-12/covMap.csv,canonical_included,1b4e713c01f4e4bfc11c5e4c2be1f39ab5219779bfdc9334261747c32928b68a,27770,Major 3.0.1 kill-map export on Defects4J 3.0.1 fixed revision
Jsoup,12,killMap.csv,canonical_maps/Jsoup-12/killMap.csv,canonical_included,d51297ce285a4017c47cc4ae0017aa2ac3a85027fe3fd710219d0d912d177cf6,20788,Major 3.0.1 kill-map export on Defects4J 3.0.1 fixed revision
Jsoup,12,mutants.log,canonical_maps/Jsoup-12/mutants.log,canonical_included,af9f0e3acaf7329f1552caa76ca33a7c12dbffd9f1bc3b752b68a1bbe672b3d0,23980,Major 3.0.1 kill-map export on Defects4J 3.0.1 fixed revision
Jsoup,12,trigger_tests.txt,canonical_maps/Jsoup-12/trigger_tests.txt,canonical_included,ec9d7b68ac21a29022328084d8064d505e10b7f7553951f89172dcaba5356ba5,3611,Major 3.0.1 kill-map export on Defects4J 3.0.1 fixed revision
Jsoup,81,testMap.csv,canonical_maps/Jsoup-81/testMap.csv,canonical_included,3fa247f2cc6e64a98bf48083738fd24129a3e3e07d95a7c9539b4c60cc1034ad,14474,Major 3.0.1 kill-map export on Defects4J 3.0.1 fixed revision
Jsoup,81,covMap.csv,canonical_maps/Jsoup-81/covMap.csv,canonical_included,829c37a7e2bda32f78cc04e378d86e6d950caebb5258de5e8844a7c5a41dc932,50303,Major 3.0.1 kill-map export on Defects4J 3.0.1 fixed revision
Jsoup,81,killMap.csv,canonical_maps/Jsoup-81/killMap.csv,canonical_included,5a20b89b56a35f907ad4742df694d4a9e15aab9a5a373930d2a6cdc932a01ad3,16985,Major 3.0.1 kill-map export on Defects4J 3.0.1 fixed revision
Jsoup,81,mutants.log,canonical_maps/Jsoup-81/mutants.log,canonical_included,d68e92a0f15933feff7abdf0cd91cb9ea769cecf7df5cbade80d59908893ae65,48595,Major 3.0.1 kill-map export on Defects4J 3.0.1 fixed revision
Jsoup,81,trigger_tests.txt,canonical_maps/Jsoup-81/trigger_tests.txt,canonical_included,867521b59070b57de7c6b186547d0597fa22d4b6d8390f29c71c6cf3198fc3ae,3304,Major 3.0.1 kill-map export on Defects4J 3.0.1 fixed revision
Math,43,testMap.csv,canonical_maps/Math-43/testMap.csv,canonical_included,292f97a45b1997e0a00aaac69f39e31df4de5c93bb61d33d4b7c58abcf6711f2,7072,Major 3.0.1 kill-map export on Defects4J 3.0.1 fixed revision
Math,43,covMap.csv,canonical_maps/Math-43/covMap.csv,canonical_included,0f6cacdeb6c96cf218afcd63020b3ce6efc44553e93fbe27d3df6adf5b70f466,10627,Major 3.0.1 kill-map export on Defects4J 3.0.1 fixed revision
Math,43,killMap.csv,canonical_maps/Math-43/killMap.csv,canonical_included,d1445ac413f5fcee7ba2e850c8c2170313e6535f5d4ad2f2e264f6605186184f,5175,Major 3.0.1 kill-map export on Defects4J 3.0.1 fixed revision
Math,43,mutants.log,canonical_maps/Math-43/mutants.log,canonical_included,fae9bccc4974b81c36a2b292c121846912949a6bceff176ab8d6a9b8532b204a,56367,Major 3.0.1 kill-map export on Defects4J 3.0.1 fixed revision
Math,43,trigger_tests.txt,canonical_maps/Math-43/trigger_tests.txt,canonical_included,357578f3732a7c2fe7542406305732ac07e7a6031877757d4fbb761a65a79d0e,20764,Major 3.0.1 kill-map export on Defects4J 3.0.1 fixed revision
Math,57,testMap.csv,canonical_maps/Math-57/testMap.csv,canonical_included,2e710f92ca71e47a5c1bd455b3d5e775e0fb2e69f03c124c1e4efdce7e98e404,404,Major 3.0.1 kill-map export on Defects4J 3.0.1 fixed revision
Math,57,covMap.csv,canonical_maps/Math-57/covMap.csv,canonical_included,8c64c37c92ac73877cad9d4cb681436e0ef4ed1749c591988461283a6bf0ccd3,1100,Major 3.0.1 kill-map export on Defects4J 3.0.1 fixed revision
Math,57,killMap.csv,canonical_maps/Math-57/killMap.csv,canonical_included,2ff117b4afa0ceb4437655c80ef7a4a9686e735b6a59ffe57b2f812f91043913,883,Major 3.0.1 kill-map export on Defects4J 3.0.1 fixed revision
Math,57,mutants.log,canonical_maps/Math-57/mutants.log,canonical_included,4afe7bc82e04878d682fecb8ef359853a5a04c27f98613994b43c79bde6bd272,18647,Major 3.0.1 kill-map export on Defects4J 3.0.1 fixed revision
Math,57,trigger_tests.txt,canonical_maps/Math-57/trigger_tests.txt,canonical_included,0191422ad6bd3d74f8c5929c43cd7cd76576a61518d2ff47198f74e8e91bbfb1,3351,Major 3.0.1 kill-map export on Defects4J 3.0.1 fixed revision
Lang,39,testMap.csv,canonical_maps/Lang-39/testMap.csv,canonical_included,fc78eb51b0cb26a261f6963dce52192f905bbdd1aa24125ec23baf653e8001bd,39344,Major 3.0.1 kill-map export on Defects4J 3.0.1 fixed revision
Lang,39,covMap.csv,canonical_maps/Lang-39/covMap.csv,canonical_included,e043d7078d7e1704dee12902c90712d07ce3af71fe86f3af3102cdaed8b5b214,58861,Major 3.0.1 kill-map export on Defects4J 3.0.1 fixed revision
Lang,39,killMap.csv,canonical_maps/Lang-39/killMap.csv,canonical_included,0596686e6131574f08eebb5e23f65e40ac627a0c2dd8e5ed2c261740aa6b2a01,55571,Major 3.0.1 kill-map export on Defects4J 3.0.1 fixed revision
Lang,39,mutants.log,canonical_maps/Lang-39/mutants.log,canonical_included,b96bee02fb37f9bbc8c76d6fb45f862f25d456deb16a936be2d6c7250438cd9c,435563,Major 3.0.1 kill-map export on Defects4J 3.0.1 fixed revision
Lang,39,trigger_tests.txt,canonical_maps/Lang-39/trigger_tests.txt,canonical_included,7cfc9df2a3186154af869e03ff77a0e1da6eedd76dd37094ccded568c5a0f9cc,2739,Major 3.0.1 kill-map export on Defects4J 3.0.1 fixed revision
Compress,22,testMap.csv,canonical_maps/Compress-22/testMap.csv,canonical_included,87254ee87560dadbba6dc6c548abd06631b634b2efa04b9823ab8fe4bbd4b274,4981,Major 3.0.1 kill-map export on Defects4J 3.0.1 fixed revision
Compress,22,covMap.csv,canonical_maps/Compress-22/covMap.csv,canonical_included,dc1e7fc08b00c92227f09189619c880385936436ea7251672ab653fd416fc62c,70991,Major 3.0.1 kill-map export on Defects4J 3.0.1 fixed revision
Compress,22,killMap.csv,canonical_maps/Compress-22/killMap.csv,canonical_included,1674e5407ce5289248ef7d73a723a58bafcc6eb8123496dff9723e432a831a1d,71704,Major 3.0.1 kill-map export on Defects4J 3.0.1 fixed revision
Compress,22,mutants.log,canonical_maps/Compress-22/mutants.log,canonical_included,1a41f8b60effcba387a5b911fd13081a28144e6b0eccb9b868b085230b24444a,220182,Major 3.0.1 kill-map export on Defects4J 3.0.1 fixed revision
Compress,22,trigger_tests.txt,canonical_maps/Compress-22/trigger_tests.txt,canonical_included,352bdf98969490b9f54a95905e7bb9397596254f2f4b8fd74ebf140817558e0b,4435,Major 3.0.1 kill-map export on Defects4J 3.0.1 fixed revision
Math,74,testMap.csv,canonical_maps/Math-74/testMap.csv,canonical_included,dc8f5b4d350721a3ad19d1caba311d421c737a478db7cd26b6b2007ceffce0cd,4962,Major 3.0.1 kill-map export on Defects4J 3.0.1 fixed revision
Math,74,covMap.csv,canonical_maps/Math-74/covMap.csv,canonical_included,17143606708990f117f4d9323dd1b334650c3539faa64fed12ad6db23ed9d27f,76984,Major 3.0.1 kill-map export on Defects4J 3.0.1 fixed revision
Math,74,killMap.csv,canonical_maps/Math-74/killMap.csv,canonical_included,5616143ceebb234c608bdcbf3b88a578219ce22f674a28f8b4ce22ec2632480f,80224,Major 3.0.1 kill-map export on Defects4J 3.0.1 fixed revision
Math,74,mutants.log,canonical_maps/Math-74/mutants.log,canonical_included,f38d03f664caa1d266868467f66b03799423e9731b7ed213d6cfcca18be06153,76379,Major 3.0.1 kill-map export on Defects4J 3.0.1 fixed revision
Math,74,trigger_tests.txt,canonical_maps/Math-74/trigger_tests.txt,canonical_included,154eaf3172baebac05ca283f4fa9e369f81a4c1a5d97755c4ae71f104805c8ca,3326,Major 3.0.1 kill-map export on Defects4J 3.0.1 fixed revision
Math,91,testMap.csv,canonical_maps/Math-91/testMap.csv,canonical_included,e21194cbfac0b9bbf6ee18be76f047b4388d0494042e79e4b540b6a0e9c587cb,4969,Major 3.0.1 kill-map export on Defects4J 3.0.1 fixed revision
Math,91,covMap.csv,canonical_maps/Math-91/covMap.csv,canonical_included,64bee13c9e1eac16edb7bb2a80ddbe6af296594a27a6bb18b4b042949eb4e1ae,36762,Major 3.0.1 kill-map export on Defects4J 3.0.1 fixed revision
Math,91,killMap.csv,canonical_maps/Math-91/killMap.csv,canonical_included,fdf2ed848401226fc0efab30950499b5cad31086f01d4c39b3dd9194e1e87ea6,26016,Major 3.0.1 kill-map export on Defects4J 3.0.1 fixed revision
Math,91,mutants.log,canonical_maps/Math-91/mutants.log,canonical_included,1eae86473dbe1f73bb95f2144fe428cb4c5cd9387d200a16cab26df63401be12,56414,Major 3.0.1 kill-map export on Defects4J 3.0.1 fixed revision
Math,91,trigger_tests.txt,canonical_maps/Math-91/trigger_tests.txt,canonical_included,f8f50585b81ed774d727f7fc244ec18a1de9f82acfa72cf7872bcf3c05923054,2909,Major 3.0.1 kill-map export on Defects4J 3.0.1 fixed revision
Jsoup,85,testMap.csv,canonical_maps/Jsoup-85/testMap.csv,canonical_included,7df71fed001e5492512d40df88fa2c829d944b574fcb2b6a4967b61ca042c54e,36719,Major 3.0.1 kill-map export on Defects4J 3.0.1 fixed revision
Jsoup,85,covMap.csv,canonical_maps/Jsoup-85/covMap.csv,canonical_included,e6c30f93547dba170eef0754ca56ac6799a46191526fbb1ff163451c53095db4,14117,Major 3.0.1 kill-map export on Defects4J 3.0.1 fixed revision
Jsoup,85,killMap.csv,canonical_maps/Jsoup-85/killMap.csv,canonical_included,2551b2247b9a2dfd73d7ebfdddb7b61323422411ae9305ab1f3ab166fdc17f04,5621,Major 3.0.1 kill-map export on Defects4J 3.0.1 fixed revision
Jsoup,85,mutants.log,canonical_maps/Jsoup-85/mutants.log,canonical_included,1337b63a8c517a698379441a29f5ebe685f9e8a54d9dacafc2c00baf86629a10,18956,Major 3.0.1 kill-map export on Defects4J 3.0.1 fixed revision
Jsoup,85,trigger_tests.txt,canonical_maps/Jsoup-85/trigger_tests.txt,canonical_included,e9bf5e422999bd180443c8a0099f604f312973bc23aebad94fb9f4525caba8fc,2558,Major 3.0.1 kill-map export on Defects4J 3.0.1 fixed revision
Jsoup,23,testMap.csv,canonical_maps/Jsoup-23/testMap.csv,canonical_included,515eed13036e62a2b311205ea43d402b545042ca9be36c9672c493a95da1979f,15479,Major 3.0.1 kill-map export on Defects4J 3.0.1 fixed revision
Jsoup,23,covMap.csv,canonical_maps/Jsoup-23/covMap.csv,canonical_included,08cd055db5583ea303a59a1c95b7d506bc8adee10f7c63052396cfb2977baedb,186538,Major 3.0.1 kill-map export on Defects4J 3.0.1 fixed revision
Jsoup,23,killMap.csv,canonical_maps/Jsoup-23/killMap.csv,canonical_included,a837dd527f90d795c82a3d963cda3ec0dcbad297e2e3fcc635c7f44193991a00,146133,Major 3.0.1 kill-map export on Defects4J 3.0.1 fixed revision
Jsoup,23,mutants.log,canonical_maps/Jsoup-23/mutants.log,canonical_included,f4f3518f932f84dd90a75673543ce7a3380990b3e906c0ee8dd54ddf43b0cf7a,55282,Major 3.0.1 kill-map export on Defects4J 3.0.1 fixed revision
Jsoup,23,trigger_tests.txt,canonical_maps/Jsoup-23/trigger_tests.txt,canonical_included,f11c2ae319ba105083a11fe7c7edc51b7a246db481bf33f25e576fb2b1ceaef7,3344,Major 3.0.1 kill-map export on Defects4J 3.0.1 fixed revision
Math,102,testMap.csv,canonical_maps/Math-102/testMap.csv,canonical_included,62005d1c6c7164e86c568ca5c895d73376b8b3a448513c2c8c466fc038b999fe,2661,Major 3.0.1 kill-map export on Defects4J 3.0.1 fixed revision
Math,102,covMap.csv,canonical_maps/Math-102/covMap.csv,canonical_included,8b693dd48bc2e40c2c390c239f54cdcd7746fb20827053be46102e889817e2fb,14975,Major 3.0.1 kill-map export on Defects4J 3.0.1 fixed revision
Math,102,killMap.csv,canonical_maps/Math-102/killMap.csv,canonical_included,92ac26ba361b95af797a2aa508bd436d9a1722bb307d0c2e3a5da9a549b7e793,17521,Major 3.0.1 kill-map export on Defects4J 3.0.1 fixed revision
Math,102,mutants.log,canonical_maps/Math-102/mutants.log,canonical_included,a33b9f4da9f5f19b43594600304c97980956bcb0412472da32e07f258ab558b7,73251,Major 3.0.1 kill-map export on Defects4J 3.0.1 fixed revision
Math,102,trigger_tests.txt,canonical_maps/Math-102/trigger_tests.txt,canonical_included,fff38a253c31b027be9ae309f17b7cecfa2b37cc742f64fd93f25aab31bd0708,17376,Major 3.0.1 kill-map export on Defects4J 3.0.1 fixed revision
Jsoup,78,testMap.csv,canonical_maps/Jsoup-78/testMap.csv,canonical_included,9d0cffb3010b5807d1e6fa4bf2b2580ce44936ffd39ac01d84152915eb318e6f,14139,Major 3.0.1 kill-map export on Defects4J 3.0.1 fixed revision
Jsoup,78,covMap.csv,canonical_maps/Jsoup-78/covMap.csv,canonical_included,737e6a2760e11ca1f282b245060565e5c39314fb8d23fb0be4131f89eb5d4cae,46367,Major 3.0.1 kill-map export on Defects4J 3.0.1 fixed revision
Jsoup,78,killMap.csv,canonical_maps/Jsoup-78/killMap.csv,canonical_included,77592d9e7fc26fbc7ea683d255ec4109ed98c58b22913b49f34e3478d99b130b,14516,Major 3.0.1 kill-map export on Defects4J 3.0.1 fixed revision
Jsoup,78,mutants.log,canonical_maps/Jsoup-78/mutants.log,canonical_included,70076017fd292f84556336c9413396e30c2f5b69ac9c6a6f5f6f9f3ff10b350f,47876,Major 3.0.1 kill-map export on Defects4J 3.0.1 fixed revision
Jsoup,78,trigger_tests.txt,canonical_maps/Jsoup-78/trigger_tests.txt,canonical_included,0c24dbeefbd25729a1b4a6cbe2913e604fc44d17fe4a5b2457cc52e80c33367f,4584,Major 3.0.1 kill-map export on Defects4J 3.0.1 fixed revision
Chart,17,testMap.csv,canonical_maps/Chart-17/testMap.csv,canonical_included,029622df3168f4a990f6a3f4b76ae71c4ba429c9ee0c9ad00e2f8a00409e2794,3867,Major 3.0.1 kill-map export on Defects4J 3.0.1 fixed revision
Chart,17,covMap.csv,canonical_maps/Chart-17/covMap.csv,canonical_included,525c11c40db7f2a13a9b4808e090a77dc2a2c75db7e455a99f92d4bfce003bdf,17276,Major 3.0.1 kill-map export on Defects4J 3.0.1 fixed revision
Chart,17,killMap.csv,canonical_maps/Chart-17/killMap.csv,canonical_included,cb054f8c6436e18621f7f4c35df57f92cd58bcd565deaf09ee72d4d42c9bb5fb,10427,Major 3.0.1 kill-map export on Defects4J 3.0.1 fixed revision
Chart,17,mutants.log,canonical_maps/Chart-17/mutants.log,canonical_included,3b653724585ac91f6a44cf289fbb3e18b2a1a7dae85834e05be062844e310653,74927,Major 3.0.1 kill-map export on Defects4J 3.0.1 fixed revision
Chart,17,trigger_tests.txt,canonical_maps/Chart-17/trigger_tests.txt,canonical_included,f048679099e161ee49aa47ef36bc045d3eaa5f062d5f1994cfbb0719a09a76c9,2693,Major 3.0.1 kill-map export on Defects4J 3.0.1 fixed revision
Chart,18,testMap.csv,canonical_maps/Chart-18/testMap.csv,canonical_included,a3fbe7ecaca77380f97411c4aa67058f30b81c2e52c40a4c353166f8771e4a78,25209,Major 3.0.1 kill-map export on Defects4J 3.0.1 fixed revision
Chart,18,covMap.csv,canonical_maps/Chart-18/covMap.csv,canonical_included,2e39acc4780fd79a93055eb58c5c124b74b081edeb612bb0d16045171ac545bc,66414,Major 3.0.1 kill-map export on Defects4J 3.0.1 fixed revision
Chart,18,killMap.csv,canonical_maps/Chart-18/killMap.csv,canonical_included,aad2199b01068d9150668f1914d54b3c5aa0f720a22deeeae8cbd0d3500cd4f5,52702,Major 3.0.1 kill-map export on Defects4J 3.0.1 fixed revision
Chart,18,mutants.log,canonical_maps/Chart-18/mutants.log,canonical_included,4ba701f274a5c86b6c08f709f275044593e4f4e7da97d7fb5c18aaa2500336f6,46241,Major 3.0.1 kill-map export on Defects4J 3.0.1 fixed revision
Chart,18,trigger_tests.txt,canonical_maps/Chart-18/trigger_tests.txt,canonical_included,dfb2eacfc2af15dbd033ab89e7a59fc8f1fd4b4c5e84b67b5593674d3bfb6230,11753,Major 3.0.1 kill-map export on Defects4J 3.0.1 fixed revision
Jsoup,44,testMap.csv,canonical_maps/Jsoup-44/testMap.csv,canonical_included,6d7b7b641ccc53f26edfd81a332f60622272d29ff69823998cbd54219f4fa5c8,23477,Major 3.0.1 kill-map export on Defects4J 3.0.1 fixed revision
Jsoup,44,covMap.csv,canonical_maps/Jsoup-44/covMap.csv,canonical_included,9f3e61877fd250d962f82938103668c160349b2189b37daf4fd93b1bced95c2e,63588,Major 3.0.1 kill-map export on Defects4J 3.0.1 fixed revision
Jsoup,44,killMap.csv,canonical_maps/Jsoup-44/killMap.csv,canonical_included,6e4b5d22b1ea7306cd11db9eb60496c1e9779eb430e472b3db727367e3248492,67667,Major 3.0.1 kill-map export on Defects4J 3.0.1 fixed revision
Jsoup,44,mutants.log,canonical_maps/Jsoup-44/mutants.log,canonical_included,cc9f94f5b9165eb6b98c9bd973bace2a3ee94aa25f549d1dfcaa4758f7a4b37e,4516,Major 3.0.1 kill-map export on Defects4J 3.0.1 fixed revision
Jsoup,44,trigger_tests.txt,canonical_maps/Jsoup-44/trigger_tests.txt,canonical_included,a0b2c0c36bbfa2beeef1c1819905b84a1f0ac0abede57022ed922d597f438163,3270,Major 3.0.1 kill-map export on Defects4J 3.0.1 fixed revision
Csv,8,testMap.csv,canonical_maps/Csv-8/testMap.csv,canonical_included,8ba3a89da3e7b460d7357a333a1756ff765c32a682f0eb550b2d9b407d10161a,11994,Major 3.0.1 kill-map export on Defects4J 3.0.1 fixed revision
Csv,8,covMap.csv,canonical_maps/Csv-8/covMap.csv,canonical_included,a61b7addb909685c937461d6c89e20082edde3a9690a4210f4840fd4127af275,58243,Major 3.0.1 kill-map export on Defects4J 3.0.1 fixed revision
Csv,8,killMap.csv,canonical_maps/Csv-8/killMap.csv,canonical_included,a999c5371ea82ddf401071bad610d17970d7f698576c2f757d23f4bfff3d4a78,40063,Major 3.0.1 kill-map export on Defects4J 3.0.1 fixed revision
Csv,8,mutants.log,canonical_maps/Csv-8/mutants.log,canonical_included,af2f12480c9baacfdc6353b7bf3070bc9a0ecd26e6e73ca05d3a9fc2a771b4a2,45835,Major 3.0.1 kill-map export on Defects4J 3.0.1 fixed revision
Csv,8,trigger_tests.txt,canonical_maps/Csv-8/trigger_tests.txt,canonical_included,6a94fcabcb77d0c3bb8599916780027fedf26638082c65bd5906e98bf17221aa,3597,Major 3.0.1 kill-map export on Defects4J 3.0.1 fixed revision
Math,21,testMap.csv,canonical_maps/Math-21/testMap.csv,canonical_included,ecbe15dfc84f52fa03a5051e80b8cbbc541192b8ff13c0a9efd147e5e73f46d8,2480,Major 3.0.1 kill-map export on Defects4J 3.0.1 fixed revision
Math,21,covMap.csv,canonical_maps/Math-21/covMap.csv,canonical_included,8bb10eceeed7eb7f2cdccbc2a6c1501d9f7034c24ccbead6aa7333d604a27758,2412,Major 3.0.1 kill-map export on Defects4J 3.0.1 fixed revision
Math,21,killMap.csv,canonical_maps/Math-21/killMap.csv,canonical_included,3711d728b74baa3aa46cd8ab83c8b3688be19a0d6a527629a3e32781b5db4035,2811,Major 3.0.1 kill-map export on Defects4J 3.0.1 fixed revision
Math,21,mutants.log,canonical_maps/Math-21/mutants.log,canonical_included,dd10f01b70300468417fcc783096565cccb1d9b2b2612f720416c307c8ed16ff,22376,Major 3.0.1 kill-map export on Defects4J 3.0.1 fixed revision
Math,21,trigger_tests.txt,canonical_maps/Math-21/trigger_tests.txt,canonical_included,1e952129ec28567162c8e7d65cde122b7f6fbe52c5451c1bb9d89e9462aee06b,6800,Major 3.0.1 kill-map export on Defects4J 3.0.1 fixed revision
Lang,27,testMap.csv,canonical_maps/Lang-27/testMap.csv,canonical_included,6c0e6411a35dd71b25a206ffc69144ea1a41f04fc4d8656ff820d2e8b1cbdb5a,8262,Major 3.0.1 kill-map export on Defects4J 3.0.1 fixed revision
Lang,27,covMap.csv,canonical_maps/Lang-27/covMap.csv,canonical_included,d22d124f30f934cd1b07b952bbc20252a08bd59189e2671c0c8c48fc0710ee1f,17830,Major 3.0.1 kill-map export on Defects4J 3.0.1 fixed revision
Lang,27,killMap.csv,canonical_maps/Lang-27/killMap.csv,canonical_included,8bcc5e79594f3fff0e5927e74b3dca169374149b045f3a06157cc0d5b3160cf0,8304,Major 3.0.1 kill-map export on Defects4J 3.0.1 fixed revision
Lang,27,mutants.log,canonical_maps/Lang-27/mutants.log,canonical_included,62d21b984a39947fa04ef04c244c2d9fd9802b1f44100e5938e13176276f1347,122280,Major 3.0.1 kill-map export on Defects4J 3.0.1 fixed revision
Lang,27,trigger_tests.txt,canonical_maps/Lang-27/trigger_tests.txt,canonical_included,321075368964d5162f5f8d2598a360e458636e611490e1980a0c480b884528d3,2814,Major 3.0.1 kill-map export on Defects4J 3.0.1 fixed revision
Jsoup,46,testMap.csv,canonical_maps/Jsoup-46/testMap.csv,canonical_included,968c29a9a9a42d9ab42d2fe69585a7e027cb7935aff578349da6ece4293d1804,23406,Major 3.0.1 kill-map export on Defects4J 3.0.1 fixed revision
Jsoup,46,covMap.csv,canonical_maps/Jsoup-46/covMap.csv,canonical_included,1e03f919566c47d030d528983d2f6ef14a618c2fdb7af05e449f5f2cdcc0062d,100395,Major 3.0.1 kill-map export on Defects4J 3.0.1 fixed revision
Jsoup,46,killMap.csv,canonical_maps/Jsoup-46/killMap.csv,canonical_included,04b6fda99eea3794dbd90ba0d5ada25033573bcafdec5c114f83e1ab2cc8f39a,46286,Major 3.0.1 kill-map export on Defects4J 3.0.1 fixed revision
Jsoup,46,mutants.log,canonical_maps/Jsoup-46/mutants.log,canonical_included,ceab28f029e11f1efaa1e3757826786643d0b7732e72b99ab81f4bb4cb197604,18068,Major 3.0.1 kill-map export on Defects4J 3.0.1 fixed revision
Jsoup,46,trigger_tests.txt,canonical_maps/Jsoup-46/trigger_tests.txt,canonical_included,8d41294b7210fe75a0db8fd4df7be48cc0eba8bcdcbbece4a02b419571476b60,3299,Major 3.0.1 kill-map export on Defects4J 3.0.1 fixed revision
Codec,10,testMap.csv,canonical_maps/Codec-10/testMap.csv,canonical_included,18800f8576fcf18891f617757bca2d5064fab0347e905f0932a1b5b8a8ef97d7,1109,Major 3.0.1 kill-map export on Defects4J 3.0.1 fixed revision
Codec,10,covMap.csv,canonical_maps/Codec-10/covMap.csv,canonical_included,047efd8cdef5256bbe3aea8fca6e4437530376b037a2f4d4786acb72f430d22c,4185,Major 3.0.1 kill-map export on Defects4J 3.0.1 fixed revision
Codec,10,killMap.csv,canonical_maps/Codec-10/killMap.csv,canonical_included,a2b0b3ee909c6daaa5dcd686906eb6cb774219bce373254699fa1e8291be968a,1903,Major 3.0.1 kill-map export on Defects4J 3.0.1 fixed revision
Codec,10,mutants.log,canonical_maps/Codec-10/mutants.log,canonical_included,37d9a1d67b353faf7c9320876966748ecc663324e5f1645386dc9df1739d0644,10937,Major 3.0.1 kill-map export on Defects4J 3.0.1 fixed revision
Codec,10,trigger_tests.txt,canonical_maps/Codec-10/trigger_tests.txt,canonical_included,9fa3fb9c813c8fc0107a58c34880a05c2c8a68960cade3bcef18b3c33b7a805b,2869,Major 3.0.1 kill-map export on Defects4J 3.0.1 fixed revision
Cli,15,testMap.csv,canonical_maps/Cli-15/testMap.csv,canonical_included,8dd761cd2335667265fcdf41d300b6e4bf01cb6ee19761b9cf986332f3524694,28586,Major 3.0.1 kill-map export on Defects4J 3.0.1 fixed revision
Cli,15,covMap.csv,canonical_maps/Cli-15/covMap.csv,canonical_included,73ecff378fbbe895bab3d3ee2c167ee710419551d1790f26ed2b2002329d2447,24122,Major 3.0.1 kill-map export on Defects4J 3.0.1 fixed revision
Cli,15,killMap.csv,canonical_maps/Cli-15/killMap.csv,canonical_included,e944cbe3ae21dbfa541e42b954fcef81da061e6a3f440cce344ce9d87af8251c,17430,Major 3.0.1 kill-map export on Defects4J 3.0.1 fixed revision
Cli,15,mutants.log,canonical_maps/Cli-15/mutants.log,canonical_included,d3314f5b12335f99974e3d8d63d9cbb0081105c8e10778f470ab7dc9742a2a9f,15088,Major 3.0.1 kill-map export on Defects4J 3.0.1 fixed revision
Cli,15,trigger_tests.txt,canonical_maps/Cli-15/trigger_tests.txt,canonical_included,4693bef9e71bbad0b84cb6a554fbe405f5bc52275881a730522bfba0ca290a3c,5592,Major 3.0.1 kill-map export on Defects4J 3.0.1 fixed revision
Compress,39,testMap.csv,canonical_maps/Compress-39/testMap.csv,canonical_included,205056935eb4d5d300d39d81fac53f2c2086bdd6c8185a832e9fe32f53ca7f80,15769,Major 3.0.1 kill-map export on Defects4J 3.0.1 fixed revision
Compress,39,covMap.csv,canonical_maps/Compress-39/covMap.csv,canonical_included,ed3d686eb4346c3183999198dd016822e3b75e709d39488e5c155a0293db3e05,15239,Major 3.0.1 kill-map export on Defects4J 3.0.1 fixed revision
Compress,39,killMap.csv,canonical_maps/Compress-39/killMap.csv,canonical_included,491f86fa04d0c441aa52b2b8503edbe06465963bab0913c0c14b274b429c60e2,9293,Major 3.0.1 kill-map export on Defects4J 3.0.1 fixed revision
Compress,39,mutants.log,canonical_maps/Compress-39/mutants.log,canonical_included,0baae1f18a5243faa640e73f26e89660d59bc7ec671bf219e02a9ea233044851,19859,Major 3.0.1 kill-map export on Defects4J 3.0.1 fixed revision
Compress,39,trigger_tests.txt,canonical_maps/Compress-39/trigger_tests.txt,canonical_included,704fa22aa72939dcf232a46d74f55721300b05a26cee5c1dfb9df22424ddda4c,3552,Major 3.0.1 kill-map export on Defects4J 3.0.1 fixed revision
Math,12,testMap.csv,canonical_maps/Math-12/testMap.csv,canonical_included,8fec811723d60e52ce6b95a4a4c9fdd086985460b737ebe2d2cfca016f67c5b0,61674,Major 3.0.1 kill-map export on Defects4J 3.0.1 fixed revision
Math,12,covMap.csv,canonical_maps/Math-12/covMap.csv,canonical_included,07e1fdd4cc02195f15ef596be901866373dc9a5e13fecaacaefb2126e790f4c3,28570,Major 3.0.1 kill-map export on Defects4J 3.0.1 fixed revision
Math,12,killMap.csv,canonical_maps/Math-12/killMap.csv,canonical_included,b0123ff010e4edf64d9d4d2b602958973df79597b739248056f5c2122459b371,21683,Major 3.0.1 kill-map export on Defects4J 3.0.1 fixed revision
Math,12,mutants.log,canonical_maps/Math-12/mutants.log,canonical_included,8ce88e209f9d21a2e6332fb294131b11e1e53bf2cac4b16393b1d44fd40f61f0,26457,Major 3.0.1 kill-map export on Defects4J 3.0.1 fixed revision
Math,12,trigger_tests.txt,canonical_maps/Math-12/trigger_tests.txt,canonical_included,f54c8392e1a12268a8f89864fb5641f74d57eb94ecaa74d5924a5ab3b040a104,10891,Major 3.0.1 kill-map export on Defects4J 3.0.1 fixed revision
Jsoup,20,testMap.csv,canonical_maps/Jsoup-20/testMap.csv,canonical_included,c7a2d3c280e71437639e522b45c3e6c7406e2fff85f8dabe3c56a4b26f10935a,1127,Major 3.0.1 kill-map export on Defects4J 3.0.1 fixed revision
Jsoup,20,covMap.csv,canonical_maps/Jsoup-20/covMap.csv,canonical_included,b15a446f7f55f05c7027553a42c095164438a21780802e59541fbe191a563dbf,1922,Major 3.0.1 kill-map export on Defects4J 3.0.1 fixed revision
Jsoup,20,killMap.csv,canonical_maps/Jsoup-20/killMap.csv,canonical_included,dfb935771cbdc1d519ed513bc821b9a97ddee24b5d8974fa5996eb997bc482f2,1755,Major 3.0.1 kill-map export on Defects4J 3.0.1 fixed revision
Jsoup,20,mutants.log,canonical_maps/Jsoup-20/mutants.log,canonical_included,0b6269ad24119508dbf6850e86b53f340905fd3b1566a67dcf6146f7ff0afbc3,9915,Major 3.0.1 kill-map export on Defects4J 3.0.1 fixed revision
Jsoup,20,trigger_tests.txt,canonical_maps/Jsoup-20/trigger_tests.txt,canonical_included,3ae5cfcfcac6840da0bfc822f9bf646e872eed839bad3805616e27b24d4da288,3276,Major 3.0.1 kill-map export on Defects4J 3.0.1 fixed revision
Math,40,testMap.csv,canonical_maps/Math-40/testMap.csv,canonical_included,2c1df51e240357f5d31b7749255651fcf7c4478990ee4fa511b27b1ac20d1f83,8018,Major 3.0.1 kill-map export on Defects4J 3.0.1 fixed revision
Math,40,covMap.csv,canonical_maps/Math-40/covMap.csv,canonical_included,c3b73271bf3dfe53f11ece7e2478061b9be73823b31f5add2296f3f786b66b91,68780,Major 3.0.1 kill-map export on Defects4J 3.0.1 fixed revision
Math,40,killMap.csv,canonical_maps/Math-40/killMap.csv,canonical_included,2b8db394c7bccaf454df7cd233fa7b65bfb32ef021ed74e817b08e15b27feb61,41945,Major 3.0.1 kill-map export on Defects4J 3.0.1 fixed revision
Math,40,mutants.log,canonical_maps/Math-40/mutants.log,canonical_included,d809b9bf6c7bf733fe817c780236553dba0924f568b3d69c0b005b2f82111eb6,87777,Major 3.0.1 kill-map export on Defects4J 3.0.1 fixed revision
Math,40,trigger_tests.txt,canonical_maps/Math-40/trigger_tests.txt,canonical_included,af4edeb69a8e76d69e7830be573584a42c2ce5d048f682884b78746fd2070dc4,3963,Major 3.0.1 kill-map export on Defects4J 3.0.1 fixed revision
Codec,13,testMap.csv,canonical_maps/Codec-13/testMap.csv,canonical_included,10890f3494bfb9eb19aecbc5e00ed69dc1cc8116425f5e6473f6003e7a90ea24,18730,Major 3.0.1 kill-map export on Defects4J 3.0.1 fixed revision
Codec,13,covMap.csv,canonical_maps/Codec-13/covMap.csv,canonical_included,9da10389bba6e7b3f06079975dc6fe8eaa6e847983afba06f184c923479195cb,97907,Major 3.0.1 kill-map export on Defects4J 3.0.1 fixed revision
Codec,13,killMap.csv,canonical_maps/Codec-13/killMap.csv,canonical_included,9ec9518f2f2285ec3ea8d108445d1b61eb72064966d3885fc4f25aa2550d3fc5,62300,Major 3.0.1 kill-map export on Defects4J 3.0.1 fixed revision
Codec,13,mutants.log,canonical_maps/Codec-13/mutants.log,canonical_included,175f6a72f22c3f12440c2c4b82ce5c399f01e496f1f1fcc19b8da1b86de417cd,478565,Major 3.0.1 kill-map export on Defects4J 3.0.1 fixed revision
Codec,13,trigger_tests.txt,canonical_maps/Codec-13/trigger_tests.txt,canonical_included,5dd82c3f32f8cdfbd2905486031386fc06dc083b7ed611969bad07f7314ff7ec,6678,Major 3.0.1 kill-map export on Defects4J 3.0.1 fixed revision
Mockito,37,testMap.csv,canonical_maps/Mockito-37/testMap.csv,canonical_included,2dfa57d852fd30189d8893c63d67a0306de7e2ba157a960ed67d337675b5146b,27261,Major 3.0.1 kill-map export on Defects4J 3.0.1 fixed revision
Mockito,37,covMap.csv,canonical_maps/Mockito-37/covMap.csv,canonical_included,1d74761dbea9a4bf7a12db81daaa55fc6cabf92509cd7516b7a85670ee147d0a,11834,Major 3.0.1 kill-map export on Defects4J 3.0.1 fixed revision
Mockito,37,killMap.csv,canonical_maps/Mockito-37/killMap.csv,canonical_included,0e322958338ad998e83aac69d6cc2491766965fa2fa7ac69a556ae739c7f7cc0,5480,Major 3.0.1 kill-map export on Defects4J 3.0.1 fixed revision
Mockito,37,mutants.log,canonical_maps/Mockito-37/mutants.log,canonical_included,07a30271224c6e85936423e78ca876799fb5ed9169cba0b8b14d9ec321dec842,9252,Major 3.0.1 kill-map export on Defects4J 3.0.1 fixed revision
Mockito,37,trigger_tests.txt,canonical_maps/Mockito-37/trigger_tests.txt,canonical_included,953981bed067a4603fba811e5608550f8ac1123b89d94e11ef700ee8eaf64b66,6790,Major 3.0.1 kill-map export on Defects4J 3.0.1 fixed revision
Math,99,testMap.csv,canonical_maps/Math-99/testMap.csv,canonical_included,ac4f82aa18ea9b4c0b49e8022e111320db2bb8ecfba1e3863a60b62b75caff22,44043,Major 3.0.1 kill-map export on Defects4J 3.0.1 fixed revision
Math,99,covMap.csv,canonical_maps/Math-99/covMap.csv,canonical_included,e799e92280d5ccb3941323aef83090bbb027977f7e7d8f96e66fb5553c1c2ffb,187056,Major 3.0.1 kill-map export on Defects4J 3.0.1 fixed revision
Math,99,killMap.csv,canonical_maps/Math-99/killMap.csv,canonical_included,56638790419ed332c4cd4ccc63a648a6e6a9d9fbe6aa9aaa3e76261d313656d7,103122,Major 3.0.1 kill-map export on Defects4J 3.0.1 fixed revision
Math,99,mutants.log,canonical_maps/Math-99/mutants.log,canonical_included,6863f6f7c4d47abc351f999c0fff3be3a36e1d026c85cfbf5a7b250732ff28bf,157201,Major 3.0.1 kill-map export on Defects4J 3.0.1 fixed revision
Math,99,trigger_tests.txt,canonical_maps/Math-99/trigger_tests.txt,canonical_included,6b39eb7a12ea90dfcc57ac2c8892243a904234ba717c52e2beaa1d084d670f07,5320,Major 3.0.1 kill-map export on Defects4J 3.0.1 fixed revision
Math,33,testMap.csv,canonical_maps/Math-33/testMap.csv,canonical_included,9ee7f748aed3b9095663154cfdfd75123d6d9b949e52ac0f8d551c1b33341cff,2552,Major 3.0.1 kill-map export on Defects4J 3.0.1 fixed revision
Math,33,covMap.csv,canonical_maps/Math-33/covMap.csv,canonical_included,de6e6e8af260b6733c8453311d5facf94f22c02df3e72c1235f87bcc3799f3e5,60026,Major 3.0.1 kill-map export on Defects4J 3.0.1 fixed revision
Math,33,killMap.csv,canonical_maps/Math-33/killMap.csv,canonical_included,1dd20cfbd44f5e8ccf6c9012f689fbc5c1340d31c0d5546a303dd5cc8d482023,57243,Major 3.0.1 kill-map export on Defects4J 3.0.1 fixed revision
Math,33,mutants.log,canonical_maps/Math-33/mutants.log,canonical_included,d941a1ca9ec5d7040adc7e5ecdec2cdaaea09036be04f64c445ad4d4a863bc3e,107820,Major 3.0.1 kill-map export on Defects4J 3.0.1 fixed revision
Math,33,trigger_tests.txt,canonical_maps/Math-33/trigger_tests.txt,canonical_included,ea3d9df8b62b7a84987fc3d475909efcb4e0fa6e932ca3606a25fd05f59b0437,3316,Major 3.0.1 kill-map export on Defects4J 3.0.1 fixed revision
Chart,13,testMap.csv,canonical_maps/Chart-13/testMap.csv,canonical_included,89cac600ed93d4c9be288e4cb44ff1e05a9d01468caa5b962fa6ece356904a46,15176,Major 3.0.1 kill-map export on Defects4J 3.0.1 fixed revision
Chart,13,covMap.csv,canonical_maps/Chart-13/covMap.csv,canonical_included,e4ba7f7e64c546a62dfbef4620877ae7888d1567925589697a223cce12cb3608,44193,Major 3.0.1 kill-map export on Defects4J 3.0.1 fixed revision
Chart,13,killMap.csv,canonical_maps/Chart-13/killMap.csv,canonical_included,b436ddeb2768262e842de50387936a9b77cc0f3b4dfdc43f841518ea468527ae,26997,Major 3.0.1 kill-map export on Defects4J 3.0.1 fixed revision
Chart,13,mutants.log,canonical_maps/Chart-13/mutants.log,canonical_included,e3e6ec9047412f89956c1a2381b1e6528b24e581499a2dd61e4b0767297c6be4,128359,Major 3.0.1 kill-map export on Defects4J 3.0.1 fixed revision
Chart,13,trigger_tests.txt,canonical_maps/Chart-13/trigger_tests.txt,canonical_included,5e661a7bb799fe0022c351db4d1a2a4059d4c34154ec7d7e0effb86878e16f01,3116,Major 3.0.1 kill-map export on Defects4J 3.0.1 fixed revision
Math,82,testMap.csv,canonical_maps/Math-82/testMap.csv,canonical_included,d8c4ffb6bfe9ea62aa3efd6f5e66b3c5841a2121a5e6bbf4c8b43849116db6b2,1266,Major 3.0.1 kill-map export on Defects4J 3.0.1 fixed revision
Math,82,covMap.csv,canonical_maps/Math-82/covMap.csv,canonical_included,07fcee154e4f3d8650c8147788535bab641977940dabed882fe24a76b7fc5151,8861,Major 3.0.1 kill-map export on Defects4J 3.0.1 fixed revision
Math,82,killMap.csv,canonical_maps/Math-82/killMap.csv,canonical_included,c756fbbd473bd818072e29d919fe24a83aa297beed9d163d8de0f2fccb92abad,8976,Major 3.0.1 kill-map export on Defects4J 3.0.1 fixed revision
Math,82,mutants.log,canonical_maps/Math-82/mutants.log,canonical_included,3deaa52a8b27314acd88c88c6b974ecc314ccc69aec28aaf65cc31efc299a53c,25539,Major 3.0.1 kill-map export on Defects4J 3.0.1 fixed revision
Math,82,trigger_tests.txt,canonical_maps/Math-82/trigger_tests.txt,canonical_included,8d0aae40a0dae545a6607331a70429a0e9f7af4d46513f2f811b6d955933c587,3404,Major 3.0.1 kill-map export on Defects4J 3.0.1 fixed revision
JacksonCore,2,testMap.csv,canonical_maps/JacksonCore-2/testMap.csv,canonical_included,ce932f3174f831e699616a2584d75bf78536812263a60e485335598ba3e36476,14214,Major 3.0.1 kill-map export on Defects4J 3.0.1 fixed revision
JacksonCore,2,covMap.csv,canonical_maps/JacksonCore-2/covMap.csv,canonical_included,912e10dc263e6b42f93cbba7d92862613c697e9d6025003d32892751d61a4812,386502,Major 3.0.1 kill-map export on Defects4J 3.0.1 fixed revision
JacksonCore,2,killMap.csv,canonical_maps/JacksonCore-2/killMap.csv,canonical_included,2cb43049433093348bd21b2c37b5ef44ecb4b34839b2e1dec453b3ef0a38ffce,257162,Major 3.0.1 kill-map export on Defects4J 3.0.1 fixed revision
JacksonCore,2,mutants.log,canonical_maps/JacksonCore-2/mutants.log,canonical_included,f933f6659e013499a6e026a7fccb604e944f420c308bf3105e3e4b358a25bd1c,829818,Major 3.0.1 kill-map export on Defects4J 3.0.1 fixed revision
JacksonCore,2,trigger_tests.txt,canonical_maps/JacksonCore-2/trigger_tests.txt,canonical_included,3177cf5d233189c1fc4fe2d4a7735fb8a5acc4d734cb68c48eeacafeb95f9fea,5758,Major 3.0.1 kill-map export on Defects4J 3.0.1 fixed revision
Collections,15,testMap.csv,canonical_maps/Collections-15/testMap.csv,canonical_included,521a3a7bc280c402853bf11fec8a38ba7adea99e7b16a0e417b76d776ee935c7,5865,Major 3.0.1 kill-map export on Defects4J 3.0.1 fixed revision
Collections,15,covMap.csv,canonical_maps/Collections-15/covMap.csv,canonical_included,5ddc57626af5b49014cb9308e2bea3a9db6cfe02aef94e2e28414a3c290b0831,5734,Major 3.0.1 kill-map export on Defects4J 3.0.1 fixed revision
Collections,15,killMap.csv,canonical_maps/Collections-15/killMap.csv,canonical_included,4ad597978eec5f16dd24b2cd78a0a5de4736a4eccd174853e7c02b10af776a11,4943,Major 3.0.1 kill-map export on Defects4J 3.0.1 fixed revision
Collections,15,mutants.log,canonical_maps/Collections-15/mutants.log,canonical_included,57d399e54896d11a72026a47a52a8d134dd0aaa90ffb1f182d7c55da7fc6650d,9089,Major 3.0.1 kill-map export on Defects4J 3.0.1 fixed revision
Collections,15,trigger_tests.txt,canonical_maps/Collections-15/trigger_tests.txt,canonical_included,25afecfe70369459edcc3818d9b5ced6e43fe56c78f45a1711da7bbc0c7da3ad,2939,Major 3.0.1 kill-map export on Defects4J 3.0.1 fixed revision
Closure,101,testMap.csv,canonical_maps/Closure-101/testMap.csv,canonical_included,1e47b8be6346673e87d1989d6c74b3df4a99da5de56eec1abf073a51e1731699,1687,Major 3.0.1 kill-map export on Defects4J 3.0.1 fixed revision
Closure,101,covMap.csv,canonical_maps/Closure-101/covMap.csv,canonical_included,43bbc5deec64bb1eacdbec0e71650776010c37fcaf6e740f742d43ed48996103,3515,Major 3.0.1 kill-map export on Defects4J 3.0.1 fixed revision
Closure,101,killMap.csv,canonical_maps/Closure-101/killMap.csv,canonical_included,a47096ec1c012a01de3ffe177c033c6983e5f01f04c867124a05f7fa17b4c8b1,2463,Major 3.0.1 kill-map export on Defects4J 3.0.1 fixed revision
Closure,101,mutants.log,canonical_maps/Closure-101/mutants.log,canonical_included,8da33cd59de174399a4c54704db19ee567ab31c9fd6bfcd13346d757cf5fe460,12100,Major 3.0.1 kill-map export on Defects4J 3.0.1 fixed revision
Closure,101,trigger_tests.txt,canonical_maps/Closure-101/trigger_tests.txt,canonical_included,eb77fdff60c003b31fe1a6ee6a9c5511558dca9c7a5a91350a661456f5d79540,4013,Major 3.0.1 kill-map export on Defects4J 3.0.1 fixed revision
Math,5,testMap.csv,canonical_maps/Math-5/testMap.csv,canonical_included,d6497d96b6b0c3b49b60314fa6806b2d085ffc32f2bdde29039bc7ffd6f5ec9d,21416,Major 3.0.1 kill-map export on Defects4J 3.0.1 fixed revision
Math,5,covMap.csv,canonical_maps/Math-5/covMap.csv,canonical_included,eeba3644840528d379c933f0882f5cc7a6c448c2f2747b387b3bdf0bfce49c06,71339,Major 3.0.1 kill-map export on Defects4J 3.0.1 fixed revision
Math,5,killMap.csv,canonical_maps/Math-5/killMap.csv,canonical_included,5fe73579c77b12723f4d9b03a316f2480cd6de42c5b0f8df60758229ea0920e2,36828,Major 3.0.1 kill-map export on Defects4J 3.0.1 fixed revision
Math,5,mutants.log,canonical_maps/Math-5/mutants.log,canonical_included,9e08cb8f1c417c3d7b6abe9ad72b1d7bbc3cb7058c914c2413df6ad5a6d64cf3,108155,Major 3.0.1 kill-map export on Defects4J 3.0.1 fixed revision
Math,5,trigger_tests.txt,canonical_maps/Math-5/trigger_tests.txt,canonical_included,e83295481f372c42a84f18fdffec5033da9a1277a18d2ad0534b11c5ae087655,3401,Major 3.0.1 kill-map export on Defects4J 3.0.1 fixed revision
JacksonCore,13,testMap.csv,canonical_maps/JacksonCore-13/testMap.csv,canonical_included,caceb83b76a9b8ef653d3a1ff5e061d78f30ceda0eba2db7c05f069067282e3c,25064,Major 3.0.1 kill-map export on Defects4J 3.0.1 fixed revision
JacksonCore,13,covMap.csv,canonical_maps/JacksonCore-13/covMap.csv,canonical_included,736e602f7c79783f2ea8565a80797beb3ebddd705fe84ad70c9c0352ad4e0b37,2422,Major 3.0.1 kill-map export on Defects4J 3.0.1 fixed revision
JacksonCore,13,killMap.csv,canonical_maps/JacksonCore-13/killMap.csv,canonical_included,c0d689201eaaad332f2fcda2decca60a06703519be9c37dbbe6b9f099bfd4350,424,Major 3.0.1 kill-map export on Defects4J 3.0.1 fixed revision
JacksonCore,13,mutants.log,canonical_maps/JacksonCore-13/mutants.log,canonical_included,6e7329135e529672daa8a6c722fe48f6815b1eb866fe03e9e3b8b110139367cc,5614,Major 3.0.1 kill-map export on Defects4J 3.0.1 fixed revision
JacksonCore,13,trigger_tests.txt,canonical_maps/JacksonCore-13/trigger_tests.txt,canonical_included,7fb2e8ec7166288ec08d648f69a9f380a0d096b03a51eea0dd73650cb7a80931,2953,Major 3.0.1 kill-map export on Defects4J 3.0.1 fixed revision
Closure,74,testMap.csv,canonical_maps/Closure-74/testMap.csv,canonical_included,0e1f6cbb5dae04672a7f574b007edc77b70ca7ababf5bf679e7a1a0235fd9d32,13904,Major 3.0.1 kill-map export on Defects4J 3.0.1 fixed revision
Closure,74,covMap.csv,canonical_maps/Closure-74/covMap.csv,canonical_included,571c07f85b93c157e530e434b0fa93b5bbb9fd8c39d4f5f5e07f024d8c78fb20,62130,Major 3.0.1 kill-map export on Defects4J 3.0.1 fixed revision
Closure,74,killMap.csv,canonical_maps/Closure-74/killMap.csv,canonical_included,ce59b0ecc75c7444078cd8c7961e8b16fd77ecea0181fba523fd482ff42aa852,30587,Major 3.0.1 kill-map export on Defects4J 3.0.1 fixed revision
Closure,74,mutants.log,canonical_maps/Closure-74/mutants.log,canonical_included,a228c183e3b0b89076ef58d5080712faa086a29344c8678d0df4e7729b67c60e,273471,Major 3.0.1 kill-map export on Defects4J 3.0.1 fixed revision
Closure,74,trigger_tests.txt,canonical_maps/Closure-74/trigger_tests.txt,canonical_included,4813beafaf782e57492f2f768d07f54abb4453e2430fbc59d3073ba40fa7cb32,10380,Major 3.0.1 kill-map export on Defects4J 3.0.1 fixed revision
Math,9,testMap.csv,canonical_maps/Math-9/testMap.csv,canonical_included,50ce09e08c0f59fffa8f03d70331285b2635fb29ae73f2337aeae4a1f8094491,3036,Major 3.0.1 kill-map export on Defects4J 3.0.1 fixed revision
Math,9,covMap.csv,canonical_maps/Math-9/covMap.csv,canonical_included,fe1f36f75e2f193261de0b939d54dcfb501b1d07b9007c64619e1f638605f5db,5290,Major 3.0.1 kill-map export on Defects4J 3.0.1 fixed revision
Math,9,killMap.csv,canonical_maps/Math-9/killMap.csv,canonical_included,314a6bf6f3ce3d2e5a8c9c2533a5d0e50149bb13377f45dd09ee1d5019311f49,5312,Major 3.0.1 kill-map export on Defects4J 3.0.1 fixed revision
Math,9,mutants.log,canonical_maps/Math-9/mutants.log,canonical_included,63d77c7044235223e16a020a68730c5c3f81cfd81a885874586768dbd1aeb432,20382,Major 3.0.1 kill-map export on Defects4J 3.0.1 fixed revision
Math,9,trigger_tests.txt,canonical_maps/Math-9/trigger_tests.txt,canonical_included,33977382ae2edd4a71b1a0bb1ed698e09cd96196b7e488b4a3d01bb3cc892ff2,3458,Major 3.0.1 kill-map export on Defects4J 3.0.1 fixed revision
Time,11,testMap.csv,canonical_maps/Time-11/testMap.csv,canonical_included,c142eec83290da900a6eca7054a417c2cd3afe95ccde9f02959958f642db3808,439,Major 3.0.1 kill-map export on Defects4J 3.0.1 fixed revision
Time,11,covMap.csv,canonical_maps/Time-11/covMap.csv,canonical_included,499bb79e11afce473f1d19fad2488b256778448b9ce016f48220b68d44c45708,3387,Major 3.0.1 kill-map export on Defects4J 3.0.1 fixed revision
Time,11,killMap.csv,canonical_maps/Time-11/killMap.csv,canonical_included,0102307b9a81bec71d55d195b9b9979aebc547a9b8d1efbab81857fcd525be4a,3367,Major 3.0.1 kill-map export on Defects4J 3.0.1 fixed revision
Time,11,mutants.log,canonical_maps/Time-11/mutants.log,canonical_included,0362c0f5a03449fe0357771ee9e19f933eacf9873823bd504b9200400acc69c6,82357,Major 3.0.1 kill-map export on Defects4J 3.0.1 fixed revision
Time,11,trigger_tests.txt,canonical_maps/Time-11/trigger_tests.txt,canonical_included,3aaa95df45f025c31674c1c231ac7838b5d9f90f26357df242d4bd78a2cd0a6c,2812,Major 3.0.1 kill-map export on Defects4J 3.0.1 fixed revision
Math,70,testMap.csv,canonical_maps/Math-70/testMap.csv,canonical_included,251c874e11dbeb7416a0015d515d50898ea90baa88af36e3f0dc57017f86c410,1528,Major 3.0.1 kill-map export on Defects4J 3.0.1 fixed revision
Math,70,covMap.csv,canonical_maps/Math-70/covMap.csv,canonical_included,75d4614638ac9e3ae48c378fb0b286922f1b5f9ef6b9c2d058906fbe8b0eadc0,824,Major 3.0.1 kill-map export on Defects4J 3.0.1 fixed revision
Math,70,killMap.csv,canonical_maps/Math-70/killMap.csv,canonical_included,8a3e235239df0a73ddea8592cc9ed4f661555c7b18606b9a58671af511e9a7b1,765,Major 3.0.1 kill-map export on Defects4J 3.0.1 fixed revision
Math,70,mutants.log,canonical_maps/Math-70/mutants.log,canonical_included,8505894b7b92d0eacfd2a387a240d5b6b8c9f0318e8e19423688442402c33266,6850,Major 3.0.1 kill-map export on Defects4J 3.0.1 fixed revision
Math,70,trigger_tests.txt,canonical_maps/Math-70/trigger_tests.txt,canonical_included,15917eebda23cc116cadfec2b98f54c73bbd359e13387fb9a96ba583c884b26f,2848,Major 3.0.1 kill-map export on Defects4J 3.0.1 fixed revision
Lang,40,testMap.csv,canonical_maps/Lang-40/testMap.csv,canonical_included,7f081847b48d75c8462a037d4e3ccc0c7591e75514a4fe9f3af161764e08cd96,38300,Major 3.0.1 kill-map export on Defects4J 3.0.1 fixed revision
Lang,40,covMap.csv,canonical_maps/Lang-40/covMap.csv,canonical_included,38198993a866f17deb6bc621e0fac12d4a103386fbbaed016273f50508ce39ea,58308,Major 3.0.1 kill-map export on Defects4J 3.0.1 fixed revision
Lang,40,killMap.csv,canonical_maps/Lang-40/killMap.csv,canonical_included,2d4a4503f59e3a86909b9a175596338639c11ffb0714d75b5d8cbd14d4c64a4d,55161,Major 3.0.1 kill-map export on Defects4J 3.0.1 fixed revision
Lang,40,mutants.log,canonical_maps/Lang-40/mutants.log,canonical_included,c42d52045f4dc74d323e30dc992cddf4d25a4f7bf41b4c6b540036e669bfd5c9,430380,Major 3.0.1 kill-map export on Defects4J 3.0.1 fixed revision
Lang,40,trigger_tests.txt,canonical_maps/Lang-40/trigger_tests.txt,canonical_included,b5a70ec4f9ca820f26e75e5cc705483114a34b9914d303f872b3f7b1bd92427c,2861,Major 3.0.1 kill-map export on Defects4J 3.0.1 fixed revision
Gson,1,testMap.csv,canonical_maps/Gson-1/testMap.csv,canonical_included,8ae9359506e94eb24a961b7536f9178979b2065a4d4c9e74ac598967477601c0,39241,Major 3.0.1 kill-map export on Defects4J 3.0.1 fixed revision
Gson,1,covMap.csv,canonical_maps/Gson-1/covMap.csv,canonical_included,9adf10916ef6781f368837108b0f84eaca88aa201392d0f795e3d2da00d06751,3208,Major 3.0.1 kill-map export on Defects4J 3.0.1 fixed revision
Gson,1,killMap.csv,canonical_maps/Gson-1/killMap.csv,canonical_included,af9ea6372cc568caea6bb9a4357f79ca926ffee2bbc17cf416b053f660987075,3017,Major 3.0.1 kill-map export on Defects4J 3.0.1 fixed revision
Gson,1,mutants.log,canonical_maps/Gson-1/mutants.log,canonical_included,7909e1473fe7cfad2dcbf0c857f7b6b0039b7b31669863e98a68a99a61150607,8106,Major 3.0.1 kill-map export on Defects4J 3.0.1 fixed revision
Gson,1,trigger_tests.txt,canonical_maps/Gson-1/trigger_tests.txt,canonical_included,79ee7d46ede6bc5722a961bc665ddf42845fffb5c30b411cfe0868174ce1f7c6,3326,Major 3.0.1 kill-map export on Defects4J 3.0.1 fixed revision
JacksonXml,2,testMap.csv,canonical_maps/JacksonXml-2/testMap.csv,canonical_included,18c226e3520d6880eb284aa90f7331ed8e152f652504e0175523e31fa6b9e963,9523,Major 3.0.1 kill-map export on Defects4J 3.0.1 fixed revision
JacksonXml,2,covMap.csv,canonical_maps/JacksonXml-2/covMap.csv,canonical_included,3045f2d3ed1117d09680903151907d11d23583aac5a7655305541f6cdab1b48b,33061,Major 3.0.1 kill-map export on Defects4J 3.0.1 fixed revision
JacksonXml,2,killMap.csv,canonical_maps/JacksonXml-2/killMap.csv,canonical_included,4e17dffdcde312d8a7195dd5d19b17d5bad5ad02d0a4cfb974036ca0dd986604,23701,Major 3.0.1 kill-map export on Defects4J 3.0.1 fixed revision
JacksonXml,2,mutants.log,canonical_maps/JacksonXml-2/mutants.log,canonical_included,33a610cd568d3adc63f61105d04e4328fd3aaeca3cf53aa394ac97551d0bc06b,32777,Major 3.0.1 kill-map export on Defects4J 3.0.1 fixed revision
JacksonXml,2,trigger_tests.txt,canonical_maps/JacksonXml-2/trigger_tests.txt,canonical_included,8b0028a233b0dcdeeb7680c6b9b98d60b98d914ba0278808b2e8cd8b513783c8,2929,Major 3.0.1 kill-map export on Defects4J 3.0.1 fixed revision
Cli,3,testMap.csv,canonical_maps/Cli-3/testMap.csv,canonical_included,6ede78604dc5590d4e3174e98d7d13c830ca7796186db5f88ebaf8435922134d,95,Major 3.0.1 kill-map export on Defects4J 3.0.1 fixed revision
Cli,3,covMap.csv,canonical_maps/Cli-3/covMap.csv,canonical_included,ee25005eac52daf08491861997d0e63ca6e1b55b73cd53997dd7ee5ca327790b,77,Major 3.0.1 kill-map export on Defects4J 3.0.1 fixed revision
Cli,3,killMap.csv,canonical_maps/Cli-3/killMap.csv,canonical_included,8b3004854467beb32dba3f366a6325441cef9afd7c9ad598b35d2c5756ab2658,110,Major 3.0.1 kill-map export on Defects4J 3.0.1 fixed revision
Cli,3,mutants.log,canonical_maps/Cli-3/mutants.log,canonical_included,e01478e4043e4585573fd4022c5f1afde61c3d954100cc1ca60911a4578952bc,4041,Major 3.0.1 kill-map export on Defects4J 3.0.1 fixed revision
Cli,3,trigger_tests.txt,canonical_maps/Cli-3/trigger_tests.txt,canonical_included,2a50ad531af2e4d3594c1b26f04879bba0badd18078c0952404787a413fbd1a5,2835,Major 3.0.1 kill-map export on Defects4J 3.0.1 fixed revision
JacksonCore,17,testMap.csv,canonical_maps/JacksonCore-17/testMap.csv,canonical_included,c9facc8ae4247653c66c94a7024291e23ba0e6f77ff29e8900506a029de41611,25660,Major 3.0.1 kill-map export on Defects4J 3.0.1 fixed revision
JacksonCore,17,covMap.csv,canonical_maps/JacksonCore-17/covMap.csv,canonical_included,485c5469deb7ce6e4ac837414191dd0fef9ac42586977fbe82224f69fe08daf9,65428,Major 3.0.1 kill-map export on Defects4J 3.0.1 fixed revision
JacksonCore,17,killMap.csv,canonical_maps/JacksonCore-17/killMap.csv,canonical_included,e1e538f68c3feb2f48ce33fe27cc298173d9da16ff8956f5133f555a34526f8e,35404,Major 3.0.1 kill-map export on Defects4J 3.0.1 fixed revision
JacksonCore,17,mutants.log,canonical_maps/JacksonCore-17/mutants.log,canonical_included,11eac9212e3987eec2af5a232769419a1b7f72d34ee90aedbf5b9ff482a3feb8,377768,Major 3.0.1 kill-map export on Defects4J 3.0.1 fixed revision
JacksonCore,17,trigger_tests.txt,canonical_maps/JacksonCore-17/trigger_tests.txt,canonical_included,c6af651a3a3d755b0711cd16c96d2d7f989c81ac7e4858080a463b974d871996,3369,Major 3.0.1 kill-map export on Defects4J 3.0.1 fixed revision
JacksonCore,26,testMap.csv,canonical_maps/JacksonCore-26/testMap.csv,canonical_included,754af9864d871502cefe26170b94eab47da48debb2f45a3842f202f21285c701,47195,Major 3.0.1 kill-map export on Defects4J 3.0.1 fixed revision
JacksonCore,26,covMap.csv,canonical_maps/JacksonCore-26/covMap.csv,canonical_included,ff1b359889d69e7b89affe91053b0b11008fa8058b2cdba3e2f7a6f22e3b5d22,211574,Major 3.0.1 kill-map export on Defects4J 3.0.1 fixed revision
JacksonCore,26,killMap.csv,canonical_maps/JacksonCore-26/killMap.csv,canonical_included,ce631b796a9283b9124eb3089b96e46dc6eee8c36c64f19d7475edb1ee10fda6,162773,Major 3.0.1 kill-map export on Defects4J 3.0.1 fixed revision
JacksonCore,26,mutants.log,canonical_maps/JacksonCore-26/mutants.log,canonical_included,aa58a0307bcfbf0c99beb10cc6b4da0ee7838a8de88ef2707af8afd13cf45d34,523560,Major 3.0.1 kill-map export on Defects4J 3.0.1 fixed revision
JacksonCore,26,trigger_tests.txt,canonical_maps/JacksonCore-26/trigger_tests.txt,canonical_included,11e9888016bbb969cdc31cf9ba0c6b1b4f27db6a69d5c94f18f52943fba2efea,2944,Major 3.0.1 kill-map export on Defects4J 3.0.1 fixed revision
Gson,8,testMap.csv,canonical_maps/Gson-8/testMap.csv,canonical_included,158014b77370dd53260023e7ac948701bf25d945543ffdf83a46e1711ef06e1e,38867,Major 3.0.1 kill-map export on Defects4J 3.0.1 fixed revision
Gson,8,covMap.csv,canonical_maps/Gson-8/covMap.csv,canonical_included,9ecc496371218955c4c264410d0f33288816cf5b523ed27b037a1198d8cc739f,2337,Major 3.0.1 kill-map export on Defects4J 3.0.1 fixed revision
Gson,8,killMap.csv,canonical_maps/Gson-8/killMap.csv,canonical_included,9c4ed226b76b873071182e02578143d727f1b07ad20d8e851719dab7609d686c,1440,Major 3.0.1 kill-map export on Defects4J 3.0.1 fixed revision
Gson,8,mutants.log,canonical_maps/Gson-8/mutants.log,canonical_included,59ab554929a213ed0c23d06b99506c8e3d9685ad6fa55307fae3a14b7ea65a17,1971,Major 3.0.1 kill-map export on Defects4J 3.0.1 fixed revision
Gson,8,trigger_tests.txt,canonical_maps/Gson-8/trigger_tests.txt,canonical_included,0bf0d9e8a5d706e04ad24bd9d3ba87237d4359d4d24137cc22024354af826034,6030,Major 3.0.1 kill-map export on Defects4J 3.0.1 fixed revision
Closure,83,testMap.csv,canonical_maps/Closure-83/testMap.csv,canonical_included,17a17fd5c2856dbfeb4283f1fffb4133876c66e841c785f186de54a0d5af608d,4194,Major 3.0.1 kill-map export on Defects4J 3.0.1 fixed revision
Closure,83,covMap.csv,canonical_maps/Closure-83/covMap.csv,canonical_included,06dc75f80a41e8104b2e73a4c58d42e64a077124e16c60ef789e15ea7bcb0731,15196,Major 3.0.1 kill-map export on Defects4J 3.0.1 fixed revision
Closure,83,killMap.csv,canonical_maps/Closure-83/killMap.csv,canonical_included,d37a40bdf34422ca8a18df9837dfae85e97d065c5afed832a1d209a0db92d5c1,10306,Major 3.0.1 kill-map export on Defects4J 3.0.1 fixed revision
Closure,83,mutants.log,canonical_maps/Closure-83/mutants.log,canonical_included,7202c67042ae5dbacf14f9d1c724ce648bddf87745f8cb326f7e11274c5ddc96,17585,Major 3.0.1 kill-map export on Defects4J 3.0.1 fixed revision
Closure,83,trigger_tests.txt,canonical_maps/Closure-83/trigger_tests.txt,canonical_included,b481b6a4197af0de67a7e154be0b2a99bb58102e22022f82ad8797e0bf7954ef,3256,Major 3.0.1 kill-map export on Defects4J 3.0.1 fixed revision
Lang,12,testMap.csv,canonical_maps/Lang-12/testMap.csv,canonical_included,c96a42fa82f2a94d0adb7198b7f24203f95971ce5bd1d4387a37221efbc9aaf1,727,Major 3.0.1 kill-map export on Defects4J 3.0.1 fixed revision
Lang,12,covMap.csv,canonical_maps/Lang-12/covMap.csv,canonical_included,b40ac9d6a4783373c69a56832743df6172a79f22e0927c4f9735d11f5801d59d,2732,Major 3.0.1 kill-map export on Defects4J 3.0.1 fixed revision
Lang,12,killMap.csv,canonical_maps/Lang-12/killMap.csv,canonical_included,a780bcde041158b2d31edfa0113d2ceaf2b1f749ef9da336119c1018276d56db,2275,Major 3.0.1 kill-map export on Defects4J 3.0.1 fixed revision
Lang,12,mutants.log,canonical_maps/Lang-12/mutants.log,canonical_included,a53c72b32142dac46d6786ecf5b5f5afd5acff418d6b6ad4efe9685c8f728562,33060,Major 3.0.1 kill-map export on Defects4J 3.0.1 fixed revision
Lang,12,trigger_tests.txt,canonical_maps/Lang-12/trigger_tests.txt,canonical_included,afa34930b168f61b4b3d4f6cd01aa391c2cb9d1f1bba6aa19e9ba29f7c51751c,5388,Major 3.0.1 kill-map export on Defects4J 3.0.1 fixed revision
Math,77,testMap.csv,canonical_maps/Math-77/testMap.csv,canonical_included,27a5b5939221730b2c70df0cd1c7f9018b8503ebf74af3048df0de27a1ae601b,27898,Major 3.0.1 kill-map export on Defects4J 3.0.1 fixed revision
Math,77,covMap.csv,canonical_maps/Math-77/covMap.csv,canonical_included,83b067ff9dd5347c811adc4b055bf32ea48731cc55720ca92531fad9eb69936b,33801,Major 3.0.1 kill-map export on Defects4J 3.0.1 fixed revision
Math,77,killMap.csv,canonical_maps/Math-77/killMap.csv,canonical_included,153e7c3228010565d01f78cf07429da0bae97d947ec0ed4a5588075da22f5af0,28476,Major 3.0.1 kill-map export on Defects4J 3.0.1 fixed revision
Math,77,mutants.log,canonical_maps/Math-77/mutants.log,canonical_included,f746c002b1b7b03d1fefcd1341a1db4d07be00068945742b8f8180d71a25954b,170909,Major 3.0.1 kill-map export on Defects4J 3.0.1 fixed revision
Math,77,trigger_tests.txt,canonical_maps/Math-77/trigger_tests.txt,canonical_included,22eedff55a8f2d9678501f8de1216937a068d47fb7c4959d4d32bcf8b5359126,5691,Major 3.0.1 kill-map export on Defects4J 3.0.1 fixed revision
Jsoup,49,testMap.csv,canonical_maps/Jsoup-49/testMap.csv,canonical_included,697b0340a55a1f7b41d97ae53d799d643429a242359bd70821e9002104e688b2,25048,Major 3.0.1 kill-map export on Defects4J 3.0.1 fixed revision
Jsoup,49,covMap.csv,canonical_maps/Jsoup-49/covMap.csv,canonical_included,2f42acb1a7216142fe60bfda0c197f1d1213776101b6d647cababbf48a3695bc,107173,Major 3.0.1 kill-map export on Defects4J 3.0.1 fixed revision
Jsoup,49,killMap.csv,canonical_maps/Jsoup-49/killMap.csv,canonical_included,03927c37c9af903be5338c3a0acc968b50c49fce8327675a21a350fbfb0d50de,114294,Major 3.0.1 kill-map export on Defects4J 3.0.1 fixed revision
Jsoup,49,mutants.log,canonical_maps/Jsoup-49/mutants.log,canonical_included,7f646318d82416fa360ca882cd7f7a79de149c102716ceb485c5f85efe05d563,31606,Major 3.0.1 kill-map export on Defects4J 3.0.1 fixed revision
Jsoup,49,trigger_tests.txt,canonical_maps/Jsoup-49/trigger_tests.txt,canonical_included,bbd5ada711b44947a0657e003ccf6e8315eb92a168c6b5eeb187bc3c8cc63555,3414,Major 3.0.1 kill-map export on Defects4J 3.0.1 fixed revision
Csv,6,testMap.csv,canonical_maps/Csv-6/testMap.csv,canonical_included,a122227b01823f1992f3e89ac1a60e5c95d45d7f297209aba7692571ab3d8b6b,7529,Major 3.0.1 kill-map export on Defects4J 3.0.1 fixed revision
Csv,6,covMap.csv,canonical_maps/Csv-6/covMap.csv,canonical_included,2f183c0762ca09121e5bc19a97e762ea743ffa8df0b0be4ef66d9ea596b67610,1404,Major 3.0.1 kill-map export on Defects4J 3.0.1 fixed revision
Csv,6,killMap.csv,canonical_maps/Csv-6/killMap.csv,canonical_included,d77108ca1015d92232496b4a63fb630171d4afd027ffb0baffaf4de377d5dec6,908,Major 3.0.1 kill-map export on Defects4J 3.0.1 fixed revision
Csv,6,mutants.log,canonical_maps/Csv-6/mutants.log,canonical_included,2c970e9aea2b168a00cbdfab75a8467415b1efe823808ae43c81cd712afeaae7,3601,Major 3.0.1 kill-map export on Defects4J 3.0.1 fixed revision
Csv,6,trigger_tests.txt,canonical_maps/Csv-6/trigger_tests.txt,canonical_included,1fc4af95e0f68ded67c560d2f94c48a39744786c0c52112d02edb880a4610837,3364,Major 3.0.1 kill-map export on Defects4J 3.0.1 fixed revision
Lang,43,testMap.csv,canonical_maps/Lang-43/testMap.csv,canonical_included,0fb3ca610d09918ba846568d43c2cc111f46f0d38561ccd05829a16b762e63d1,630,Major 3.0.1 kill-map export on Defects4J 3.0.1 fixed revision
Lang,43,covMap.csv,canonical_maps/Lang-43/covMap.csv,canonical_included,0da9d527ef789e6cf2621fc6f96e2da70dfae728ef0dce1c40e851290341e03f,3859,Major 3.0.1 kill-map export on Defects4J 3.0.1 fixed revision
Lang,43,killMap.csv,canonical_maps/Lang-43/killMap.csv,canonical_included,5e76fe0b34fcce587ffc5adf2dd40a67f0db69d058a9a818f7078117bc6d227f,3418,Major 3.0.1 kill-map export on Defects4J 3.0.1 fixed revision
Lang,43,mutants.log,canonical_maps/Lang-43/mutants.log,canonical_included,d918b555ef7b9f92bafb854050bf9293d0ce25d255f5a7729c99bc0fc4b09703,43272,Major 3.0.1 kill-map export on Defects4J 3.0.1 fixed revision
Lang,43,trigger_tests.txt,canonical_maps/Lang-43/trigger_tests.txt,canonical_included,595b42903e480a314d8d02171c86e08177c9ee6b9a686097bfca424e4fbb068f,2567,Major 3.0.1 kill-map export on Defects4J 3.0.1 fixed revision
Math,67,testMap.csv,canonical_maps/Math-67/testMap.csv,canonical_included,027933d4e554590fa76d63cb20e0da7482ad1b61196acca0464de1d943e9790e,210,Major 3.0.1 kill-map export on Defects4J 3.0.1 fixed revision
Math,67,covMap.csv,canonical_maps/Math-67/covMap.csv,canonical_included,f44902e1ecf8b141c68d7e7800834ec53ac6f98950c38f39eafa1d4376ee5ec0,1419,Major 3.0.1 kill-map export on Defects4J 3.0.1 fixed revision
Math,67,killMap.csv,canonical_maps/Math-67/killMap.csv,canonical_included,e612ecc88c83f15fc1109103b3f48f83b08c8ff3bf14a60966b8b1e347e335c5,1579,Major 3.0.1 kill-map export on Defects4J 3.0.1 fixed revision
Math,67,mutants.log,canonical_maps/Math-67/mutants.log,canonical_included,e46ec4a97bd1459eb782327e5d7087ab2256ee15c3b280da63cb7e50a85e844c,49857,Major 3.0.1 kill-map export on Defects4J 3.0.1 fixed revision
Math,67,trigger_tests.txt,canonical_maps/Math-67/trigger_tests.txt,canonical_included,78650b3f625590851a89a4e0db1313dff914dc8f7a6bc046ec56691ba16c4f6b,3485,Major 3.0.1 kill-map export on Defects4J 3.0.1 fixed revision
JacksonDatabind,51,testMap.csv,canonical_maps/JacksonDatabind-51/testMap.csv,canonical_included,fe9f875be0c70c26f653fce998e3738415aba4974f39648192d36168bfc04ad0,29922,Major 3.0.1 kill-map export on Defects4J 3.0.1 fixed revision
JacksonDatabind,51,covMap.csv,canonical_maps/JacksonDatabind-51/covMap.csv,canonical_included,78ea713b2c1a8e4ad24729b816dc901a213c9aa27ddeee3ef7ccaeaab12b7b2a,18562,Major 3.0.1 kill-map export on Defects4J 3.0.1 fixed revision
JacksonDatabind,51,killMap.csv,canonical_maps/JacksonDatabind-51/killMap.csv,canonical_included,900005875ba34a7c94f5733fe216b6ff4204b17a5db4371629a46d827c5b7940,11004,Major 3.0.1 kill-map export on Defects4J 3.0.1 fixed revision
JacksonDatabind,51,mutants.log,canonical_maps/JacksonDatabind-51/mutants.log,canonical_included,a0b7953712b65d213c8f1456dce9b60251676d1ee19aaec5ca7ec1f36084a919,11793,Major 3.0.1 kill-map export on Defects4J 3.0.1 fixed revision
JacksonDatabind,51,trigger_tests.txt,canonical_maps/JacksonDatabind-51/trigger_tests.txt,canonical_included,ea6fbf9627f1fe905050dc65026b1481b2b97c6caf035f51bd91d34c83f98c2e,5523,Major 3.0.1 kill-map export on Defects4J 3.0.1 fixed revision
JacksonXml,6,testMap.csv,canonical_maps/JacksonXml-6/testMap.csv,canonical_included,ec6c0308d193ce634001c3c42957e36950f41f5e585d805bb241a203ce63bb05,16066,Major 3.0.1 kill-map export on Defects4J 3.0.1 fixed revision
JacksonXml,6,covMap.csv,canonical_maps/JacksonXml-6/covMap.csv,canonical_included,660e8fa80d499941a2f920bc08e5be1333bbbf26a6904445b5c226f4dd38e141,69726,Major 3.0.1 kill-map export on Defects4J 3.0.1 fixed revision
JacksonXml,6,killMap.csv,canonical_maps/JacksonXml-6/killMap.csv,canonical_included,bb51d56c4161c5774f6624dc52ba84f25c9099f898bfbeb93030518881df119d,43649,Major 3.0.1 kill-map export on Defects4J 3.0.1 fixed revision
JacksonXml,6,mutants.log,canonical_maps/JacksonXml-6/mutants.log,canonical_included,41824bfb6ac94de825ef56b534de5880d0fe0fdae4ac15d03a8395c540d587dd,94914,Major 3.0.1 kill-map export on Defects4J 3.0.1 fixed revision
JacksonXml,6,trigger_tests.txt,canonical_maps/JacksonXml-6/trigger_tests.txt,canonical_included,09d0c6dad2f95ba94d5e8657247cbaa8b644d3a7112c83786f4a162daf1a66bf,22663,Major 3.0.1 kill-map export on Defects4J 3.0.1 fixed revision
Math,49,testMap.csv,canonical_maps/Math-49/testMap.csv,canonical_included,63b4f8b1a65be7de946f71119b7709771ad3c690a3a699d0ff2399353278e5be,2740,Major 3.0.1 kill-map export on Defects4J 3.0.1 fixed revision
Math,49,covMap.csv,canonical_maps/Math-49/covMap.csv,canonical_included,8cb3e0bb1b86080edf96cc95ad5895d315cd318058a3de0987e52828e106775c,4030,Major 3.0.1 kill-map export on Defects4J 3.0.1 fixed revision
Math,49,killMap.csv,canonical_maps/Math-49/killMap.csv,canonical_included,eb9492b46ab4d250670cff4d284ca998c6f405c55d541838c19ea7ddd717727f,3703,Major 3.0.1 kill-map export on Defects4J 3.0.1 fixed revision
Math,49,mutants.log,canonical_maps/Math-49/mutants.log,canonical_included,fd14f0d8340abd990a3f70148025655531230e385123ceabb5fda55d6098c9d1,73714,Major 3.0.1 kill-map export on Defects4J 3.0.1 fixed revision
Math,49,trigger_tests.txt,canonical_maps/Math-49/trigger_tests.txt,canonical_included,b58ba2b4fe55d05d4501f9069166b9757c76bd4182770d5dc0193a520888afc6,3649,Major 3.0.1 kill-map export on Defects4J 3.0.1 fixed revision
Chart,3,testMap.csv,canonical_maps/Chart-3/testMap.csv,canonical_included,4faf126071081fa86be9dcfb19dee21009868205c1ff2368342c6faddcb848e1,5611,Major 3.0.1 kill-map export on Defects4J 3.0.1 fixed revision
Chart,3,covMap.csv,canonical_maps/Chart-3/covMap.csv,canonical_included,54b3dcf32331b0e84d2f903f1da540639d8d316f8f8330d46ee0242b6e35f966,34702,Major 3.0.1 kill-map export on Defects4J 3.0.1 fixed revision
Chart,3,killMap.csv,canonical_maps/Chart-3/killMap.csv,canonical_included,effbc90a76bd1aa2f9765678b6be6b5d4a86aab2800de6e269a957260844bcec,18497,Major 3.0.1 kill-map export on Defects4J 3.0.1 fixed revision
Chart,3,mutants.log,canonical_maps/Chart-3/mutants.log,canonical_included,6abe57a097629e54a68e02821734b8629010e3068be9a927218c6a6d1b5b55ac,91140,Major 3.0.1 kill-map export on Defects4J 3.0.1 fixed revision
Chart,3,trigger_tests.txt,canonical_maps/Chart-3/trigger_tests.txt,canonical_included,a7ed95f72d5a934edc466cea379d8f85295c5add2e133f9464d27fe32876a3c1,2859,Major 3.0.1 kill-map export on Defects4J 3.0.1 fixed revision
Csv,7,testMap.csv,canonical_maps/Csv-7/testMap.csv,canonical_included,8035e2fee095666dfd88d6eaf755d3e54c3c9ece27d76d11a76063d4e6c10bdb,10326,Major 3.0.1 kill-map export on Defects4J 3.0.1 fixed revision
Csv,7,covMap.csv,canonical_maps/Csv-7/covMap.csv,canonical_included,d341e2acb199496eff414078286e059802660d063f674f035e1019a24fb4e3be,9078,Major 3.0.1 kill-map export on Defects4J 3.0.1 fixed revision
Csv,7,killMap.csv,canonical_maps/Csv-7/killMap.csv,canonical_included,737cf16f4dafce095fc18ff2aa25454db20c81bd5079afe8b6757d63fc64e85e,9066,Major 3.0.1 kill-map export on Defects4J 3.0.1 fixed revision
Csv,7,mutants.log,canonical_maps/Csv-7/mutants.log,canonical_included,de955bade65ef47625352c70dd6f038b4c2d8841b7829d1e812354d8989a4633,9876,Major 3.0.1 kill-map export on Defects4J 3.0.1 fixed revision
Csv,7,trigger_tests.txt,canonical_maps/Csv-7/trigger_tests.txt,canonical_included,9d9c55bd6858b203eb7b7deaaaa59cb1fff601385632f096072d73fef43c0f6e,2567,Major 3.0.1 kill-map export on Defects4J 3.0.1 fixed revision
Math,65,testMap.csv,canonical_maps/Math-65/testMap.csv,canonical_included,916429db45f07a42f1a8c83c3298e9432692b6ab7e10c01a5340d34d33f27ec3,7238,Major 3.0.1 kill-map export on Defects4J 3.0.1 fixed revision
Math,65,covMap.csv,canonical_maps/Math-65/covMap.csv,canonical_included,f11d956bf07a4dc7a37feb3a0c2118c00a8e42d2aa36547d488a29a7d756f6ac,40904,Major 3.0.1 kill-map export on Defects4J 3.0.1 fixed revision
Math,65,killMap.csv,canonical_maps/Math-65/killMap.csv,canonical_included,9073f01f6d17f02d45af48a3a78f2fbb960d8a3bd3a23526125fdb7622444fd5,37685,Major 3.0.1 kill-map export on Defects4J 3.0.1 fixed revision
Math,65,mutants.log,canonical_maps/Math-65/mutants.log,canonical_included,611a5ad91ad84b2d92742991af5c823b082e3b22abadfa1dd6cbb9de042f9841,27047,Major 3.0.1 kill-map export on Defects4J 3.0.1 fixed revision
Math,65,trigger_tests.txt,canonical_maps/Math-65/trigger_tests.txt,canonical_included,e8cd7173b9dda46dd403c319a55008e6d6928c4152d664606b5c5facef24678e,2965,Major 3.0.1 kill-map export on Defects4J 3.0.1 fixed revision
Lang,51,testMap.csv,canonical_maps/Lang-51/testMap.csv,canonical_included,d77387c1b3326bbe77cd105bd194a48bc232768dab3885a4c69d3e46f385aacf,14754,Major 3.0.1 kill-map export on Defects4J 3.0.1 fixed revision
Lang,51,covMap.csv,canonical_maps/Lang-51/covMap.csv,canonical_included,eeea2b3f7519ec54e476fb8377c5ca1715164ca05fb0e2513fab349968e27681,3618,Major 3.0.1 kill-map export on Defects4J 3.0.1 fixed revision
Lang,51,killMap.csv,canonical_maps/Lang-51/killMap.csv,canonical_included,0ffb9c2fddc4c32388804449bcc80e9824da32c371bd17696182a668dfd5e226,4396,Major 3.0.1 kill-map export on Defects4J 3.0.1 fixed revision
Lang,51,mutants.log,canonical_maps/Lang-51/mutants.log,canonical_included,b074c9e1fa1bfb55a5b25245b9fae5291fe7dcd498b35bfb404dc81ce6c35649,61242,Major 3.0.1 kill-map export on Defects4J 3.0.1 fixed revision
Lang,51,trigger_tests.txt,canonical_maps/Lang-51/trigger_tests.txt,canonical_included,f53930532206513d5565e5905db579cfe0c256408cdf91e2e98ace5e720fec5f,2709,Major 3.0.1 kill-map export on Defects4J 3.0.1 fixed revision
Math,69,testMap.csv,canonical_maps/Math-69/testMap.csv,canonical_included,f7616fa4633a8b440bab1847c463785b6d7e6fe6a601943b59b39f6995f202bd,1576,Major 3.0.1 kill-map export on Defects4J 3.0.1 fixed revision
Math,69,covMap.csv,canonical_maps/Math-69/covMap.csv,canonical_included,a5b5e869dacb49e879fad140bc9766e24b02f59249759c5c2c8fe8f6712a2eda,6492,Major 3.0.1 kill-map export on Defects4J 3.0.1 fixed revision
Math,69,killMap.csv,canonical_maps/Math-69/killMap.csv,canonical_included,ece6150df178d38a7bc2c8b8f5608ceb5a97346a4babe212c97b016b5d005b91,5380,Major 3.0.1 kill-map export on Defects4J 3.0.1 fixed revision
Math,69,mutants.log,canonical_maps/Math-69/mutants.log,canonical_included,54ee54191850dc31d057d1037ac8fb2ef799d4b6059ad16d034706cfcdee2a90,27643,Major 3.0.1 kill-map export on Defects4J 3.0.1 fixed revision
Math,69,trigger_tests.txt,canonical_maps/Math-69/trigger_tests.txt,canonical_included,0fe8f4e226c79a1276605d8ede32c53c385be35e4a6df4284b59e2164c9981d5,5643,Major 3.0.1 kill-map export on Defects4J 3.0.1 fixed revision
JacksonDatabind,29,testMap.csv,canonical_maps/JacksonDatabind-29/testMap.csv,canonical_included,797b9d40d6422a31f158444de8c43a7e54420e496eb377f8367b6823cc5daa92,2803,Major 3.0.1 kill-map export on Defects4J 3.0.1 fixed revision
JacksonDatabind,29,covMap.csv,canonical_maps/JacksonDatabind-29/covMap.csv,canonical_included,7b577ad37aee0f5461c20b04d82e02e87b0cc93959c141a5a0c311f923c4b22c,2824,Major 3.0.1 kill-map export on Defects4J 3.0.1 fixed revision
JacksonDatabind,29,killMap.csv,canonical_maps/JacksonDatabind-29/killMap.csv,canonical_included,f92403cc9642db8a1d0f202ae2785642c73b362f9ca544218872aaa9032efad5,2862,Major 3.0.1 kill-map export on Defects4J 3.0.1 fixed revision
JacksonDatabind,29,mutants.log,canonical_maps/JacksonDatabind-29/mutants.log,canonical_included,2ff90a12f7dc7a0b2b59ccb925073b25cecaafccc95e9a619928829d19fa3eef,33415,Major 3.0.1 kill-map export on Defects4J 3.0.1 fixed revision
JacksonDatabind,29,trigger_tests.txt,canonical_maps/JacksonDatabind-29/trigger_tests.txt,canonical_included,1a1cce58381b3f0861dbe9d6442d08ed2e71d29e9637efc6cb359a9bcbfaf56a,4733,Major 3.0.1 kill-map export on Defects4J 3.0.1 fixed revision
Lang,3,testMap.csv,canonical_maps/Lang-3/testMap.csv,canonical_included,d82a06ffe6595a10ce4874f6c9b965090c28821bfe4970235e80ec1daf9101a8,13338,Major 3.0.1 kill-map export on Defects4J 3.0.1 fixed revision
Lang,3,covMap.csv,canonical_maps/Lang-3/covMap.csv,canonical_included,b517a912b343ee34a1557f7f56bc68eacbb951575e730b7b370d3be958282302,31467,Major 3.0.1 kill-map export on Defects4J 3.0.1 fixed revision
Lang,3,killMap.csv,canonical_maps/Lang-3/killMap.csv,canonical_included,ea572a118d7740a56c100429d28ad550c13f9bc87b786d3abca6daeeb432d0ad,12347,Major 3.0.1 kill-map export on Defects4J 3.0.1 fixed revision
Lang,3,mutants.log,canonical_maps/Lang-3/mutants.log,canonical_included,d8dc257d8428b3d080fae619e8027c7f27246f3f0760f0e0d151dc2a751831ec,129921,Major 3.0.1 kill-map export on Defects4J 3.0.1 fixed revision
Lang,3,trigger_tests.txt,canonical_maps/Lang-3/trigger_tests.txt,canonical_included,fcab7cb2c6c4978640980eb61deb90ca4abc42eea1c31222061b9c90acde7d2c,3345,Major 3.0.1 kill-map export on Defects4J 3.0.1 fixed revision
Jsoup,21,testMap.csv,canonical_maps/Jsoup-21/testMap.csv,canonical_included,408c76512afa5e567e1e132476be263544ec6ae36169bfb60f68a033955a56d0,13559,Major 3.0.1 kill-map export on Defects4J 3.0.1 fixed revision
Jsoup,21,covMap.csv,canonical_maps/Jsoup-21/covMap.csv,canonical_included,bc2fc3923ca8de246ba5d11f8f656fa91f08e0a62231dd239667832795167af8,43230,Major 3.0.1 kill-map export on Defects4J 3.0.1 fixed revision
Jsoup,21,killMap.csv,canonical_maps/Jsoup-21/killMap.csv,canonical_included,313a844e20b7226e1b08a6b5e8a3983bbc8949dac1e8f1f9a54c07e135427253,33133,Major 3.0.1 kill-map export on Defects4J 3.0.1 fixed revision
Jsoup,21,mutants.log,canonical_maps/Jsoup-21/mutants.log,canonical_included,0e83cfc881ecdced32d176a252e38c8254319bbb6716d3ad4d0bf0f9b4a767ef,23623,Major 3.0.1 kill-map export on Defects4J 3.0.1 fixed revision
Jsoup,21,trigger_tests.txt,canonical_maps/Jsoup-21/trigger_tests.txt,canonical_included,f568f05d5bfafd356acbc677527d8360611f72f76875424fa279478be4f5df7d,7490,Major 3.0.1 kill-map export on Defects4J 3.0.1 fixed revision
Collections,3,testMap.csv,canonical_maps/Collections-3/testMap.csv,canonical_included,6b79f169ffe891d5b81bc5bb618bd372dc75a0b2a54fbd1c9afaf47ebc802174,10933,Major 3.0.1 kill-map export on Defects4J 3.0.1 fixed revision
Collections,3,covMap.csv,canonical_maps/Collections-3/covMap.csv,canonical_included,ef00a77c9025b6135b04919471431198c967315ede62c10c8379982db1ff8ffc,5356,Major 3.0.1 kill-map export on Defects4J 3.0.1 fixed revision
Collections,3,killMap.csv,canonical_maps/Collections-3/killMap.csv,canonical_included,597932c45a23ed01b1ae279a2cb878ff93f0050fad924eb83c00437b97dfa8b3,5494,Major 3.0.1 kill-map export on Defects4J 3.0.1 fixed revision
Collections,3,mutants.log,canonical_maps/Collections-3/mutants.log,canonical_included,e2ed6fd0dcdba94a45fd8f57400297705f6d700ac37a34b087c19107bbd23f3e,52762,Major 3.0.1 kill-map export on Defects4J 3.0.1 fixed revision
Collections,3,trigger_tests.txt,canonical_maps/Collections-3/trigger_tests.txt,canonical_included,b0e0364f05dfafdd20e291e758508de361e3f5ca15f9f00d18cc11dcbd86e7b0,2926,Major 3.0.1 kill-map export on Defects4J 3.0.1 fixed revision
Csv,4,testMap.csv,canonical_maps/Csv-4/testMap.csv,canonical_included,62cad1e9aa874ffada7889e6184f0ca5b27e140f15dabbe271540e3ef506043a,8914,Major 3.0.1 kill-map export on Defects4J 3.0.1 fixed revision
Csv,4,covMap.csv,canonical_maps/Csv-4/covMap.csv,canonical_included,1cb9260d68c270fa084d8c8fc916ffc1e0eee2dd2a21a093eeefeda87aa13483,7610,Major 3.0.1 kill-map export on Defects4J 3.0.1 fixed revision
Csv,4,killMap.csv,canonical_maps/Csv-4/killMap.csv,canonical_included,b9791472ae41d3e25f3bb52f549b237f100c272ba4a20630a6a57c1cdbe69e94,8155,Major 3.0.1 kill-map export on Defects4J 3.0.1 fixed revision
Csv,4,mutants.log,canonical_maps/Csv-4/mutants.log,canonical_included,d334eeb4233f9ff2b9bc88e89254cf4b09e9103ead91ac68c9c72851406b44ac,9812,Major 3.0.1 kill-map export on Defects4J 3.0.1 fixed revision
Csv,4,trigger_tests.txt,canonical_maps/Csv-4/trigger_tests.txt,canonical_included,7da301608e023ee3cc658a9f887c971812d89dacbba0d21e02aafd6bbdebf7e9,3308,Major 3.0.1 kill-map export on Defects4J 3.0.1 fixed revision
Closure,55,testMap.csv,canonical_maps/Closure-55/testMap.csv,canonical_included,4a6ecd1ab288e2bc23332c8d66e181172e5a66b735e334ef68bb9dd9dddd8f3c,7670,Major 3.0.1 kill-map export on Defects4J 3.0.1 fixed revision
Closure,55,covMap.csv,canonical_maps/Closure-55/covMap.csv,canonical_included,21fe123d05d01a562fdf71c1e3478fb12a5b3a16747403888de5dc1dc7fcc82e,6836,Major 3.0.1 kill-map export on Defects4J 3.0.1 fixed revision
Closure,55,killMap.csv,canonical_maps/Closure-55/killMap.csv,canonical_included,8e14eb6485daac878bad448c11a39e962dc0b5cc453c91f9ac8e1dce0f7f0a6a,5038,Major 3.0.1 kill-map export on Defects4J 3.0.1 fixed revision
Closure,55,mutants.log,canonical_maps/Closure-55/mutants.log,canonical_included,13cc5c1183706511b1787d39a2b5f09a759cc750a54fcbd99415a5d9d35a342d,24176,Major 3.0.1 kill-map export on Defects4J 3.0.1 fixed revision
Closure,55,trigger_tests.txt,canonical_maps/Closure-55/trigger_tests.txt,canonical_included,6e35db40b46850b3eb3cb88760f9cbe6a431bb6f11a2fa7a2880b1cfcc1f1791,4576,Major 3.0.1 kill-map export on Defects4J 3.0.1 fixed revision
Closure,29,testMap.csv,canonical_maps/Closure-29/testMap.csv,canonical_included,13f7444399faa0a329705fbeaf491213c5f2f4edf59be4c4f5396e0e37797f9e,22389,Major 3.0.1 kill-map export on Defects4J 3.0.1 fixed revision
Closure,29,covMap.csv,canonical_maps/Closure-29/covMap.csv,canonical_included,945ed1f3539adeb969fc2d40dd22f056aca555ff0463bb96a7ecd211dd392ef4,33605,Major 3.0.1 kill-map export on Defects4J 3.0.1 fixed revision
Closure,29,killMap.csv,canonical_maps/Closure-29/killMap.csv,canonical_included,fc720f1aab66fee4e0fe34d2ec96c0d57cd09c24764fa6ec7e2e9ff990d7cdb8,15088,Major 3.0.1 kill-map export on Defects4J 3.0.1 fixed revision
Closure,29,mutants.log,canonical_maps/Closure-29/mutants.log,canonical_included,c6884a8da54bc3bdae42020a264ea958eaad846d569aa71b0477d1056a18e829,53727,Major 3.0.1 kill-map export on Defects4J 3.0.1 fixed revision
Closure,29,trigger_tests.txt,canonical_maps/Closure-29/trigger_tests.txt,canonical_included,7da45de28cf71381f2c08d1354e696e787f6e5d9a9807d9de7e1f4e9909196fc,45809,Major 3.0.1 kill-map export on Defects4J 3.0.1 fixed revision
Math,104,testMap.csv,canonical_maps/Math-104/testMap.csv,canonical_included,11fb2dd15a07421441aaa87f328de9da5d2a7929196f4269d0e296203b9abe1d,11300,Major 3.0.1 kill-map export on Defects4J 3.0.1 fixed revision
Math,104,covMap.csv,canonical_maps/Math-104/covMap.csv,canonical_included,38ea48de697317d317d7c5d8806ed965b7531af63df099b613ced3754f446c39,119242,Major 3.0.1 kill-map export on Defects4J 3.0.1 fixed revision
Math,104,killMap.csv,canonical_maps/Math-104/killMap.csv,canonical_included,f3640d347dd6e8a536a9286fc2b0a7d1b79dbfeda161bdae7dc8a8963093b9ef,119661,Major 3.0.1 kill-map export on Defects4J 3.0.1 fixed revision
Math,104,mutants.log,canonical_maps/Math-104/mutants.log,canonical_included,25dad388aaad02f52825e390a8194944780f5414e9f5d8bf62a67a3750b075ad,52412,Major 3.0.1 kill-map export on Defects4J 3.0.1 fixed revision
Math,104,trigger_tests.txt,canonical_maps/Math-104/trigger_tests.txt,canonical_included,6fa266d0d85c4a6f250e63ad06f01f7ec8a4f96e95559c28738f416e7e89fb07,3027,Major 3.0.1 kill-map export on Defects4J 3.0.1 fixed revision
Lang,65,testMap.csv,canonical_maps/Lang-65/testMap.csv,canonical_included,6cf9e3a94c4778e5888bdc5e360f7dadb3a2aea983920cc2d36601afe72cff4b,1996,Major 3.0.1 kill-map export on Defects4J 3.0.1 fixed revision
Lang,65,covMap.csv,canonical_maps/Lang-65/covMap.csv,canonical_included,90d733185eb22d4dad9580d06d553ab39250ce7de689b35df682555df0eee5b0,7848,Major 3.0.1 kill-map export on Defects4J 3.0.1 fixed revision
Lang,65,killMap.csv,canonical_maps/Lang-65/killMap.csv,canonical_included,1aa928fe0ba9bf1571837d23295655c73af2fcf540f303cfcd2b7ce3e665d6be,7737,Major 3.0.1 kill-map export on Defects4J 3.0.1 fixed revision
Lang,65,mutants.log,canonical_maps/Lang-65/mutants.log,canonical_included,596b3e91686d0131f6b790e457991564726e2a640c4a4f25e96bb63cd165924a,88622,Major 3.0.1 kill-map export on Defects4J 3.0.1 fixed revision
Lang,65,trigger_tests.txt,canonical_maps/Lang-65/trigger_tests.txt,canonical_included,3402c1d501bc60d8ced6b106529d366bfd06368ba22453283db6b67008d28b1a,2878,Major 3.0.1 kill-map export on Defects4J 3.0.1 fixed revision
JacksonXml,5,testMap.csv,canonical_maps/JacksonXml-5/testMap.csv,canonical_included,45c3e8b17f5355d4f2bca36f3a18fdb518da319c11b28217b20bb6a633ea5386,14497,Major 3.0.1 kill-map export on Defects4J 3.0.1 fixed revision
JacksonXml,5,covMap.csv,canonical_maps/JacksonXml-5/covMap.csv,canonical_included,254ff97de6c36742acbd9bbb40d6f1f2b7c5bd2de3aca7adfa211bf0465d481a,11830,Major 3.0.1 kill-map export on Defects4J 3.0.1 fixed revision
JacksonXml,5,killMap.csv,canonical_maps/JacksonXml-5/killMap.csv,canonical_included,8782ae5f890391e422ed52b7a3b34423ae2170fa607f4014d24781259ae75b75,6530,Major 3.0.1 kill-map export on Defects4J 3.0.1 fixed revision
JacksonXml,5,mutants.log,canonical_maps/JacksonXml-5/mutants.log,canonical_included,2cd79d595dde1587ae160b6b9cca92caf7d9f44244b88b7db570cce018385522,15873,Major 3.0.1 kill-map export on Defects4J 3.0.1 fixed revision
JacksonXml,5,trigger_tests.txt,canonical_maps/JacksonXml-5/trigger_tests.txt,canonical_included,dfca5dd19542127dabc9c093292fa11c89f3ddd6fff465e04e60536ce0df5c2e,2755,Major 3.0.1 kill-map export on Defects4J 3.0.1 fixed revision
Jsoup,77,testMap.csv,canonical_maps/Jsoup-77/testMap.csv,canonical_included,9b2230345171f3e9cc61340f44a2614335df16eccebf89ae3b322d875daa7878,34429,Major 3.0.1 kill-map export on Defects4J 3.0.1 fixed revision
Jsoup,77,covMap.csv,canonical_maps/Jsoup-77/covMap.csv,canonical_included,6cf38206c4e08dce433160e39fb693061e3495e69a197f5afd1a0fd28d08dbc3,5355,Major 3.0.1 kill-map export on Defects4J 3.0.1 fixed revision
Jsoup,77,killMap.csv,canonical_maps/Jsoup-77/killMap.csv,canonical_included,48cfc84c48ccadb26f7e944eb4805f8dd6760b9b6937e6ea555d41b36190f912,5256,Major 3.0.1 kill-map export on Defects4J 3.0.1 fixed revision
Jsoup,77,mutants.log,canonical_maps/Jsoup-77/mutants.log,canonical_included,de69e7db6ad61370532f6bb78a22531eb35ed6127938002cb1e9d08e4d80bd1b,12287,Major 3.0.1 kill-map export on Defects4J 3.0.1 fixed revision
Jsoup,77,trigger_tests.txt,canonical_maps/Jsoup-77/trigger_tests.txt,canonical_included,a3b46b97aa39374732954cd19fa01f6410cea0172ec824c060b304340dbd7d1f,3335,Major 3.0.1 kill-map export on Defects4J 3.0.1 fixed revision
Lang,23,testMap.csv,canonical_maps/Lang-23/testMap.csv,canonical_included,ca61d5d9a0e23838e340140964eca4925ee619656ff8422624b8d5f5c9e6092d,716,Major 3.0.1 kill-map export on Defects4J 3.0.1 fixed revision
Lang,23,covMap.csv,canonical_maps/Lang-23/covMap.csv,canonical_included,0155123ad761cca7eac16895eb71adc050fc9c6b7c96f94fef6be6501a3a4f36,4947,Major 3.0.1 kill-map export on Defects4J 3.0.1 fixed revision
Lang,23,killMap.csv,canonical_maps/Lang-23/killMap.csv,canonical_included,090efa5d071a423b68796a9f37c4202593d3b496ade83392fbf02ab0ef1f7bff,4390,Major 3.0.1 kill-map export on Defects4J 3.0.1 fixed revision
Lang,23,mutants.log,canonical_maps/Lang-23/mutants.log,canonical_included,83270ae9402da61c78a1a8dac84d2f912a22270ed7c5b2f267dfd17465d2d611,49843,Major 3.0.1 kill-map export on Defects4J 3.0.1 fixed revision
Lang,23,trigger_tests.txt,canonical_maps/Lang-23/trigger_tests.txt,canonical_included,e016cdf701a432cb5c4caa9750c4443dbebc1dba8e40331a7fa39b5cb39fc846,2827,Major 3.0.1 kill-map export on Defects4J 3.0.1 fixed revision
Jsoup,11,testMap.csv,canonical_maps/Jsoup-11/testMap.csv,canonical_included,0f46152684cd858d2e326e9b9fdc736c9c45fea6010ff42f9b348cf6a8a943a7,9049,Major 3.0.1 kill-map export on Defects4J 3.0.1 fixed revision
Jsoup,11,covMap.csv,canonical_maps/Jsoup-11/covMap.csv,canonical_included,ed4de0288da1083a41a280e57b13b94845f28130d1c8d599a2b930acd1b9d1bd,25027,Major 3.0.1 kill-map export on Defects4J 3.0.1 fixed revision
Jsoup,11,killMap.csv,canonical_maps/Jsoup-11/killMap.csv,canonical_included,9419d4f4258a1d101d37e00917bd91230949870af00283c0de3dabb514f9f186,18503,Major 3.0.1 kill-map export on Defects4J 3.0.1 fixed revision
Jsoup,11,mutants.log,canonical_maps/Jsoup-11/mutants.log,canonical_included,d4fb6e184bb71605851d531e385f964d6a23e28cd48ed182468e934e5b97ea67,22510,Major 3.0.1 kill-map export on Defects4J 3.0.1 fixed revision
Jsoup,11,trigger_tests.txt,canonical_maps/Jsoup-11/trigger_tests.txt,canonical_included,26057c6b72260521c560184aa039175cb558afea0fb68a8703936cbb10f9f967,13615,Major 3.0.1 kill-map export on Defects4J 3.0.1 fixed revision
Closure,76,testMap.csv,canonical_maps/Closure-76/testMap.csv,canonical_included,7753eec7c1b8e2090f8e541b78ea5860e8e91390e0384f94961968a8c1516ac0,8886,Major 3.0.1 kill-map export on Defects4J 3.0.1 fixed revision
Closure,76,covMap.csv,canonical_maps/Closure-76/covMap.csv,canonical_included,6f727c39e045e2c480f190640525777096fbc5049d2c1f192f40008eca315907,30888,Major 3.0.1 kill-map export on Defects4J 3.0.1 fixed revision
Closure,76,killMap.csv,canonical_maps/Closure-76/killMap.csv,canonical_included,7923ada3bab6217e74292d4d08da0f2f3ab1203540db0e6d14b8882d1d239f4a,19793,Major 3.0.1 kill-map export on Defects4J 3.0.1 fixed revision
Closure,76,mutants.log,canonical_maps/Closure-76/mutants.log,canonical_included,04daf033cac22b424425fe4bd7edd2f0de997162057b8fe04650ae0638daf70f,69001,Major 3.0.1 kill-map export on Defects4J 3.0.1 fixed revision
Closure,76,trigger_tests.txt,canonical_maps/Closure-76/trigger_tests.txt,canonical_included,4a77515e63da59147cc0829597481f9093b611831b44698b8e81da9c26564dfe,27894,Major 3.0.1 kill-map export on Defects4J 3.0.1 fixed revision
Jsoup,75,testMap.csv,canonical_maps/Jsoup-75/testMap.csv,canonical_included,76546c2c5679fb0dba19e8a532f030c1e7759b01c02082fc79d5c2260eb8dd07,34487,Major 3.0.1 kill-map export on Defects4J 3.0.1 fixed revision
Jsoup,75,covMap.csv,canonical_maps/Jsoup-75/covMap.csv,canonical_included,90db074a3574d5af270c76d6af0598ca2163c15bde7b9df646aa76ad2419d14b,160465,Major 3.0.1 kill-map export on Defects4J 3.0.1 fixed revision
Jsoup,75,killMap.csv,canonical_maps/Jsoup-75/killMap.csv,canonical_included,26868b069ee3ac087d49a9fec5ba243df102775200f1c2a8bab05609f84edd6f,128243,Major 3.0.1 kill-map export on Defects4J 3.0.1 fixed revision
Jsoup,75,mutants.log,canonical_maps/Jsoup-75/mutants.log,canonical_included,69584c4706ee27ea9388369ed814bdfbff6f83b51e08fb4f0e59f1e210928d24,28016,Major 3.0.1 kill-map export on Defects4J 3.0.1 fixed revision
Jsoup,75,trigger_tests.txt,canonical_maps/Jsoup-75/trigger_tests.txt,canonical_included,1dd303931e9513e7b2b5c7f17ddb995e22bc6bc81b2edaa8d01e21b44ae2232a,3351,Major 3.0.1 kill-map export on Defects4J 3.0.1 fixed revision
Closure,87,testMap.csv,canonical_maps/Closure-87/testMap.csv,canonical_included,10b0334475df3da716c27c336edc3c0b4ea72a64120f37b34fad0b26a9189042,9451,Major 3.0.1 kill-map export on Defects4J 3.0.1 fixed revision
Closure,87,covMap.csv,canonical_maps/Closure-87/covMap.csv,canonical_included,0adbafc8ebf4e92f59c99b7d5e2cd39aa3abac0d35180a91854a0fcebee546a9,35191,Major 3.0.1 kill-map export on Defects4J 3.0.1 fixed revision
Closure,87,killMap.csv,canonical_maps/Closure-87/killMap.csv,canonical_included,973fa8befd2785f043747c9643af21ee7dc2aaa2bb2fa2efb4f7d3ab116f6ddc,19044,Major 3.0.1 kill-map export on Defects4J 3.0.1 fixed revision
Closure,87,mutants.log,canonical_maps/Closure-87/mutants.log,canonical_included,21a1c659bee665edf67c1f2aeeb0364c434ba812a3fbe3339de20daa2f1584f9,139937,Major 3.0.1 kill-map export on Defects4J 3.0.1 fixed revision
Closure,87,trigger_tests.txt,canonical_maps/Closure-87/trigger_tests.txt,canonical_included,e9659d733dd0455988457b8e6852b5b7089b88e289b80f4b37322277a2bd67d0,5139,Major 3.0.1 kill-map export on Defects4J 3.0.1 fixed revision
Collections,12,testMap.csv,canonical_maps/Collections-12/testMap.csv,canonical_included,3510bbbcab6153bcd00e7b0beb50eb3cf2bd3b9da41a67b6014a550e6cf9b66b,1260,Major 3.0.1 kill-map export on Defects4J 3.0.1 fixed revision
Collections,12,covMap.csv,canonical_maps/Collections-12/covMap.csv,canonical_included,c0e6b592b0ddd59fc70f768e52aa864edb5d76a87ced1c4493e5eaf6647c53a6,8165,Major 3.0.1 kill-map export on Defects4J 3.0.1 fixed revision
Collections,12,killMap.csv,canonical_maps/Collections-12/killMap.csv,canonical_included,4e59acbc3256bf01b0962c5aad3bd43e68307d41d92fba8f893c0d2781cdbd27,7153,Major 3.0.1 kill-map export on Defects4J 3.0.1 fixed revision
Collections,12,mutants.log,canonical_maps/Collections-12/mutants.log,canonical_included,2afc4d0a7da8b1988d8d66bce3df9bb61952b826cca2c69ebe6a2d866247ca62,77910,Major 3.0.1 kill-map export on Defects4J 3.0.1 fixed revision
Collections,12,trigger_tests.txt,canonical_maps/Collections-12/trigger_tests.txt,canonical_included,6f3e25bab7d7c7574a2facf4b1b22a306fe3df076f31dfca76fd15136f8b5cb2,2861,Major 3.0.1 kill-map export on Defects4J 3.0.1 fixed revision
Jsoup,86,testMap.csv,canonical_maps/Jsoup-86/testMap.csv,canonical_included,8e515a4366e6fe1c055277fda6dc7af6cc48757e270fb568d712fced3cf526d5,35951,Major 3.0.1 kill-map export on Defects4J 3.0.1 fixed revision
Jsoup,86,covMap.csv,canonical_maps/Jsoup-86/covMap.csv,canonical_included,0fb2fef7e144fde7d53b64d27a5bca98757cd97585072842b377d57ed087c8b4,2020,Major 3.0.1 kill-map export on Defects4J 3.0.1 fixed revision
Jsoup,86,killMap.csv,canonical_maps/Jsoup-86/killMap.csv,canonical_included,1e0ae4483c00127ec5075619e81a65846bed04ec960248b2abec1be2b7a8a049,1605,Major 3.0.1 kill-map export on Defects4J 3.0.1 fixed revision
Jsoup,86,mutants.log,canonical_maps/Jsoup-86/mutants.log,canonical_included,a868b713f620cbd4d25d5c3aee69c0585ca8ff7451f620f36b29151e44f65786,4524,Major 3.0.1 kill-map export on Defects4J 3.0.1 fixed revision
Jsoup,86,trigger_tests.txt,canonical_maps/Jsoup-86/trigger_tests.txt,canonical_included,083ab649b7787b73fff2f910bd49778192d8f957f80f9fede628ca5ae0cea02f,3728,Major 3.0.1 kill-map export on Defects4J 3.0.1 fixed revision
Math,41,testMap.csv,canonical_maps/Math-41/testMap.csv,canonical_included,25e9f3e9a484434c1536be438869591b6d0da1b27de7d5e177f978a7e7bc7932,21272,Major 3.0.1 kill-map export on Defects4J 3.0.1 fixed revision
Math,41,covMap.csv,canonical_maps/Math-41/covMap.csv,canonical_included,1a74d09c16a8f8fccc0be20f0a63b33f41c068f6dd25696420208acf1eb919a8,45808,Major 3.0.1 kill-map export on Defects4J 3.0.1 fixed revision
Math,41,killMap.csv,canonical_maps/Math-41/killMap.csv,canonical_included,5deb93c8613e820f00f11d89b132edd98e6df539725b873051f02defb3da4948,38841,Major 3.0.1 kill-map export on Defects4J 3.0.1 fixed revision
Math,41,mutants.log,canonical_maps/Math-41/mutants.log,canonical_included,8211e73a955a7d81d67dc53b4d49b737dba9a7aee08c274f3a93653063adc0a4,47208,Major 3.0.1 kill-map export on Defects4J 3.0.1 fixed revision
Math,41,trigger_tests.txt,canonical_maps/Math-41/trigger_tests.txt,canonical_included,b5fa61d84b32f83c71994c0ed612d9a4b9608041f27658fd6eca0b197083fa0f,3500,Major 3.0.1 kill-map export on Defects4J 3.0.1 fixed revision
Math,76,testMap.csv,canonical_maps/Math-76/testMap.csv,canonical_included,d88b550f697e201247b9d8635bbc2d036ff773f56acd4fa577b85f0a4a7e307e,1442,Major 3.0.1 kill-map export on Defects4J 3.0.1 fixed revision
Math,76,covMap.csv,canonical_maps/Math-76/covMap.csv,canonical_included,acec9050d1aba66f960a0a37df5d33982565acedfcc3a27ee2124e380e83cf46,18680,Major 3.0.1 kill-map export on Defects4J 3.0.1 fixed revision
Math,76,killMap.csv,canonical_maps/Math-76/killMap.csv,canonical_included,6263b316f804c253ddfd149323f9e0f0d530dbe9309c18578c4ec98e3d72a5c2,23781,Major 3.0.1 kill-map export on Defects4J 3.0.1 fixed revision
Math,76,mutants.log,canonical_maps/Math-76/mutants.log,canonical_included,9646448b30e32357cbf698e9f99b33040a1f1a17f8ca1d9ec961e24170b6d2fe,62726,Major 3.0.1 kill-map export on Defects4J 3.0.1 fixed revision
Math,76,trigger_tests.txt,canonical_maps/Math-76/trigger_tests.txt,canonical_included,70b823f85cb5ac3ff439cb01ea64a8a613e8aa0e3b446c99663e2b49ce34e444,6810,Major 3.0.1 kill-map export on Defects4J 3.0.1 fixed revision
Math,24,testMap.csv,canonical_maps/Math-24/testMap.csv,canonical_included,d2fba0d7861b44a2c8e91fdf80dd0f315696e51f9f91119cae7e76c40f0f97aa,1509,Major 3.0.1 kill-map export on Defects4J 3.0.1 fixed revision
Math,24,covMap.csv,canonical_maps/Math-24/covMap.csv,canonical_included,248a8931dd712028c9dc7112224add7f4cb682593bdb9e800f587cc3daeb7513,30957,Major 3.0.1 kill-map export on Defects4J 3.0.1 fixed revision
Math,24,killMap.csv,canonical_maps/Math-24/killMap.csv,canonical_included,fb3636efea27d3891b6337ca2f20691f8deb7b52ce68630eb16baf66965b6fae,26402,Major 3.0.1 kill-map export on Defects4J 3.0.1 fixed revision
Math,24,mutants.log,canonical_maps/Math-24/mutants.log,canonical_included,9f138b51509c797bc315173bb3e745d47fecb1e4b666c4039c6f17150ae4c59f,59700,Major 3.0.1 kill-map export on Defects4J 3.0.1 fixed revision
Math,24,trigger_tests.txt,canonical_maps/Math-24/trigger_tests.txt,canonical_included,b91b295054f955c931b4799eb64e8a24c6958cea770ee08a42b7f258c8dbe162,3305,Major 3.0.1 kill-map export on Defects4J 3.0.1 fixed revision
Codec,5,testMap.csv,canonical_maps/Codec-5/testMap.csv,canonical_included,5efcbcb00db11fdc2666d479d1176570febf34608a72b33e56d1a24f6a3bd0a4,6251,Major 3.0.1 kill-map export on Defects4J 3.0.1 fixed revision
Codec,5,covMap.csv,canonical_maps/Codec-5/covMap.csv,canonical_included,5dea1e6def75e594b98d95d799a3d01087c6d53429263318f293bb37745f0566,282263,Major 3.0.1 kill-map export on Defects4J 3.0.1 fixed revision
Codec,5,killMap.csv,canonical_maps/Codec-5/killMap.csv,canonical_included,27925c7e1a92b6fc805ab4dd88addfeb51b05442001e773cff1da57f7bd18795,156028,Major 3.0.1 kill-map export on Defects4J 3.0.1 fixed revision
Codec,5,mutants.log,canonical_maps/Codec-5/mutants.log,canonical_included,e969e3aa85344c888531b2cc0d59fc7b410fc10b328c35cb8b8f8c0b621d9e14,119718,Major 3.0.1 kill-map export on Defects4J 3.0.1 fixed revision
Codec,5,trigger_tests.txt,canonical_maps/Codec-5/trigger_tests.txt,canonical_included,75ac5e598176bbcae3140e0b0be0992e6b86b57d5854d724f59ca755095db50d,5615,Major 3.0.1 kill-map export on Defects4J 3.0.1 fixed revision
Math,100,testMap.csv,canonical_maps/Math-100/testMap.csv,canonical_included,3a0f62b16a29d0575d436df0865488f841cecefae5b56273cb59df96005ebc74,4114,Major 3.0.1 kill-map export on Defects4J 3.0.1 fixed revision
Math,100,covMap.csv,canonical_maps/Math-100/covMap.csv,canonical_included,4c24994c42b889083dcbdd2cdd909c52d247243f6c717b8528f5be99a7ad50a1,22908,Major 3.0.1 kill-map export on Defects4J 3.0.1 fixed revision
Math,100,killMap.csv,canonical_maps/Math-100/killMap.csv,canonical_included,5637cd59d26b532baab06e37ed6802939177ab55b69dd8284d01e18743ea1c19,25143,Major 3.0.1 kill-map export on Defects4J 3.0.1 fixed revision
Math,100,mutants.log,canonical_maps/Math-100/mutants.log,canonical_included,143c59fc389906dae18ef95ee2890e182b8c3534a56590e9f5186be195dc89f8,29250,Major 3.0.1 kill-map export on Defects4J 3.0.1 fixed revision
Math,100,trigger_tests.txt,canonical_maps/Math-100/trigger_tests.txt,canonical_included,dd8635b3190920d5d213330e0019ba4a5cbc96686a98be2d611523b5e533ca93,2704,Major 3.0.1 kill-map export on Defects4J 3.0.1 fixed revision
Math,64,testMap.csv,canonical_maps/Math-64/testMap.csv,canonical_included,cbfb13a32063f9a4c94af162c155055e2f54ded9b807092e3bf179592caa754e,5212,Major 3.0.1 kill-map export on Defects4J 3.0.1 fixed revision
Math,64,covMap.csv,canonical_maps/Math-64/covMap.csv,canonical_included,87ca591eb121b97b190e737b41c8366ae64885d33722f588b0e9d953bd37d4a1,304822,Major 3.0.1 kill-map export on Defects4J 3.0.1 fixed revision
Math,64,killMap.csv,canonical_maps/Math-64/killMap.csv,canonical_included,9bb8f08edbf57020f1710fcf0c6ca9e2c4ec09c8760edaef10bb0c8fd8a1a453,260443,Major 3.0.1 kill-map export on Defects4J 3.0.1 fixed revision
Math,64,mutants.log,canonical_maps/Math-64/mutants.log,canonical_included,8b749015e939d8265cfd650add4e60f3da30256c7263d2dca5663839ac8ed09d,232667,Major 3.0.1 kill-map export on Defects4J 3.0.1 fixed revision
Math,64,trigger_tests.txt,canonical_maps/Math-64/trigger_tests.txt,canonical_included,4e092aff8d50d40d9ac339edf4bb079da40c008f6f00a0d520628b4f00879ee8,6305,Major 3.0.1 kill-map export on Defects4J 3.0.1 fixed revision
Compress,23,testMap.csv,canonical_maps/Compress-23/testMap.csv,canonical_included,34a66bd6be3cf6b9500d045f51fbdedfa39b8b5dcd73d4d9a8e06bdce4ebfa37,2432,Major 3.0.1 kill-map export on Defects4J 3.0.1 fixed revision
Compress,23,covMap.csv,canonical_maps/Compress-23/covMap.csv,canonical_included,b1b8b0ba7bd0b22aff52f0cd8b26f34785175f231a62ac5868e35dfa99fbcace,2540,Major 3.0.1 kill-map export on Defects4J 3.0.1 fixed revision
Compress,23,killMap.csv,canonical_maps/Compress-23/killMap.csv,canonical_included,526f6107876d6d5106ac1550d914ac0c16e0f0074b9fe92d9855e796286ac3b0,2330,Major 3.0.1 kill-map export on Defects4J 3.0.1 fixed revision
Compress,23,mutants.log,canonical_maps/Compress-23/mutants.log,canonical_included,b927f17648dad9a666e50503747a4cfec071355fd3b105683e0f5dc929fd5b7b,32806,Major 3.0.1 kill-map export on Defects4J 3.0.1 fixed revision
Compress,23,trigger_tests.txt,canonical_maps/Compress-23/trigger_tests.txt,canonical_included,22dca10825894c9f81aaa1c4cbeeb447b287325b2574c1daaa2abe48554aec93,3364,Major 3.0.1 kill-map export on Defects4J 3.0.1 fixed revision
Closure,136,testMap.csv,canonical_maps/Closure-136/testMap.csv,canonical_included,9bdecd2560f20795df7486d9752958bd3f1d2ab97249a2e9826a99f2065d9b7f,7899,Major 3.0.1 kill-map export on Defects4J 3.0.1 fixed revision
Closure,136,covMap.csv,canonical_maps/Closure-136/covMap.csv,canonical_included,2417a72587eb0ceb2d6e7b29aa5ae243fcef1e8ea883919cfeae7cc1f34ee6c5,59020,Major 3.0.1 kill-map export on Defects4J 3.0.1 fixed revision
Closure,136,killMap.csv,canonical_maps/Closure-136/killMap.csv,canonical_included,ae3abc9855ebf94b20df060d0956ded7c4fbde6433e8da2d8f0849e45bd5553c,38995,Major 3.0.1 kill-map export on Defects4J 3.0.1 fixed revision
Closure,136,mutants.log,canonical_maps/Closure-136/mutants.log,canonical_included,beaba09c28cde83b442ac83959d5fcb467fb44a997f0da807b0dd4c6bd1c1127,59893,Major 3.0.1 kill-map export on Defects4J 3.0.1 fixed revision
Closure,136,trigger_tests.txt,canonical_maps/Closure-136/trigger_tests.txt,canonical_included,951ea678df8b7607a13bd9ec4f75209d542432f85d0ff7740b5b5a6261e8fe05,16049,Major 3.0.1 kill-map export on Defects4J 3.0.1 fixed revision
Csv,12,testMap.csv,canonical_maps/Csv-12/testMap.csv,canonical_included,d65501830395357ccdb5a2c291f553ea90340a9bb42b3aef778510a973627dd5,12577,Major 3.0.1 kill-map export on Defects4J 3.0.1 fixed revision
Csv,12,covMap.csv,canonical_maps/Csv-12/covMap.csv,canonical_included,8d8d18067feb125775e1bc89758687e78ce045081ec0ce76dbb89ed97f897e1b,87395,Major 3.0.1 kill-map export on Defects4J 3.0.1 fixed revision
Csv,12,killMap.csv,canonical_maps/Csv-12/killMap.csv,canonical_included,73566cf9949a348d3f2e1190aa66cf7f7d3526e608c067c006f2b4c085713557,75774,Major 3.0.1 kill-map export on Defects4J 3.0.1 fixed revision
Csv,12,mutants.log,canonical_maps/Csv-12/mutants.log,canonical_included,73cc667f33218956c68af3c9b80271f4d5c8dc1c7d614c1a91c577c08910966a,47388,Major 3.0.1 kill-map export on Defects4J 3.0.1 fixed revision
Csv,12,trigger_tests.txt,canonical_maps/Csv-12/trigger_tests.txt,canonical_included,f1eb5cd3d916790d13498dc2ac96d1617166f0a442457ebda629f450b691a0a3,3423,Major 3.0.1 kill-map export on Defects4J 3.0.1 fixed revision
Jsoup,3,testMap.csv,canonical_maps/Jsoup-3/testMap.csv,canonical_included,0bf7d0f1da58a97f07a6b400044022835739bc8b08d20b98d1c5627d5f055873,7636,Major 3.0.1 kill-map export on Defects4J 3.0.1 fixed revision
Jsoup,3,covMap.csv,canonical_maps/Jsoup-3/covMap.csv,canonical_included,0c70e448d71afbc1ea96ee447b6ebd230533668ccaaa2e07ef2cf90e470799ac,448677,Major 3.0.1 kill-map export on Defects4J 3.0.1 fixed revision
Jsoup,3,killMap.csv,canonical_maps/Jsoup-3/killMap.csv,canonical_included,712cab3ae3c787bdff6d11d326d32744edb9b750ecc33244b3f28498ba6b4ee9,169547,Major 3.0.1 kill-map export on Defects4J 3.0.1 fixed revision
Jsoup,3,mutants.log,canonical_maps/Jsoup-3/mutants.log,canonical_included,6d87cef31534f1ebbf4a46ce5ba3583aebff9bb06cfd91d59c92b2b11826fc75,104122,Major 3.0.1 kill-map export on Defects4J 3.0.1 fixed revision
Jsoup,3,trigger_tests.txt,canonical_maps/Jsoup-3/trigger_tests.txt,canonical_included,f5431a36e0837e56e6b59c77dbe81784dd3b42538d4a71761aaea3d4dd6c95f5,10173,Major 3.0.1 kill-map export on Defects4J 3.0.1 fixed revision
Chart,6,testMap.csv,canonical_maps/Chart-6/testMap.csv,canonical_included,4fe6b27d54a7657999f23940c98be1a2cdeb5bc4a4ea0e9bf3498427c79316f1,38774,Major 3.0.1 kill-map export on Defects4J 3.0.1 fixed revision
Chart,6,covMap.csv,canonical_maps/Chart-6/covMap.csv,canonical_included,9d08dcb571f4ad579cdc98747f8686e0462313153df8118fa7b570a9b42b3376,14491,Major 3.0.1 kill-map export on Defects4J 3.0.1 fixed revision
Chart,6,killMap.csv,canonical_maps/Chart-6/killMap.csv,canonical_included,2c0029feee66ffe04202000defc17686d71d21712602fcf73a2affc8523406c6,5426,Major 3.0.1 kill-map export on Defects4J 3.0.1 fixed revision
Chart,6,mutants.log,canonical_maps/Chart-6/mutants.log,canonical_included,543bd5f2e426d23d86ac601ebaee6f792ddfb8e4f66b6a27724ce995101265ec,4642,Major 3.0.1 kill-map export on Defects4J 3.0.1 fixed revision
Chart,6,trigger_tests.txt,canonical_maps/Chart-6/trigger_tests.txt,canonical_included,cd5d1992e3f69d53957b08e615e2d536bd3949e7d8d7edb7f46eb6f4dfba8b4a,5675,Major 3.0.1 kill-map export on Defects4J 3.0.1 fixed revision
Chart,12,testMap.csv,canonical_maps/Chart-12/testMap.csv,canonical_included,7c85c94cd17501adeb4138cf0dfc087fd68e8a42fb306c25e9033fa578e9a949,14293,Major 3.0.1 kill-map export on Defects4J 3.0.1 fixed revision
Chart,12,covMap.csv,canonical_maps/Chart-12/covMap.csv,canonical_included,d6d8f1b5eb68e79f63f1e650dc836f744a0987277aa2ba4e86dcb49239d21341,972,Major 3.0.1 kill-map export on Defects4J 3.0.1 fixed revision
Chart,12,killMap.csv,canonical_maps/Chart-12/killMap.csv,canonical_included,ab62d88e506fea4d6e0c6ba93d7b9db94794a07bb0d91763645f3f8a4281c0b1,718,Major 3.0.1 kill-map export on Defects4J 3.0.1 fixed revision
Chart,12,mutants.log,canonical_maps/Chart-12/mutants.log,canonical_included,5f4b2306fe285dab8b54b66021e724eaca4f5ef88b2edcfa0ceb3f4c4ea8018a,52241,Major 3.0.1 kill-map export on Defects4J 3.0.1 fixed revision
Chart,12,trigger_tests.txt,canonical_maps/Chart-12/trigger_tests.txt,canonical_included,4b8af502480c22cf46a1b0b76d471a97c2694ab36848512d88315437b5622901,2776,Major 3.0.1 kill-map export on Defects4J 3.0.1 fixed revision
Math,73,testMap.csv,canonical_maps/Math-73/testMap.csv,canonical_included,a330f348148536d91d1410f1be9a04eedc4907f67fe86d9db36096b6095154f0,19211,Major 3.0.1 kill-map export on Defects4J 3.0.1 fixed revision
Math,73,covMap.csv,canonical_maps/Math-73/covMap.csv,canonical_included,7346bfb515da78707eeadb0fea4c011dd16651c4cd3c840345a665fcb4c31041,186758,Major 3.0.1 kill-map export on Defects4J 3.0.1 fixed revision
Math,73,killMap.csv,canonical_maps/Math-73/killMap.csv,canonical_included,78bbb74be8a9bd6faa0682d157022334d082c52b39a9ee3839ab0d98ab7fe42d,79541,Major 3.0.1 kill-map export on Defects4J 3.0.1 fixed revision
Math,73,mutants.log,canonical_maps/Math-73/mutants.log,canonical_included,9170a3423cf8f95d9390afa838c24fa698cc7cdb80d2806b1d4529ddcaa6dc87,83637,Major 3.0.1 kill-map export on Defects4J 3.0.1 fixed revision
Math,73,trigger_tests.txt,canonical_maps/Math-73/trigger_tests.txt,canonical_included,6ba39b5ec64c185b110c35b12d49536137dffb1238776feef7d4ef9f93ef4dd5,2730,Major 3.0.1 kill-map export on Defects4J 3.0.1 fixed revision
Closure,147,testMap.csv,canonical_maps/Closure-147/testMap.csv,canonical_included,67b8ba4c72ec6e984aa102718edd2d63cebbf6e3afea883d3c3ea34297ddca70,7644,Major 3.0.1 kill-map export on Defects4J 3.0.1 fixed revision
Closure,147,covMap.csv,canonical_maps/Closure-147/covMap.csv,canonical_included,eff93295cea7e1c08f29c9433d9ecfd7c29ab78c3ead609b0d4077c39b454dc4,28902,Major 3.0.1 kill-map export on Defects4J 3.0.1 fixed revision
Closure,147,killMap.csv,canonical_maps/Closure-147/killMap.csv,canonical_included,3bc8ea5bce8f9680e7c60d9d946801b1a92b633816d021fe196b2da89fbb7fa0,15191,Major 3.0.1 kill-map export on Defects4J 3.0.1 fixed revision
Closure,147,mutants.log,canonical_maps/Closure-147/mutants.log,canonical_included,675edaf65e05c6f03b79b3233db1d5786f939513dbc8f2eac1064f114c50985f,65184,Major 3.0.1 kill-map export on Defects4J 3.0.1 fixed revision
Closure,147,trigger_tests.txt,canonical_maps/Closure-147/trigger_tests.txt,canonical_included,7dafb47511e7d4090aa14dc7136c52d94884aabd974a077b5d74e76fe17be0f5,172613,Major 3.0.1 kill-map export on Defects4J 3.0.1 fixed revision
Jsoup,32,testMap.csv,canonical_maps/Jsoup-32/testMap.csv,canonical_included,ecb7336e8b1ef52171668a020b4dbe52c770c1a5efeb405172297c1d065fbeef,18650,Major 3.0.1 kill-map export on Defects4J 3.0.1 fixed revision
Jsoup,32,covMap.csv,canonical_maps/Jsoup-32/covMap.csv,canonical_included,643900ed0ae1b70f05e19e5575c7302725d8e180a6802742df46bcc3a487ff63,80713,Major 3.0.1 kill-map export on Defects4J 3.0.1 fixed revision
Jsoup,32,killMap.csv,canonical_maps/Jsoup-32/killMap.csv,canonical_included,10aceacffbbdb8fdaca0d54cc65c9d905ca44d2cdb4661af8f4019da77a9ffa9,41405,Major 3.0.1 kill-map export on Defects4J 3.0.1 fixed revision
Jsoup,32,mutants.log,canonical_maps/Jsoup-32/mutants.log,canonical_included,5e82712ad66c577c032c86f1cf4236ec9b3092c57bdf753aae871044f06d4410,44298,Major 3.0.1 kill-map export on Defects4J 3.0.1 fixed revision
Jsoup,32,trigger_tests.txt,canonical_maps/Jsoup-32/trigger_tests.txt,canonical_included,2a9e19d6a54aefd62238037f608188c308c41c7a7a2646b3e1c4f204dabf7324,3259,Major 3.0.1 kill-map export on Defects4J 3.0.1 fixed revision
Closure,170,testMap.csv,canonical_maps/Closure-170/testMap.csv,canonical_included,59e79d66bcbec237da681c3a67e724b895c16af8cb46ce3dd5224e92d5224276,30251,Major 3.0.1 kill-map export on Defects4J 3.0.1 fixed revision
Closure,170,covMap.csv,canonical_maps/Closure-170/covMap.csv,canonical_included,ca2bf1a80ebdbb76e13f760fad342255c6a695ee9f3f866df047602f9098b55f,81910,Major 3.0.1 kill-map export on Defects4J 3.0.1 fixed revision
Closure,170,killMap.csv,canonical_maps/Closure-170/killMap.csv,canonical_included,b0963b2e35e07aa3f9e44328577765470bb94ee2759569e33acbf0f2fc079a81,43283,Major 3.0.1 kill-map export on Defects4J 3.0.1 fixed revision
Closure,170,mutants.log,canonical_maps/Closure-170/mutants.log,canonical_included,c0602262e02c239bfb2d06a7c069f065b12ff902daad3a04334b563191dd424e,52259,Major 3.0.1 kill-map export on Defects4J 3.0.1 fixed revision
Closure,170,trigger_tests.txt,canonical_maps/Closure-170/trigger_tests.txt,canonical_included,a46d145ad2ad7c77a43235911ce8fa6a3a65f1ddc3083200c277068eccd920b4,5630,Major 3.0.1 kill-map export on Defects4J 3.0.1 fixed revision
Compress,26,testMap.csv,canonical_maps/Compress-26/testMap.csv,canonical_included,0595e0f495bebf0eca31a8a84bac70253ce11465b52b2dd673b9b1b4db482a2a,23825,Major 3.0.1 kill-map export on Defects4J 3.0.1 fixed revision
Compress,26,covMap.csv,canonical_maps/Compress-26/covMap.csv,canonical_included,fb7d1e736d98b77e157e1cb25a7ec33245d6da2168c06612bc8859520ae6c5db,58612,Major 3.0.1 kill-map export on Defects4J 3.0.1 fixed revision
Compress,26,killMap.csv,canonical_maps/Compress-26/killMap.csv,canonical_included,f4b01dcc0990651f8b18c90db5ba1c7bee2c976095bab56673507dd1c6b1e168,44465,Major 3.0.1 kill-map export on Defects4J 3.0.1 fixed revision
Compress,26,mutants.log,canonical_maps/Compress-26/mutants.log,canonical_included,4592a68c8c2cb57de558a1b2492f06e4ec588c42685a93522af21a3660ed3aca,13820,Major 3.0.1 kill-map export on Defects4J 3.0.1 fixed revision
Compress,26,trigger_tests.txt,canonical_maps/Compress-26/trigger_tests.txt,canonical_included,58557cf1a745454a377f4887e010ab91007056df190128428436cd0ebec33af8,6998,Major 3.0.1 kill-map export on Defects4J 3.0.1 fixed revision
JxPath,11,testMap.csv,canonical_maps/JxPath-11/testMap.csv,canonical_included,7e3880e01313e9137b300a193a7a8aa28737f586eed8aa84539b767abb11cbec,6960,Major 3.0.1 kill-map export on Defects4J 3.0.1 fixed revision
JxPath,11,covMap.csv,canonical_maps/JxPath-11/covMap.csv,canonical_included,250d5643a25b44948dc9c5d8b92f31abf3d003c69ca5462f334282580c4f2275,13075,Major 3.0.1 kill-map export on Defects4J 3.0.1 fixed revision
JxPath,11,killMap.csv,canonical_maps/JxPath-11/killMap.csv,canonical_included,7731903ffdfa9dd0265c716ffa78cc2e14e19d4419ce8b68deb9ab08aea0e53f,9031,Major 3.0.1 kill-map export on Defects4J 3.0.1 fixed revision
JxPath,11,mutants.log,canonical_maps/JxPath-11/mutants.log,canonical_included,3a4b50a486a7ac06fee9a8807689775817db72f5d50e37eb29bc21600e76d96b,33521,Major 3.0.1 kill-map export on Defects4J 3.0.1 fixed revision
JxPath,11,trigger_tests.txt,canonical_maps/JxPath-11/trigger_tests.txt,canonical_included,9befb9797e556ff042020e12006d89bed9c20203889c8ce071a53873690d275a,5938,Major 3.0.1 kill-map export on Defects4J 3.0.1 fixed revision
JxPath,7,testMap.csv,canonical_maps/JxPath-7/testMap.csv,canonical_included,929ee2573405e84e64f6b0b3298917ee769f756a7e7c5709ea570a47552b5bba,12374,Major 3.0.1 kill-map export on Defects4J 3.0.1 fixed revision
JxPath,7,covMap.csv,canonical_maps/JxPath-7/covMap.csv,canonical_included,df04affdc389621f13698bc0cf78ef00d7021c03e62ca65793e6c8bac290c055,1906,Major 3.0.1 kill-map export on Defects4J 3.0.1 fixed revision
JxPath,7,killMap.csv,canonical_maps/JxPath-7/killMap.csv,canonical_included,8d7197c7a0387b2d53c1d91d30e9641baceb6749df35b7056c103b12e3c1a692,2107,Major 3.0.1 kill-map export on Defects4J 3.0.1 fixed revision
JxPath,7,mutants.log,canonical_maps/JxPath-7/mutants.log,canonical_included,b07830f7c0d5e0e01f8caa182dbdbba4891a20f99cf9a2a909a1d15b70700419,10171,Major 3.0.1 kill-map export on Defects4J 3.0.1 fixed revision
JxPath,7,trigger_tests.txt,canonical_maps/JxPath-7/trigger_tests.txt,canonical_included,960107d0484cbda419aa63f7e71299b2469ce64a80e19d0833b95d1663fe3783,2952,Major 3.0.1 kill-map export on Defects4J 3.0.1 fixed revision
JacksonDatabind,88,testMap.csv,canonical_maps/JacksonDatabind-88/testMap.csv,canonical_included,4bb5b47489669466bb559f9ce2dde5a5a104b99b53cd7cb3f390d6eb4394cf10,22055,Major 3.0.1 kill-map export on Defects4J 3.0.1 fixed revision
JacksonDatabind,88,covMap.csv,canonical_maps/JacksonDatabind-88/covMap.csv,canonical_included,5eb8347becd27c5d9d576e9d10be04f92a8765547ebcd87b0243be1da255c582,9106,Major 3.0.1 kill-map export on Defects4J 3.0.1 fixed revision
JacksonDatabind,88,killMap.csv,canonical_maps/JacksonDatabind-88/killMap.csv,canonical_included,5e2ba526d9fb5cd3aa3f91c20c37f06c724143851e67bfa67c116e11d74d328f,1849,Major 3.0.1 kill-map export on Defects4J 3.0.1 fixed revision
JacksonDatabind,88,mutants.log,canonical_maps/JacksonDatabind-88/mutants.log,canonical_included,056d8ebcaff338855d1082fc7407d08be1d54e8a705abdb9d0d4a4193820eda5,10330,Major 3.0.1 kill-map export on Defects4J 3.0.1 fixed revision
JacksonDatabind,88,trigger_tests.txt,canonical_maps/JacksonDatabind-88/trigger_tests.txt,canonical_included,a15547fa25d9f4a268aaeebb97acf408a9e2ad19381e91de19bbd4616de83af3,3525,Major 3.0.1 kill-map export on Defects4J 3.0.1 fixed revision
Lang,4,testMap.csv,canonical_maps/Lang-4/testMap.csv,canonical_included,e0e81d3468e3d63d92c8859a16711818b96f871bf52369f237dfcadad407dd1e,10158,Major 3.0.1 kill-map export on Defects4J 3.0.1 fixed revision
Lang,4,covMap.csv,canonical_maps/Lang-4/covMap.csv,canonical_included,7b14886fb944b1e19a3d099d6538ec01cc7e56ac7c309d429e59c8d5a2251d16,6158,Major 3.0.1 kill-map export on Defects4J 3.0.1 fixed revision
Lang,4,killMap.csv,canonical_maps/Lang-4/killMap.csv,canonical_included,2c50836cde05f58b7b043fe6de3fd71d2094af2cefe4609a419985657a7e0f66,5232,Major 3.0.1 kill-map export on Defects4J 3.0.1 fixed revision
Lang,4,mutants.log,canonical_maps/Lang-4/mutants.log,canonical_included,559019f1a6846bd78aa4b0646b89e662c16c0335873e66d85d87fcaef8637030,6912,Major 3.0.1 kill-map export on Defects4J 3.0.1 fixed revision
Lang,4,trigger_tests.txt,canonical_maps/Lang-4/trigger_tests.txt,canonical_included,e016a7171c5dec5a20db9263d1a99569309381e8cd1bd864359d2a76f0e2168b,3431,Major 3.0.1 kill-map export on Defects4J 3.0.1 fixed revision
Closure,105,testMap.csv,canonical_maps/Closure-105/testMap.csv,canonical_included,983a131af999dcbca9a4b538a9676f3a11408247ad454d2f88205401f577c90f,7988,Major 3.0.1 kill-map export on Defects4J 3.0.1 fixed revision
Closure,105,covMap.csv,canonical_maps/Closure-105/covMap.csv,canonical_included,d4e679982935c3467b7003a5ac72d4e3a6a36580c3c174c496541e9dd8d844bf,112421,Major 3.0.1 kill-map export on Defects4J 3.0.1 fixed revision
Closure,105,killMap.csv,canonical_maps/Closure-105/killMap.csv,canonical_included,57fa820f78706674c7cff5bae5826c3cb7486904d6fc79f559b1b453f68a8c6e,56503,Major 3.0.1 kill-map export on Defects4J 3.0.1 fixed revision
Closure,105,mutants.log,canonical_maps/Closure-105/mutants.log,canonical_included,d7a56655f37264f8451150fe20ab1bf2361130c1e2de1746573e8760527f065a,424763,Major 3.0.1 kill-map export on Defects4J 3.0.1 fixed revision
Closure,105,trigger_tests.txt,canonical_maps/Closure-105/trigger_tests.txt,canonical_included,6942de6a771f95af1dbc9d711597538756fe4de6b9ca0cd4e99383585a3be400,4200,Major 3.0.1 kill-map export on Defects4J 3.0.1 fixed revision
Collections,28,testMap.csv,canonical_maps/Collections-28/testMap.csv,canonical_included,16ecec43d55eec3520eb07526494dfe80f45532d515af50e0ffb35374c2dea11,13726,Major 3.0.1 kill-map export on Defects4J 3.0.1 fixed revision
Collections,28,covMap.csv,canonical_maps/Collections-28/covMap.csv,canonical_included,09641e1d139f7b27931fd05c4a56754e8dfe67098d954efb140ff982c6d6ed4d,129569,Major 3.0.1 kill-map export on Defects4J 3.0.1 fixed revision
Collections,28,killMap.csv,canonical_maps/Collections-28/killMap.csv,canonical_included,c1736380c8881611a672d8201993c5de1275d3597f9d4f735d2df4dbcd6b3fcb,86159,Major 3.0.1 kill-map export on Defects4J 3.0.1 fixed revision
Collections,28,mutants.log,canonical_maps/Collections-28/mutants.log,canonical_included,dadda55036afb4f5277285f678b3fe8154772589b600cdc5c1b6ecf78fb12666,180276,Major 3.0.1 kill-map export on Defects4J 3.0.1 fixed revision
Collections,28,trigger_tests.txt,canonical_maps/Collections-28/trigger_tests.txt,canonical_included,2e11b27968de6ecc9d86902046eb740426586ab3b01c3928349b13111bad0d2a,2826,Major 3.0.1 kill-map export on Defects4J 3.0.1 fixed revision
Chart,25,testMap.csv,canonical_maps/Chart-25/testMap.csv,canonical_included,1f68b4eec35123fb68d0065482519f6bbeba14376003220dfc1910ce2d908608,888,Major 3.0.1 kill-map export on Defects4J 3.0.1 fixed revision
Chart,25,covMap.csv,canonical_maps/Chart-25/covMap.csv,canonical_included,573ba8128d8e11d9993e757db454c0f58976f3784ce6f7f608c5ed4d30f213a5,4586,Major 3.0.1 kill-map export on Defects4J 3.0.1 fixed revision
Chart,25,killMap.csv,canonical_maps/Chart-25/killMap.csv,canonical_included,861acd6b283bb6b43a229c3ebd44a7416d655e72f842ffcc6508c38c1b7ff9b8,512,Major 3.0.1 kill-map export on Defects4J 3.0.1 fixed revision
Chart,25,mutants.log,canonical_maps/Chart-25/mutants.log,canonical_included,4986debbc7735334115fbdd593f7727a6c789762110d785001b7cb6c373189ae,186125,Major 3.0.1 kill-map export on Defects4J 3.0.1 fixed revision
Chart,25,trigger_tests.txt,canonical_maps/Chart-25/trigger_tests.txt,canonical_included,820a99cba270069eff8bf2f7b35edd49634c929123ed7d10e84097abed1414e0,11424,Major 3.0.1 kill-map export on Defects4J 3.0.1 fixed revision
Lang,35,testMap.csv,canonical_maps/Lang-35/testMap.csv,canonical_included,1032096c89da731825d907990d1f1a2d9b427907d3ab0ab30297bce462dcccfb,60984,Major 3.0.1 kill-map export on Defects4J 3.0.1 fixed revision
Lang,35,covMap.csv,canonical_maps/Lang-35/covMap.csv,canonical_included,fe3711a31fcb9e25fd50770903720d11f8963900ec62d560060c07be8b654157,112585,Major 3.0.1 kill-map export on Defects4J 3.0.1 fixed revision
Lang,35,killMap.csv,canonical_maps/Lang-35/killMap.csv,canonical_included,3dc3109f3bac972a4a3e5b47cd789c6ea4f53cf9b15a5ab76c491671d33b5d71,103081,Major 3.0.1 kill-map export on Defects4J 3.0.1 fixed revision
Lang,35,mutants.log,canonical_maps/Lang-35/mutants.log,canonical_included,4a15acbfa08a887cb5bbe92c3337450a922b2a63600d1ddb42ad825068ce85fe,318910,Major 3.0.1 kill-map export on Defects4J 3.0.1 fixed revision
Lang,35,trigger_tests.txt,canonical_maps/Lang-35/trigger_tests.txt,canonical_included,eeef79b82d74dd254f2992ba2ab36a8fe1435aa09a165e617fbcd480701f85f3,2591,Major 3.0.1 kill-map export on Defects4J 3.0.1 fixed revision
JacksonXml,3,testMap.csv,canonical_maps/JacksonXml-3/testMap.csv,canonical_included,95c5756775aa04668a87022167e1d87898b1f8f9dc83a0824efa24b57ca48708,12021,Major 3.0.1 kill-map export on Defects4J 3.0.1 fixed revision
JacksonXml,3,covMap.csv,canonical_maps/JacksonXml-3/covMap.csv,canonical_included,f1a95a4079aa1e01d94a5e4d1876922fa2702120998610f72bc2039991561e35,45270,Major 3.0.1 kill-map export on Defects4J 3.0.1 fixed revision
JacksonXml,3,killMap.csv,canonical_maps/JacksonXml-3/killMap.csv,canonical_included,e8dea2169ed9d17c58e8c2b0a6ef4e0cd2837c90473c5d723d28c2cc3be9bb47,27212,Major 3.0.1 kill-map export on Defects4J 3.0.1 fixed revision
JacksonXml,3,mutants.log,canonical_maps/JacksonXml-3/mutants.log,canonical_included,43d9d4ce479dd2e8dbc5ae407824801fe3b9a1fdae51430c9a8736a587c13e40,56395,Major 3.0.1 kill-map export on Defects4J 3.0.1 fixed revision
JacksonXml,3,trigger_tests.txt,canonical_maps/JacksonXml-3/trigger_tests.txt,canonical_included,6863f7b714e6a8a7eb3732af9ea3e3c53278341b3a3fdff9d8fa88b6d7d1f12a,2833,Major 3.0.1 kill-map export on Defects4J 3.0.1 fixed revision
Closure,12,testMap.csv,canonical_maps/Closure-12/testMap.csv,canonical_included,d1cdd2ffaf34e5764f43105154030b92416d2191e31ac99bc33d7b2c488b17d9,28215,Major 3.0.1 kill-map export on Defects4J 3.0.1 fixed revision
Closure,12,covMap.csv,canonical_maps/Closure-12/covMap.csv,canonical_included,2324cffd70912c8c4d1ba62f5b3889f328f263252f32baacd8e7d528dbd55101,32024,Major 3.0.1 kill-map export on Defects4J 3.0.1 fixed revision
Closure,12,killMap.csv,canonical_maps/Closure-12/killMap.csv,canonical_included,3dcecbc90d77f7769d1c63c1cb63f013b5535a6e81c91e1afa45885dad6eec8c,9199,Major 3.0.1 kill-map export on Defects4J 3.0.1 fixed revision
Closure,12,mutants.log,canonical_maps/Closure-12/mutants.log,canonical_included,1cb2d9a0c662b7f654f9ef1148ad9da05676ca65b91cfe7f8b4a3e47e9811ded,20646,Major 3.0.1 kill-map export on Defects4J 3.0.1 fixed revision
Closure,12,trigger_tests.txt,canonical_maps/Closure-12/trigger_tests.txt,canonical_included,bbe898f2cc58c31bdc5694f44d216c51f7865495b6088e09357ec98ed765a181,12001,Major 3.0.1 kill-map export on Defects4J 3.0.1 fixed revision
JacksonCore,24,testMap.csv,canonical_maps/JacksonCore-24/testMap.csv,canonical_included,4b5698d9f7678c9f0ace0f36601f47fcd51f3a21c5120898e14036f8f603003c,46775,Major 3.0.1 kill-map export on Defects4J 3.0.1 fixed revision
JacksonCore,24,covMap.csv,canonical_maps/JacksonCore-24/covMap.csv,canonical_included,3885f7fa2433ca965a1f0d67fad9d222a36b3250775f6807cb8ad78845a262e9,140636,Major 3.0.1 kill-map export on Defects4J 3.0.1 fixed revision
JacksonCore,24,killMap.csv,canonical_maps/JacksonCore-24/killMap.csv,canonical_included,6dbe3f9e721496d19230e1817976f41ada25da7f47859d2fa07753a7aeed84b6,66938,Major 3.0.1 kill-map export on Defects4J 3.0.1 fixed revision
JacksonCore,24,mutants.log,canonical_maps/JacksonCore-24/mutants.log,canonical_included,570c5df93b2388d464e3d16463503fb9c5c78e3a24dcf38fd44936451eb5bfbc,157537,Major 3.0.1 kill-map export on Defects4J 3.0.1 fixed revision
JacksonCore,24,trigger_tests.txt,canonical_maps/JacksonCore-24/trigger_tests.txt,canonical_included,0eefea7c235b0e31dc92f817c4d970efaa6cb7b9b285b56fa94882928435d25c,25736,Major 3.0.1 kill-map export on Defects4J 3.0.1 fixed revision
Lang,55,testMap.csv,canonical_maps/Lang-55/testMap.csv,canonical_included,9cdb522710925fe61534131b3291d5075b5f8c8fa3ffb977173b34a75b65e7df,433,Major 3.0.1 kill-map export on Defects4J 3.0.1 fixed revision
Lang,55,covMap.csv,canonical_maps/Lang-55/covMap.csv,canonical_included,2c549325744bb91d494a1d6739bb27ab8a83eb0944ead472889d4eb15e7e0707,1458,Major 3.0.1 kill-map export on Defects4J 3.0.1 fixed revision
Lang,55,killMap.csv,canonical_maps/Lang-55/killMap.csv,canonical_included,1349960a2c4da69a1d7880647c9103236f6ad624b0f7c079556cfa1d59423ff8,931,Major 3.0.1 kill-map export on Defects4J 3.0.1 fixed revision
Lang,55,mutants.log,canonical_maps/Lang-55/mutants.log,canonical_included,bad4088910f7ea99b3824d31326d1c6bce71541e3b282556bc1598daca8fef0d,14426,Major 3.0.1 kill-map export on Defects4J 3.0.1 fixed revision
Lang,55,trigger_tests.txt,canonical_maps/Lang-55/trigger_tests.txt,canonical_included,3b6d69f05b6539424ced107263508fa656a607bdf0e4b589e4e0924a32ffe1f6,2751,Major 3.0.1 kill-map export on Defects4J 3.0.1 fixed revision
Codec,15,testMap.csv,canonical_maps/Codec-15/testMap.csv,canonical_included,b1d409a2b4cef5e39d890fa227827d25b8e56a75a1d073544c64f1bdfaf2ec0b,2382,Major 3.0.1 kill-map export on Defects4J 3.0.1 fixed revision
Codec,15,covMap.csv,canonical_maps/Codec-15/covMap.csv,canonical_included,8c124dc4d09fbb343cfc40cd1316335a4399d8fac189d883b2da724b62be2970,13349,Major 3.0.1 kill-map export on Defects4J 3.0.1 fixed revision
Codec,15,killMap.csv,canonical_maps/Codec-15/killMap.csv,canonical_included,63dc2594511c5b1b4a41a01ecf04c3e3f74aecb175dd9bc6e721b45399ea1448,11295,Major 3.0.1 kill-map export on Defects4J 3.0.1 fixed revision
Codec,15,mutants.log,canonical_maps/Codec-15/mutants.log,canonical_included,cf0d3251c3199161e27c4dc7c2571286681607d4a3e79ba63cee9881e5e52f7e,14890,Major 3.0.1 kill-map export on Defects4J 3.0.1 fixed revision
Codec,15,trigger_tests.txt,canonical_maps/Codec-15/trigger_tests.txt,canonical_included,f959b44e99f8987f2014e8889fc7017521df5a3d884bf60d7f061c30ad79c538,3281,Major 3.0.1 kill-map export on Defects4J 3.0.1 fixed revision
Math,3,testMap.csv,canonical_maps/Math-3/testMap.csv,canonical_included,e587965dcef3b04c7be455569a5061924e502b69a54e03109b1ca2b2351d3fa9,201514,Major 3.0.1 kill-map export on Defects4J 3.0.1 fixed revision
Math,3,covMap.csv,canonical_maps/Math-3/covMap.csv,canonical_included,a963da3c37e7128dcce7bb78979d7a378410464b06ed396a83ed4385f8e3c4de,422499,Major 3.0.1 kill-map export on Defects4J 3.0.1 fixed revision
Math,3,killMap.csv,canonical_maps/Math-3/killMap.csv,canonical_included,a1c5a285f365221009eb64d39aeb6970fc787e041ca746821d0c96a16c713797,267398,Major 3.0.1 kill-map export on Defects4J 3.0.1 fixed revision
Math,3,mutants.log,canonical_maps/Math-3/mutants.log,canonical_included,1078273f664fb64205188bfee57cca09005f6952be640ebeb263ce179fbeec4b,321821,Major 3.0.1 kill-map export on Defects4J 3.0.1 fixed revision
Math,3,trigger_tests.txt,canonical_maps/Math-3/trigger_tests.txt,canonical_included,885f69381cf87b068bbc6ed83b663ab8cc3cc655c22d406a7cd412f058fdcab9,3295,Major 3.0.1 kill-map export on Defects4J 3.0.1 fixed revision
JxPath,10,testMap.csv,canonical_maps/JxPath-10/testMap.csv,canonical_included,9b404a886c11014a2335c5648f4cd04cb5ecb9126d0dc3746b3dc96ac03aaae0,12535,Major 3.0.1 kill-map export on Defects4J 3.0.1 fixed revision
JxPath,10,covMap.csv,canonical_maps/JxPath-10/covMap.csv,canonical_included,ed067b260d87e7ee4f807d5a1c1cb13e2e1e3837859e9706419893c3db3f2e59,1960,Major 3.0.1 kill-map export on Defects4J 3.0.1 fixed revision
JxPath,10,killMap.csv,canonical_maps/JxPath-10/killMap.csv,canonical_included,64938487cfb14fca312a7cab2af158028c6d2daf454de9c6c16ffe2cde6498a6,2017,Major 3.0.1 kill-map export on Defects4J 3.0.1 fixed revision
JxPath,10,mutants.log,canonical_maps/JxPath-10/mutants.log,canonical_included,9ff91e37506e06a8df02705945d99e942a8054ed275e1a7ec623820f577327b0,8421,Major 3.0.1 kill-map export on Defects4J 3.0.1 fixed revision
JxPath,10,trigger_tests.txt,canonical_maps/JxPath-10/trigger_tests.txt,canonical_included,419558b79019c02873fa8bdd81090cc46d6e758d9a9acc8a6f0de643953470f1,2969,Major 3.0.1 kill-map export on Defects4J 3.0.1 fixed revision
Lang,32,testMap.csv,canonical_maps/Lang-32/testMap.csv,canonical_included,1523bfe80a3185b57991e9bce39003d683d44717e7bab7234a2d9f9ff8935acd,3603,Major 3.0.1 kill-map export on Defects4J 3.0.1 fixed revision
Lang,32,covMap.csv,canonical_maps/Lang-32/covMap.csv,canonical_included,a3cd144f9811b20bab18db5988449d9c2aca2e98a16e9f9b35fd162e34cceb5e,14934,Major 3.0.1 kill-map export on Defects4J 3.0.1 fixed revision
Lang,32,killMap.csv,canonical_maps/Lang-32/killMap.csv,canonical_included,521c5f4eda24019c0ab9f6046960d06c8c401a7ab35a21a95d4d6c796f4452e8,11424,Major 3.0.1 kill-map export on Defects4J 3.0.1 fixed revision
Lang,32,mutants.log,canonical_maps/Lang-32/mutants.log,canonical_included,023c09f7916791625e647da9f3d7c5cb99d4b8c1a25350adfc725c174b79c9dc,52904,Major 3.0.1 kill-map export on Defects4J 3.0.1 fixed revision
Lang,32,trigger_tests.txt,canonical_maps/Lang-32/trigger_tests.txt,canonical_included,c9a8fac57f8dc478e1a395932a6602553397ebb75d2c4cb984b1649f5c17b0f5,2891,Major 3.0.1 kill-map export on Defects4J 3.0.1 fixed revision
Csv,15,testMap.csv,canonical_maps/Csv-15/testMap.csv,canonical_included,120ce49bc814ced6af41f5e452e24f6b6535c1231f775f64972e26f7ed9c2c59,18558,Major 3.0.1 kill-map export on Defects4J 3.0.1 fixed revision
Csv,15,covMap.csv,canonical_maps/Csv-15/covMap.csv,canonical_included,1e5e47fb2ca3de15e852230f4a8bd896b63528f7a02be617fe26431db31bc4b6,200941,Major 3.0.1 kill-map export on Defects4J 3.0.1 fixed revision
Csv,15,killMap.csv,canonical_maps/Csv-15/killMap.csv,canonical_included,f220e7c518c17d19a1883c9a517e7666f7bc0630a3bdbb18c9d86bd46d71598f,169148,Major 3.0.1 kill-map export on Defects4J 3.0.1 fixed revision
Csv,15,mutants.log,canonical_maps/Csv-15/mutants.log,canonical_included,cd1d0ffe78d7299fe358e621de3fbf05e17d8abb565fdd13297cc366cb9e804f,97318,Major 3.0.1 kill-map export on Defects4J 3.0.1 fixed revision
Csv,15,trigger_tests.txt,canonical_maps/Csv-15/trigger_tests.txt,canonical_included,fa4f2410e05f537eb989d00768572549830becb2db2e429be05a5a0f0ada68d9,3309,Major 3.0.1 kill-map export on Defects4J 3.0.1 fixed revision
Chart,24,testMap.csv,canonical_maps/Chart-24/testMap.csv,canonical_included,bf72eee4b7880800cca19c1f4e8c067a704ff2b1a48bc715a73467701bb0cc18,1102,Major 3.0.1 kill-map export on Defects4J 3.0.1 fixed revision
Chart,24,covMap.csv,canonical_maps/Chart-24/covMap.csv,canonical_included,bb3f1d57965786667d894fe6237edb230c79db1e5dbb9bee2806c9f949082b47,806,Major 3.0.1 kill-map export on Defects4J 3.0.1 fixed revision
Chart,24,killMap.csv,canonical_maps/Chart-24/killMap.csv,canonical_included,976d2e30f8894c5f5b12e24bbf6d3c38cdd59bfca2c93aac993e7b7ce657e60b,858,Major 3.0.1 kill-map export on Defects4J 3.0.1 fixed revision
Chart,24,mutants.log,canonical_maps/Chart-24/mutants.log,canonical_included,ce28762e71ae5b4ffb8af4a787cfbe7aaeca85a854792ed5e8e1cd2adb0f4b3d,6291,Major 3.0.1 kill-map export on Defects4J 3.0.1 fixed revision
Chart,24,trigger_tests.txt,canonical_maps/Chart-24/trigger_tests.txt,canonical_included,cc8923e9b7bd1f3747cca1519c2ac417ded826aa7cfb54e33a24eff996ab6402,2834,Major 3.0.1 kill-map export on Defects4J 3.0.1 fixed revision
Jsoup,15,testMap.csv,canonical_maps/Jsoup-15/testMap.csv,canonical_included,893e15d8e7f1cb0ba6e325e733cd479dde8106c25fb037a20fddd5fe690a1205,12399,Major 3.0.1 kill-map export on Defects4J 3.0.1 fixed revision
Jsoup,15,covMap.csv,canonical_maps/Jsoup-15/covMap.csv,canonical_included,42eb3b65a7b75e0eb8fa85ccc73a8ce8a6f0463c7fd482e39828e85eb92b2a13,333890,Major 3.0.1 kill-map export on Defects4J 3.0.1 fixed revision
Jsoup,15,killMap.csv,canonical_maps/Jsoup-15/killMap.csv,canonical_included,de568951db099d5ad4d4612385cc065f48b77b9d5f731659dc12fcaaf58a8d8b,186699,Major 3.0.1 kill-map export on Defects4J 3.0.1 fixed revision
Jsoup,15,mutants.log,canonical_maps/Jsoup-15/mutants.log,canonical_included,34d20c7135099052a7293be25f90469ef6563094af1f38975557bba65d82c7e1,255587,Major 3.0.1 kill-map export on Defects4J 3.0.1 fixed revision
Jsoup,15,trigger_tests.txt,canonical_maps/Jsoup-15/trigger_tests.txt,canonical_included,e32f129454565fd5621b28b61ed65151dcf7541e0b480791f356258b8d8f2cba,3279,Major 3.0.1 kill-map export on Defects4J 3.0.1 fixed revision
Compress,15,testMap.csv,canonical_maps/Compress-15/testMap.csv,canonical_included,babd5141aa7780b82424741ea32cf238832c780c9ed1cab745265e75d9e82360,8945,Major 3.0.1 kill-map export on Defects4J 3.0.1 fixed revision
Compress,15,covMap.csv,canonical_maps/Compress-15/covMap.csv,canonical_included,18f9ff51dd6f20ae25eeb4a8de19c6f6b655cb66446e6b1c1fe59a15f19f5077,34375,Major 3.0.1 kill-map export on Defects4J 3.0.1 fixed revision
Compress,15,killMap.csv,canonical_maps/Compress-15/killMap.csv,canonical_included,395fb61d3c6de0d83c5133afce9459095f6862a4f48981ac1524d6ef2655c4e1,12161,Major 3.0.1 kill-map export on Defects4J 3.0.1 fixed revision
Compress,15,mutants.log,canonical_maps/Compress-15/mutants.log,canonical_included,07b7c673a7e667f340fb483d44e2c7131b9160562943db9ba90ed1747812efb1,64855,Major 3.0.1 kill-map export on Defects4J 3.0.1 fixed revision
Compress,15,trigger_tests.txt,canonical_maps/Compress-15/trigger_tests.txt,canonical_included,2f30b2e3a524676205ff8b7757aab8f1f00d0c7c91570f99a08a75088b813250,2933,Major 3.0.1 kill-map export on Defects4J 3.0.1 fixed revision
JacksonCore,11,testMap.csv,canonical_maps/JacksonCore-11/testMap.csv,canonical_included,019911eb4c82c2a96dc47827e51ac176450c4810286bff0292f288b2c177e165,23969,Major 3.0.1 kill-map export on Defects4J 3.0.1 fixed revision
JacksonCore,11,covMap.csv,canonical_maps/JacksonCore-11/covMap.csv,canonical_included,aab6c70e91f7a578c5040866d6e914f8703dbf8d1736a638b2ad735bf6cd67eb,276807,Major 3.0.1 kill-map export on Defects4J 3.0.1 fixed revision
JacksonCore,11,killMap.csv,canonical_maps/JacksonCore-11/killMap.csv,canonical_included,f6ea893694c9fe07c93b807dc3ac7be4f8da4c0d27af3b210ad3a66b49db8515,76640,Major 3.0.1 kill-map export on Defects4J 3.0.1 fixed revision
JacksonCore,11,mutants.log,canonical_maps/JacksonCore-11/mutants.log,canonical_included,8bfa39639a190ce3b2f6c96c08382eb8bd8fcaaf9e73ae96b90bbcb40f748c29,260342,Major 3.0.1 kill-map export on Defects4J 3.0.1 fixed revision
JacksonCore,11,trigger_tests.txt,canonical_maps/JacksonCore-11/trigger_tests.txt,canonical_included,8c96f6406020b6cf44d13bfec1fb6666c8c8f2c2fa4423913bfc4925a638c5d6,3209,Major 3.0.1 kill-map export on Defects4J 3.0.1 fixed revision
JxPath,14,testMap.csv,canonical_maps/JxPath-14/testMap.csv,canonical_included,ca387aa3959aa5878863f3512986c373e0b7ae68a63421732e788f84c761d961,23652,Major 3.0.1 kill-map export on Defects4J 3.0.1 fixed revision
JxPath,14,covMap.csv,canonical_maps/JxPath-14/covMap.csv,canonical_included,0b48afb1240c72b195bc3b5487dbaf5b293723c37b58a4107d9dd5967d21139c,16651,Major 3.0.1 kill-map export on Defects4J 3.0.1 fixed revision
JxPath,14,killMap.csv,canonical_maps/JxPath-14/killMap.csv,canonical_included,d58d3e1d7e409f8faae4fe82ef969d82e0418c77c8e923b49e8159733e4cb103,13427,Major 3.0.1 kill-map export on Defects4J 3.0.1 fixed revision
JxPath,14,mutants.log,canonical_maps/JxPath-14/mutants.log,canonical_included,57b7f0c89b9d1fc50afdb1c4c968cc4b79e744272a6b61dce62af7f1e3e47e0b,76792,Major 3.0.1 kill-map export on Defects4J 3.0.1 fixed revision
JxPath,14,trigger_tests.txt,canonical_maps/JxPath-14/trigger_tests.txt,canonical_included,e441128c3a48526c5f610715a5219cc83a84cd9c0e8a911e758896335a2a8c26,2940,Major 3.0.1 kill-map export on Defects4J 3.0.1 fixed revision
Jsoup,7,testMap.csv,canonical_maps/Jsoup-7/testMap.csv,canonical_included,ad02c7b64ac0fcc4d89fe5b4a1428960adb6239cbec7460064010e4a9a92c46f,9765,Major 3.0.1 kill-map export on Defects4J 3.0.1 fixed revision
Jsoup,7,covMap.csv,canonical_maps/Jsoup-7/covMap.csv,canonical_included,8ae1fa940aeffe7086067f31026035c090a7bf8b6247d74b0e57dd81933ae34d,37943,Major 3.0.1 kill-map export on Defects4J 3.0.1 fixed revision
Jsoup,7,killMap.csv,canonical_maps/Jsoup-7/killMap.csv,canonical_included,16df3e594ec6f7a66b1ec4b8a3854b1916ce6f99c5ce8447f538bd9d9614d861,19959,Major 3.0.1 kill-map export on Defects4J 3.0.1 fixed revision
Jsoup,7,mutants.log,canonical_maps/Jsoup-7/mutants.log,canonical_included,c5a2940777a7f4b7282407f67ec626a465cabbe7ee364ef39c4cd0402aa3ed77,9606,Major 3.0.1 kill-map export on Defects4J 3.0.1 fixed revision
Jsoup,7,trigger_tests.txt,canonical_maps/Jsoup-7/trigger_tests.txt,canonical_included,d1e81e29475b04878a3f69666cdff0168703361acc2e62388d1208a27fab09d2,3436,Major 3.0.1 kill-map export on Defects4J 3.0.1 fixed revision
Closure,53,testMap.csv,canonical_maps/Closure-53/testMap.csv,canonical_included,ff18b1d59fab15490ef0a044b83b803a453c2ee41ac533481bb33ae47d2039e7,9083,Major 3.0.1 kill-map export on Defects4J 3.0.1 fixed revision
Closure,53,covMap.csv,canonical_maps/Closure-53/covMap.csv,canonical_included,8f3859f88a06fcf793e2eb129231495ec327dcc2c54d11e4f50afcea2075eb09,32570,Major 3.0.1 kill-map export on Defects4J 3.0.1 fixed revision
Closure,53,killMap.csv,canonical_maps/Closure-53/killMap.csv,canonical_included,c2bd749880ba852d658346bc8a428415a8de33d0dbda3fc08968c8697e04c622,16596,Major 3.0.1 kill-map export on Defects4J 3.0.1 fixed revision
Closure,53,mutants.log,canonical_maps/Closure-53/mutants.log,canonical_included,8bd93eda72de9a5c3a5c9dd5d62ee0459e34e75fc8a72127d46d904b53ad2069,66112,Major 3.0.1 kill-map export on Defects4J 3.0.1 fixed revision
Closure,53,trigger_tests.txt,canonical_maps/Closure-53/trigger_tests.txt,canonical_included,372b5666a5482ab746abb0230d579ccdf943d813647a4ff1251fa5b2788a628f,4968,Major 3.0.1 kill-map export on Defects4J 3.0.1 fixed revision
Cli,35,testMap.csv,canonical_maps/Cli-35/testMap.csv,canonical_included,700ae9a19e52624c4befe7dcd9c5f39b36eda8c12b9d8d2bb9b22b1f7e52a077,28220,Major 3.0.1 kill-map export on Defects4J 3.0.1 fixed revision
Cli,35,covMap.csv,canonical_maps/Cli-35/covMap.csv,canonical_included,51c236452ab9e62ea4e6738fbfc5ee6a5d955ce922406ab522e3790507ed332b,36278,Major 3.0.1 kill-map export on Defects4J 3.0.1 fixed revision
Cli,35,killMap.csv,canonical_maps/Cli-35/killMap.csv,canonical_included,c16920d809d98c953e213d779e2a5d32303f8fd8a5a52095fcdc9540c863470b,21967,Major 3.0.1 kill-map export on Defects4J 3.0.1 fixed revision
Cli,35,mutants.log,canonical_maps/Cli-35/mutants.log,canonical_included,94d0d13df1ae440207afb0b5dd4b704e83be0c65e57d5839991e08967c935149,6398,Major 3.0.1 kill-map export on Defects4J 3.0.1 fixed revision
Cli,35,trigger_tests.txt,canonical_maps/Cli-35/trigger_tests.txt,canonical_included,01b702eb733b57488a2c3b4a96f518bcd89af7e2411d278e8ec9dde7fe9d017a,3783,Major 3.0.1 kill-map export on Defects4J 3.0.1 fixed revision
JxPath,4,testMap.csv,canonical_maps/JxPath-4/testMap.csv,canonical_included,f4b7925dc14f66a4b23d6f2a9e0c4f66eca7bcc6af2d2008ef49efbc75a72e6f,27321,Major 3.0.1 kill-map export on Defects4J 3.0.1 fixed revision
JxPath,4,covMap.csv,canonical_maps/JxPath-4/covMap.csv,canonical_included,d20d5f6c8e58542d553c6d33ca873b02565bb642df2bd9328a91d09aac97a872,63979,Major 3.0.1 kill-map export on Defects4J 3.0.1 fixed revision
JxPath,4,killMap.csv,canonical_maps/JxPath-4/killMap.csv,canonical_included,3049e4a68ddcf4af37944bcb087a39b55f734dd9f828c51b55089d77b8e0b0e6,49241,Major 3.0.1 kill-map export on Defects4J 3.0.1 fixed revision
JxPath,4,mutants.log,canonical_maps/JxPath-4/mutants.log,canonical_included,0c5f2dda6ee7db85dfebac6e9342800b4703b5ff33440f42ff7005397405974e,164034,Major 3.0.1 kill-map export on Defects4J 3.0.1 fixed revision
JxPath,4,trigger_tests.txt,canonical_maps/JxPath-4/trigger_tests.txt,canonical_included,ad7628e134ec71f23e95442d3f8fc4a5b7b2fd7bc9236ec1c14dfd81d8352b6e,17816,Major 3.0.1 kill-map export on Defects4J 3.0.1 fixed revision
Chart,11,testMap.csv,canonical_maps/Chart-11/testMap.csv,canonical_included,4f35123471173bb3d7027aed83a7fe463799f7c42dd05e232b2104f5f7557180,42319,Major 3.0.1 kill-map export on Defects4J 3.0.1 fixed revision
Chart,11,covMap.csv,canonical_maps/Chart-11/covMap.csv,canonical_included,0334f39885ada9c3018bc6f453b6b32da1caff2336e6efb5c1f7e2be894f5bb0,44516,Major 3.0.1 kill-map export on Defects4J 3.0.1 fixed revision
Chart,11,killMap.csv,canonical_maps/Chart-11/killMap.csv,canonical_included,59ba46f6e12d25715c3a80575802ab9c8f00718bc1ec02aa5316258086891bfd,18419,Major 3.0.1 kill-map export on Defects4J 3.0.1 fixed revision
Chart,11,mutants.log,canonical_maps/Chart-11/mutants.log,canonical_included,0b1d5fbebf8c837775d8ce169b2e3ebd3886ea661aca4d9eb7e2fbde865682bf,79636,Major 3.0.1 kill-map export on Defects4J 3.0.1 fixed revision
Chart,11,trigger_tests.txt,canonical_maps/Chart-11/trigger_tests.txt,canonical_included,6e099407c70204f8be5458d196a2f009f095c8959b0aa610f7815f85f26067bd,2842,Major 3.0.1 kill-map export on Defects4J 3.0.1 fixed revision
Math,103,testMap.csv,canonical_maps/Math-103/testMap.csv,canonical_included,077948adb9d6deb78e75e744f10afbad84f33fbe0a6a17d022409e9dd32be0e0,1852,Major 3.0.1 kill-map export on Defects4J 3.0.1 fixed revision
Math,103,covMap.csv,canonical_maps/Math-103/covMap.csv,canonical_included,101e92d762dc732fbb4062046aac54813b91757fe66189bcf3eab8892d35b34b,3195,Major 3.0.1 kill-map export on Defects4J 3.0.1 fixed revision
Math,103,killMap.csv,canonical_maps/Math-103/killMap.csv,canonical_included,e9fcf5f87c9662ba358e1ada55bb6582dc9e7fb22e77f18173e3ad264b102d15,2889,Major 3.0.1 kill-map export on Defects4J 3.0.1 fixed revision
Math,103,mutants.log,canonical_maps/Math-103/mutants.log,canonical_included,223512fb50687c2a90a7da87f2b765b93dcc30c31b306ea4539e2c4786040f3f,19333,Major 3.0.1 kill-map export on Defects4J 3.0.1 fixed revision
Math,103,trigger_tests.txt,canonical_maps/Math-103/trigger_tests.txt,canonical_included,2aa6b123e1085487dbf6dd92a60097fb79d449894046650633507b3b4428ff9b,2909,Major 3.0.1 kill-map export on Defects4J 3.0.1 fixed revision
Codec,8,testMap.csv,canonical_maps/Codec-8/testMap.csv,canonical_included,e431c4f061a37c47e04a0fa560c2000a1418ce77cf8b4e3858e2871f69944519,6479,Major 3.0.1 kill-map export on Defects4J 3.0.1 fixed revision
Codec,8,covMap.csv,canonical_maps/Codec-8/covMap.csv,canonical_included,5d662087e9e05105dab6a17e9ccb38c224058183c150c3b358645dddf83ca22e,291371,Major 3.0.1 kill-map export on Defects4J 3.0.1 fixed revision
Codec,8,killMap.csv,canonical_maps/Codec-8/killMap.csv,canonical_included,99050feccc9e8fe915e1325bddb18fbb5f222b1b1acb728f5548878e18f4d37c,155505,Major 3.0.1 kill-map export on Defects4J 3.0.1 fixed revision
Codec,8,mutants.log,canonical_maps/Codec-8/mutants.log,canonical_included,bcae2061bdc1e12886abaf169777004b26eea549fdbfe2c1e833f409957e219e,129535,Major 3.0.1 kill-map export on Defects4J 3.0.1 fixed revision
Codec,8,trigger_tests.txt,canonical_maps/Codec-8/trigger_tests.txt,canonical_included,59a7a06480a4651a819ea1bf7e5d93646c7f7c32601da452c6dd80c852dfcfa4,2815,Major 3.0.1 kill-map export on Defects4J 3.0.1 fixed revision
Jsoup,35,testMap.csv,canonical_maps/Jsoup-35/testMap.csv,canonical_included,4848d96fdb9aee89687f5739c6a6b60754606be9ac54d32270ef14c2f115705f,19193,Major 3.0.1 kill-map export on Defects4J 3.0.1 fixed revision
Jsoup,35,covMap.csv,canonical_maps/Jsoup-35/covMap.csv,canonical_included,ae7408221ec7a491b291929d6293142056f71ccb88a7d297e3a2d3817df6b3f5,460797,Major 3.0.1 kill-map export on Defects4J 3.0.1 fixed revision
Jsoup,35,killMap.csv,canonical_maps/Jsoup-35/killMap.csv,canonical_included,1bc656e7c3be0d94b0c56ed47ca7f977e9e65a961968f806df008d90d239d405,253473,Major 3.0.1 kill-map export on Defects4J 3.0.1 fixed revision
Jsoup,35,mutants.log,canonical_maps/Jsoup-35/mutants.log,canonical_included,2cf24279a79e11eb890838cc4301f764e8d700fad2096f0cded0d4a817a2ecf8,268789,Major 3.0.1 kill-map export on Defects4J 3.0.1 fixed revision
Jsoup,35,trigger_tests.txt,canonical_maps/Jsoup-35/trigger_tests.txt,canonical_included,af96d4831fad82db0547d1f82df0c29e116d5886e033d48a7049a1197939298b,3377,Major 3.0.1 kill-map export on Defects4J 3.0.1 fixed revision
Jsoup,82,testMap.csv,canonical_maps/Jsoup-82/testMap.csv,canonical_included,6135500f1436c4a7498d995729e3e3416e9bbe968a11754ef8d1b4bc71c9c5c7,14773,Major 3.0.1 kill-map export on Defects4J 3.0.1 fixed revision
Jsoup,82,covMap.csv,canonical_maps/Jsoup-82/covMap.csv,canonical_included,f00e22c4c94dc112e5859292c1c91c865dc16db42b60b8d5c2ad6ac49ed369e3,55109,Major 3.0.1 kill-map export on Defects4J 3.0.1 fixed revision
Jsoup,82,killMap.csv,canonical_maps/Jsoup-82/killMap.csv,canonical_included,2f8a2a863291e8fcb9c8c9f539ba0fe9d5930252174bc36df09628e5386e0f15,18445,Major 3.0.1 kill-map export on Defects4J 3.0.1 fixed revision
Jsoup,82,mutants.log,canonical_maps/Jsoup-82/mutants.log,canonical_included,e1ce6b86b051588d1831590582ef0bebe074e12598a21d4c263f70466f4d8005,48390,Major 3.0.1 kill-map export on Defects4J 3.0.1 fixed revision
Jsoup,82,trigger_tests.txt,canonical_maps/Jsoup-82/trigger_tests.txt,canonical_included,3e0ad51d96be962d2bce4d6f84ebaa6e88d054e6d01aa14a38c4c6f48eea2976,3289,Major 3.0.1 kill-map export on Defects4J 3.0.1 fixed revision
Lang,41,testMap.csv,canonical_maps/Lang-41/testMap.csv,canonical_included,385b28f905e246b35249b0f2bf8ff1a28b3914ce2931f5709548c19f4a18d8ef,19590,Major 3.0.1 kill-map export on Defects4J 3.0.1 fixed revision
Lang,41,covMap.csv,canonical_maps/Lang-41/covMap.csv,canonical_included,5f190e0676a29556b6a88fc9b2df01988f5081fad842d084d7bd5993eb8790f9,26770,Major 3.0.1 kill-map export on Defects4J 3.0.1 fixed revision
Lang,41,killMap.csv,canonical_maps/Lang-41/killMap.csv,canonical_included,7cd77f0d9e479b8532f3f9caa4c6bb2975b845a9491ca5d5c61d7520f6861983,13995,Major 3.0.1 kill-map export on Defects4J 3.0.1 fixed revision
Lang,41,mutants.log,canonical_maps/Lang-41/mutants.log,canonical_included,931f405ab69b2682342024e998a6904c3c0164f2e46385e632a9147419553612,70249,Major 3.0.1 kill-map export on Defects4J 3.0.1 fixed revision
Lang,41,trigger_tests.txt,canonical_maps/Lang-41/trigger_tests.txt,canonical_included,81fb9c24678811021995768b7ccaaa7a84436be9e64cd49fde9b7f96edbe5cc1,5554,Major 3.0.1 kill-map export on Defects4J 3.0.1 fixed revision
Codec,7,testMap.csv,canonical_maps/Codec-7/testMap.csv,canonical_included,e909b6fe2f80c55ea69aa99976e04d700cd3c553054cc808e2b9c11d7610a534,6408,Major 3.0.1 kill-map export on Defects4J 3.0.1 fixed revision
Codec,7,covMap.csv,canonical_maps/Codec-7/covMap.csv,canonical_included,0c43a6c87c50deff166ce232421d366a7a7d9044977aa29bcdd1b89c91b76cd4,290868,Major 3.0.1 kill-map export on Defects4J 3.0.1 fixed revision
Codec,7,killMap.csv,canonical_maps/Codec-7/killMap.csv,canonical_included,70e189700a34c717b72802d805e633b2f0b45ce25661441dc6213a018f2e4036,159206,Major 3.0.1 kill-map export on Defects4J 3.0.1 fixed revision
Codec,7,mutants.log,canonical_maps/Codec-7/mutants.log,canonical_included,c9c6d27ac77bb0a3820896f270dad8c21feec9d9105d2a5adaeb666e6e17dda6,119718,Major 3.0.1 kill-map export on Defects4J 3.0.1 fixed revision
Codec,7,trigger_tests.txt,canonical_maps/Codec-7/trigger_tests.txt,canonical_included,45c8385c140c0638768956e9cb22c93e8f7b7570037037cdcdea89b0388f01dc,5546,Major 3.0.1 kill-map export on Defects4J 3.0.1 fixed revision
Closure,151,testMap.csv,canonical_maps/Closure-151/testMap.csv,canonical_included,b97b205f24b32c87688fa9d6ecfce789fe283521e93530cade2fe85e05658149,3105,Major 3.0.1 kill-map export on Defects4J 3.0.1 fixed revision
Closure,151,covMap.csv,canonical_maps/Closure-151/covMap.csv,canonical_included,2867123a3252f8a6097d2ca711e38c947127b221dc61c4d92cd1223f26644159,10894,Major 3.0.1 kill-map export on Defects4J 3.0.1 fixed revision
Closure,151,killMap.csv,canonical_maps/Closure-151/killMap.csv,canonical_included,90f2b78d8c185eedc9d78d558db98e2dc04c77ebd6cd7665848970cf96bb2184,7159,Major 3.0.1 kill-map export on Defects4J 3.0.1 fixed revision
Closure,151,mutants.log,canonical_maps/Closure-151/mutants.log,canonical_included,5b9e8733159562cc5aa494e41e6469e0d6840cfe3574850ace2657ce49a750d9,16865,Major 3.0.1 kill-map export on Defects4J 3.0.1 fixed revision
Closure,151,trigger_tests.txt,canonical_maps/Closure-151/trigger_tests.txt,canonical_included,b69296b5ccf1f450c0b33268b56e48b4b759acc51aa0ea4df8516ad277015bfd,3254,Major 3.0.1 kill-map export on Defects4J 3.0.1 fixed revision
JxPath,12,testMap.csv,canonical_maps/JxPath-12/testMap.csv,canonical_included,3d78002487941b7c2c465821811d48db426357fb79e2204016e6ecf91cf3c91f,28628,Major 3.0.1 kill-map export on Defects4J 3.0.1 fixed revision
JxPath,12,covMap.csv,canonical_maps/JxPath-12/covMap.csv,canonical_included,b8c0859d62ea68d38e9d0cf03f37b6a5eba963da374f912e84495a4572b2b39d,48123,Major 3.0.1 kill-map export on Defects4J 3.0.1 fixed revision
JxPath,12,killMap.csv,canonical_maps/JxPath-12/killMap.csv,canonical_included,1fc8477aca8986b04f2d5078638260a60ef91dc5c388115fbc1ff944c7147704,35885,Major 3.0.1 kill-map export on Defects4J 3.0.1 fixed revision
JxPath,12,mutants.log,canonical_maps/JxPath-12/mutants.log,canonical_included,40af6011e045ff979f9eb27a171f53906604e1901b0ca462b16ace88d7181bf4,93827,Major 3.0.1 kill-map export on Defects4J 3.0.1 fixed revision
JxPath,12,trigger_tests.txt,canonical_maps/JxPath-12/trigger_tests.txt,canonical_included,8f30f7d0e0bbfda16b2a867dbc3b26948b027746f8fbe164c33211ad6427931a,3156,Major 3.0.1 kill-map export on Defects4J 3.0.1 fixed revision
JacksonDatabind,107,testMap.csv,canonical_maps/JacksonDatabind-107/testMap.csv,canonical_included,e7f51e3a251236316249f83692f422c65672a58bf4cc01f8d23fe5c745893948,43063,Major 3.0.1 kill-map export on Defects4J 3.0.1 fixed revision
JacksonDatabind,107,covMap.csv,canonical_maps/JacksonDatabind-107/covMap.csv,canonical_included,779493dd297635f7a964181da74c2a14d7bb6e5adcf9819fcf21c9f09251c8a5,24410,Major 3.0.1 kill-map export on Defects4J 3.0.1 fixed revision
JacksonDatabind,107,killMap.csv,canonical_maps/JacksonDatabind-107/killMap.csv,canonical_included,485e5c3b8228cb58d2224cff776f10cfdda990bef54da2704a107d72897d0fb2,15457,Major 3.0.1 kill-map export on Defects4J 3.0.1 fixed revision
JacksonDatabind,107,mutants.log,canonical_maps/JacksonDatabind-107/mutants.log,canonical_included,a7341fdb4e985bb0f610ae795199292d417e8e74f621bd6f2c0c00287416cb0c,11148,Major 3.0.1 kill-map export on Defects4J 3.0.1 fixed revision
JacksonDatabind,107,trigger_tests.txt,canonical_maps/JacksonDatabind-107/trigger_tests.txt,canonical_included,afe080c8c7e51132cea7f0873adb45a2aebd4dcdedca4ea2feb727a1edadccbd,5445,Major 3.0.1 kill-map export on Defects4J 3.0.1 fixed revision
Cli,40,testMap.csv,canonical_maps/Cli-40/testMap.csv,canonical_included,f312faa4a91670af43fba168f469d7fe6001b109ac2f6bb58b4b43907a569c1c,2565,Major 3.0.1 kill-map export on Defects4J 3.0.1 fixed revision
Cli,40,covMap.csv,canonical_maps/Cli-40/covMap.csv,canonical_included,b7a3586028d9a02f628a910de992e294af4842d11e176db3f0eb603ca33367a1,867,Major 3.0.1 kill-map export on Defects4J 3.0.1 fixed revision
Cli,40,killMap.csv,canonical_maps/Cli-40/killMap.csv,canonical_included,27bcb472afe3acb48cad1453ae70ae37936012fa287f7bcac0d73de1a9c0badd,422,Major 3.0.1 kill-map export on Defects4J 3.0.1 fixed revision
Cli,40,mutants.log,canonical_maps/Cli-40/mutants.log,canonical_included,aec50f67a96605aa1b04c93844abe23af4d164524162ac681b3b238dd775ab8b,2571,Major 3.0.1 kill-map export on Defects4J 3.0.1 fixed revision
Cli,40,trigger_tests.txt,canonical_maps/Cli-40/trigger_tests.txt,canonical_included,c30a033ab59b77e3c41aad274e640b32b5ca53eda2c89caf0c024ca4c326857d,2579,Major 3.0.1 kill-map export on Defects4J 3.0.1 fixed revision
Lang,21,testMap.csv,canonical_maps/Lang-21/testMap.csv,canonical_included,a81dff7df13f0533975ad381048b8a2497220333606796261d1e058e48b55a0b,9191,Major 3.0.1 kill-map export on Defects4J 3.0.1 fixed revision
Lang,21,covMap.csv,canonical_maps/Lang-21/covMap.csv,canonical_included,71af20c74b94dcf5e0e2015b908870b5e403847ba49f0e34637507257b404fbd,50546,Major 3.0.1 kill-map export on Defects4J 3.0.1 fixed revision
Lang,21,killMap.csv,canonical_maps/Lang-21/killMap.csv,canonical_included,4c71a9bc5ba0932841c7b8f3bbb252d25df94f5b6be2244edab731e50f13337a,43220,Major 3.0.1 kill-map export on Defects4J 3.0.1 fixed revision
Lang,21,mutants.log,canonical_maps/Lang-21/mutants.log,canonical_included,cbe820e9addd7fa828477f72d32c8dc96ab7da264e1cbdaaed6e11e0fd9875c4,115990,Major 3.0.1 kill-map export on Defects4J 3.0.1 fixed revision
Lang,21,trigger_tests.txt,canonical_maps/Lang-21/trigger_tests.txt,canonical_included,9218560d41a7d4f920dd489091cd4f949b8a7801bae8765279d42006b0f8950c,2789,Major 3.0.1 kill-map export on Defects4J 3.0.1 fixed revision
Closure,78,testMap.csv,canonical_maps/Closure-78/testMap.csv,canonical_included,088d26227ca65e114bd560edbff4005cfd796d84eee09ac5b37770b9a19051fb,12727,Major 3.0.1 kill-map export on Defects4J 3.0.1 fixed revision
Closure,78,covMap.csv,canonical_maps/Closure-78/covMap.csv,canonical_included,e9f40cec862be43435e10fbf28af87ff62d4938025300b209285cbfd3d2788e1,56558,Major 3.0.1 kill-map export on Defects4J 3.0.1 fixed revision
Closure,78,killMap.csv,canonical_maps/Closure-78/killMap.csv,canonical_included,ca8af8f8c29416bba6e45cb079ccb924373f6b4e77e612e7153b1cae0af3c54d,28389,Major 3.0.1 kill-map export on Defects4J 3.0.1 fixed revision
Closure,78,mutants.log,canonical_maps/Closure-78/mutants.log,canonical_included,99b5f4728c720db69557d888b827e25af60cf66afa0031bc01483bdd884e09b3,253406,Major 3.0.1 kill-map export on Defects4J 3.0.1 fixed revision
Closure,78,trigger_tests.txt,canonical_maps/Closure-78/trigger_tests.txt,canonical_included,0f68129174505cbb56f44b14c59d3218317f38e278713a169ade40708e1421eb,3480,Major 3.0.1 kill-map export on Defects4J 3.0.1 fixed revision
Math,98,testMap.csv,canonical_maps/Math-98/testMap.csv,canonical_included,a583fada557b0d6172b96290a7aa1ed3e4b93b5b0999c2d1d0d96bdfb4310f6f,11100,Major 3.0.1 kill-map export on Defects4J 3.0.1 fixed revision
Math,98,covMap.csv,canonical_maps/Math-98/covMap.csv,canonical_included,68efbbdd9ffeb00c16e2d6acf8dce24de2d0fca10df50c77626cb3a12d6358fb,161652,Major 3.0.1 kill-map export on Defects4J 3.0.1 fixed revision
Math,98,killMap.csv,canonical_maps/Math-98/killMap.csv,canonical_included,1737fc2394518cfdb0e3a896264fe1f1cec2b916709bea514772c31d77f3388f,124262,Major 3.0.1 kill-map export on Defects4J 3.0.1 fixed revision
Math,98,mutants.log,canonical_maps/Math-98/mutants.log,canonical_included,1ed80c9611e0ff7c482cd75a7197e06f088c80ac6b068b6ddf49feb82f120508,291218,Major 3.0.1 kill-map export on Defects4J 3.0.1 fixed revision
Math,98,trigger_tests.txt,canonical_maps/Math-98/trigger_tests.txt,canonical_included,04704d48eaafcb8b49b797bfa7ee567f2c47703c7d750bcd5191973cd918a5bb,5285,Major 3.0.1 kill-map export on Defects4J 3.0.1 fixed revision
Lang,47,testMap.csv,canonical_maps/Lang-47/testMap.csv,canonical_included,d278006d8ce35d111566659ecf577d775b20286365b1af0b0f1376030a9b4822,15574,Major 3.0.1 kill-map export on Defects4J 3.0.1 fixed revision
Lang,47,covMap.csv,canonical_maps/Lang-47/covMap.csv,canonical_included,63350618883e3e10d07796cb4685bed76ce75d934a16808a35630987226562e8,115384,Major 3.0.1 kill-map export on Defects4J 3.0.1 fixed revision
Lang,47,killMap.csv,canonical_maps/Lang-47/killMap.csv,canonical_included,bb40d703d27cc74ef4d7a5cd904ec450d36fdb6fbcf39439f630c2288352ae45,76307,Major 3.0.1 kill-map export on Defects4J 3.0.1 fixed revision
Lang,47,mutants.log,canonical_maps/Lang-47/mutants.log,canonical_included,8a1efd367cde4acdfb032db0340f7bd3dce089acfb37365c8c23e96edf0b785d,262523,Major 3.0.1 kill-map export on Defects4J 3.0.1 fixed revision
Lang,47,trigger_tests.txt,canonical_maps/Lang-47/trigger_tests.txt,canonical_included,d6454c809bf05cf46a178d28e395319fdd08aacf96e832e25fa88570592fa245,5267,Major 3.0.1 kill-map export on Defects4J 3.0.1 fixed revision
Lang,10,testMap.csv,canonical_maps/Lang-10/testMap.csv,canonical_included,7f04345f920819ed89eb4073567b6835a4ea02b40b6456be0cdc29a76faac0bf,12291,Major 3.0.1 kill-map export on Defects4J 3.0.1 fixed revision
Lang,10,covMap.csv,canonical_maps/Lang-10/covMap.csv,canonical_included,33dbd56fc819ff4f45f4ad2d334c79bb83490b0440b20e70c77a5ec2399f8b9e,94806,Major 3.0.1 kill-map export on Defects4J 3.0.1 fixed revision
Lang,10,killMap.csv,canonical_maps/Lang-10/killMap.csv,canonical_included,3db8725ff4a54db03ddc8e609a62097564ed9b1a6fb9ca64fa6c4f1f24d0db2b,78090,Major 3.0.1 kill-map export on Defects4J 3.0.1 fixed revision
Lang,10,mutants.log,canonical_maps/Lang-10/mutants.log,canonical_included,67d436c6e4c365d3098e5cfe415386769ad815382ef005a5f35165873b15927e,51552,Major 3.0.1 kill-map export on Defects4J 3.0.1 fixed revision
Lang,10,trigger_tests.txt,canonical_maps/Lang-10/trigger_tests.txt,canonical_included,f8c0347545dca813ee28228d28b89b2a150c8060aff75699ba2ab914bb245a4b,6971,Major 3.0.1 kill-map export on Defects4J 3.0.1 fixed revision
Compress,21,testMap.csv,canonical_maps/Compress-21/testMap.csv,canonical_included,d0d53a202b1aac4ce962e41e625d78bc330d2275aaa40fc0b3686e4dc13c0914,1447,Major 3.0.1 kill-map export on Defects4J 3.0.1 fixed revision
Compress,21,covMap.csv,canonical_maps/Compress-21/covMap.csv,canonical_included,32876c3d79e9e3d59300e8d6c94794baf8d40efd0f689cccca79578460d03e15,31918,Major 3.0.1 kill-map export on Defects4J 3.0.1 fixed revision
Compress,21,killMap.csv,canonical_maps/Compress-21/killMap.csv,canonical_included,ac9db909afb310271dc9accd94ebdd9eb6256f73eb849341a806aa887903dd44,30262,Major 3.0.1 kill-map export on Defects4J 3.0.1 fixed revision
Compress,21,mutants.log,canonical_maps/Compress-21/mutants.log,canonical_included,8dc4d1e9dc37f98f67aa1a641ff12a62e2e290b3a9da302d18da7e73906ac73d,81687,Major 3.0.1 kill-map export on Defects4J 3.0.1 fixed revision
Compress,21,trigger_tests.txt,canonical_maps/Compress-21/trigger_tests.txt,canonical_included,e15b7b1cd29c53cb7d73a0224054bcb7b8d59d04ce6c57edae96570de37c11ab,26178,Major 3.0.1 kill-map export on Defects4J 3.0.1 fixed revision
Lang,57,testMap.csv,canonical_maps/Lang-57/testMap.csv,canonical_included,532a512950d6d4dc3b934a6b794d180ba25237b0afe3156d9e10b8c8223883ba,773,Major 3.0.1 kill-map export on Defects4J 3.0.1 fixed revision
Lang,57,covMap.csv,canonical_maps/Lang-57/covMap.csv,canonical_included,c7604e73e84178c662816c20c275f582594ac77b473242fd0af1511ce01283d3,1382,Major 3.0.1 kill-map export on Defects4J 3.0.1 fixed revision
Lang,57,killMap.csv,canonical_maps/Lang-57/killMap.csv,canonical_included,ee78c936ac83cc1ad0d017ca7fcd0f4d0142223b3b72aa58af3eb23d3b0542e5,1733,Major 3.0.1 kill-map export on Defects4J 3.0.1 fixed revision
Lang,57,mutants.log,canonical_maps/Lang-57/mutants.log,canonical_included,a28f184c2c4bd8c119847f57664ab79ea5cedb56948f57bcf8942ae51faaab5b,26810,Major 3.0.1 kill-map export on Defects4J 3.0.1 fixed revision
Lang,57,trigger_tests.txt,canonical_maps/Lang-57/trigger_tests.txt,canonical_included,58e7ee790bf1c386a253e0d85a8b5ae66c3973d40c08220fba8719646698c2be,24913,Major 3.0.1 kill-map export on Defects4J 3.0.1 fixed revision
Chart,2,testMap.csv,canonical_maps/Chart-2/testMap.csv,canonical_included,ce019b9bee02a950b9cb4a0dfe90aaf4f07791139f075fac9ed4e1bfefa22735,44294,Major 3.0.1 kill-map export on Defects4J 3.0.1 fixed revision
Chart,2,covMap.csv,canonical_maps/Chart-2/covMap.csv,canonical_included,6eb4be2da381d3d4bb26e6af1d3146da795ce1a8cab50f6cf0460476939af180,81659,Major 3.0.1 kill-map export on Defects4J 3.0.1 fixed revision
Chart,2,killMap.csv,canonical_maps/Chart-2/killMap.csv,canonical_included,da08a146adf21d807911a1a516fb0016e5c6e3d4bf7693c0d8be151996b3b550,37670,Major 3.0.1 kill-map export on Defects4J 3.0.1 fixed revision
Chart,2,mutants.log,canonical_maps/Chart-2/mutants.log,canonical_included,54aa3844f484c56e54e0721f22eb4de8596a39326a1356202210ca34b7f93dac,188230,Major 3.0.1 kill-map export on Defects4J 3.0.1 fixed revision
Chart,2,trigger_tests.txt,canonical_maps/Chart-2/trigger_tests.txt,canonical_included,35e47f13e2f4bcddff4ebdfd1ad7f2f1b4e7f6111dd3cc0c78ee05688ed8b81c,5130,Major 3.0.1 kill-map export on Defects4J 3.0.1 fixed revision
Csv,3,testMap.csv,canonical_maps/Csv-3/testMap.csv,canonical_included,e7de4e3847b1f33d9bfd9473eca8d1d0ae9849b4751828ac63efb59fdda3c62e,5180,Major 3.0.1 kill-map export on Defects4J 3.0.1 fixed revision
Csv,3,covMap.csv,canonical_maps/Csv-3/covMap.csv,canonical_included,1c4df45ce20fa198bcd45a7c70db72d98937c5211b10725d2dda35e525941d7b,18460,Major 3.0.1 kill-map export on Defects4J 3.0.1 fixed revision
Csv,3,killMap.csv,canonical_maps/Csv-3/killMap.csv,canonical_included,11333b29f74aa035e9810c7ab3527a0426bd9e86e22db91a3c314552676e9050,13732,Major 3.0.1 kill-map export on Defects4J 3.0.1 fixed revision
Csv,3,mutants.log,canonical_maps/Csv-3/mutants.log,canonical_included,94c92e27058e60cbaa10389650dd321c994bb44de4feaa86cd965fbca9b45d44,13642,Major 3.0.1 kill-map export on Defects4J 3.0.1 fixed revision
Csv,3,trigger_tests.txt,canonical_maps/Csv-3/trigger_tests.txt,canonical_included,10dcbc07aa9a2e4d1fd3f9f594dc95f510e6ad1f3c7fbe1968ac80864da79e90,10538,Major 3.0.1 kill-map export on Defects4J 3.0.1 fixed revision
Time,16,testMap.csv,canonical_maps/Time-16/testMap.csv,canonical_included,7baf829cb06217a3ccc77005fa394da6f2dd561fe2f2491038ae42cd27d47d2c,186014,Major 3.0.1 kill-map export on Defects4J 3.0.1 fixed revision
Time,16,covMap.csv,canonical_maps/Time-16/covMap.csv,canonical_included,0f9226523c2a7476347a258d2c78fe7976e078ccc31f669dd7f33894b41d8ff9,178777,Major 3.0.1 kill-map export on Defects4J 3.0.1 fixed revision
Time,16,killMap.csv,canonical_maps/Time-16/killMap.csv,canonical_included,4360ecf653a2aef42ebf2ed2ba427c2ce31e2eb36b8a62ded12f9c9d8e7c6aef,76736,Major 3.0.1 kill-map export on Defects4J 3.0.1 fixed revision
Time,16,mutants.log,canonical_maps/Time-16/mutants.log,canonical_included,65e92d1b39bf422a107dd0f7eae50eef691795c9c55747080bd1135897c08b83,37844,Major 3.0.1 kill-map export on Defects4J 3.0.1 fixed revision
Time,16,trigger_tests.txt,canonical_maps/Time-16/trigger_tests.txt,canonical_included,bfc11deecdad94b176838726f1272cf6d791d2288afd34d61938f4342734defb,20643,Major 3.0.1 kill-map export on Defects4J 3.0.1 fixed revision
Cli,7,testMap.csv,canonical_maps/Cli-7/testMap.csv,canonical_included,fc199db38816c18cb7adbe65d88cbf86d55056cafcda71d298d6331d511173bf,90,Major 3.0.1 kill-map export on Defects4J 3.0.1 fixed revision
Cli,7,covMap.csv,canonical_maps/Cli-7/covMap.csv,canonical_included,8f3acbb7a0434878fb2cab3f0683a85859aae9fdd9e13d7b32d3966030e2b389,287,Major 3.0.1 kill-map export on Defects4J 3.0.1 fixed revision
Cli,7,killMap.csv,canonical_maps/Cli-7/killMap.csv,canonical_included,1b5f4c646b03e937dda2e3d8c381679055b9715b3dcd93051fa4f34b0b74c402,333,Major 3.0.1 kill-map export on Defects4J 3.0.1 fixed revision
Cli,7,mutants.log,canonical_maps/Cli-7/mutants.log,canonical_included,351b9b7d89d5084ddc1cd1b8ca90e1f02d622d4805f746ee2a98104b2730eca5,7725,Major 3.0.1 kill-map export on Defects4J 3.0.1 fixed revision
Cli,7,trigger_tests.txt,canonical_maps/Cli-7/trigger_tests.txt,canonical_included,5a6042579663883d43814689c5995467597adeaf658ee8a6ddd08427fe2595a1,2758,Major 3.0.1 kill-map export on Defects4J 3.0.1 fixed revision
Math,83,testMap.csv,canonical_maps/Math-83/testMap.csv,canonical_included,292d1a2246a82efe4b439060e9efbd33f6d7444cf30cbba43c7e5efa23eb3741,1555,Major 3.0.1 kill-map export on Defects4J 3.0.1 fixed revision
Math,83,covMap.csv,canonical_maps/Math-83/covMap.csv,canonical_included,1016bb2300cfabafbe0e06458d30c09a2672b61e0122b37b444f71c96028ba3a,31552,Major 3.0.1 kill-map export on Defects4J 3.0.1 fixed revision
Math,83,killMap.csv,canonical_maps/Math-83/killMap.csv,canonical_included,eb6603c6c17e784b9808df485942f8879de0234966c423a337cc896e25b37188,35178,Major 3.0.1 kill-map export on Defects4J 3.0.1 fixed revision
Math,83,mutants.log,canonical_maps/Math-83/mutants.log,canonical_included,f6ab99d9f32420674e1462ba2f1aa6bd10e66d012c879101a70b47440f30090c,97305,Major 3.0.1 kill-map export on Defects4J 3.0.1 fixed revision
Math,83,trigger_tests.txt,canonical_maps/Math-83/trigger_tests.txt,canonical_included,73f2bb4754a5e3bddb0f7f26cd5e058ea5711cb5f4b41b75e73eb08dc4f34b8e,3417,Major 3.0.1 kill-map export on Defects4J 3.0.1 fixed revision
Lang,52,testMap.csv,canonical_maps/Lang-52/testMap.csv,canonical_included,1e736b568a8e07d7ef0ebb0df453988dee8fc3e66094b4451a30b0aad586e8de,5390,Major 3.0.1 kill-map export on Defects4J 3.0.1 fixed revision
Lang,52,covMap.csv,canonical_maps/Lang-52/covMap.csv,canonical_included,18328f5e3b527ab2e064411a78db965ed3ad013d0985de7d9f273eb1bc49aeff,2046,Major 3.0.1 kill-map export on Defects4J 3.0.1 fixed revision
Lang,52,killMap.csv,canonical_maps/Lang-52/killMap.csv,canonical_included,b05d1fec7cfcbc0679565ad4fcda6e7eda1300b2c1c0e53e6033a4cbca2fc867,2076,Major 3.0.1 kill-map export on Defects4J 3.0.1 fixed revision
Lang,52,mutants.log,canonical_maps/Lang-52/mutants.log,canonical_included,ec7cc785c513402ea28b40b7ba91b93c12cd18f603c495b9644159eefe38e859,25912,Major 3.0.1 kill-map export on Defects4J 3.0.1 fixed revision
Lang,52,trigger_tests.txt,canonical_maps/Lang-52/trigger_tests.txt,canonical_included,e60658cf593fa11c2c80ccec8508e4fc9f9c35ea697b43ec866405bcd36c89d4,2837,Major 3.0.1 kill-map export on Defects4J 3.0.1 fixed revision
JacksonDatabind,49,testMap.csv,canonical_maps/JacksonDatabind-49/testMap.csv,canonical_included,f9776bebc42a6276f17054e86a56b34b0b10877a808d015436b8330099093deb,4175,Major 3.0.1 kill-map export on Defects4J 3.0.1 fixed revision
JacksonDatabind,49,covMap.csv,canonical_maps/JacksonDatabind-49/covMap.csv,canonical_included,33ef79d5d216818e720782f73fcea5c0c3e9ab0d7e669b72b2bc447188c70caf,2422,Major 3.0.1 kill-map export on Defects4J 3.0.1 fixed revision
JacksonDatabind,49,killMap.csv,canonical_maps/JacksonDatabind-49/killMap.csv,canonical_included,309b673281be580d9c0c0542b2d9fb3e04735229db7bdf49858d78bcd20cb5e4,2410,Major 3.0.1 kill-map export on Defects4J 3.0.1 fixed revision
JacksonDatabind,49,mutants.log,canonical_maps/JacksonDatabind-49/mutants.log,canonical_included,0db0341c64ba472d6271ec7e4ed356ec8777c60e81fc3e9f0dc076f6e0589a8c,7466,Major 3.0.1 kill-map export on Defects4J 3.0.1 fixed revision
JacksonDatabind,49,trigger_tests.txt,canonical_maps/JacksonDatabind-49/trigger_tests.txt,canonical_included,5460344fbe96ee6dd64ed9a5a4e20ad95572a48413a298887501c443634f42ba,3133,Major 3.0.1 kill-map export on Defects4J 3.0.1 fixed revision
Time,7,testMap.csv,canonical_maps/Time-7/testMap.csv,canonical_included,c2374c62129d1bca0463c904aed2e580b18b8a9308331382acfbd4ce5e4eecd0,193578,Major 3.0.1 kill-map export on Defects4J 3.0.1 fixed revision
Time,7,covMap.csv,canonical_maps/Time-7/covMap.csv,canonical_included,14aebd6e9e55baab04b7312963a3918918dac1046bf013e5c45752ca0b8616d7,183599,Major 3.0.1 kill-map export on Defects4J 3.0.1 fixed revision
Time,7,killMap.csv,canonical_maps/Time-7/killMap.csv,canonical_included,9c878dbde87012369a52e24204710248b737dbd1f02497a9a8a12af1caac6b71,78781,Major 3.0.1 kill-map export on Defects4J 3.0.1 fixed revision
Time,7,mutants.log,canonical_maps/Time-7/mutants.log,canonical_included,85b4559e5fafb452bbf67de2d328ac31a8095199861ed33aad8e5d917fb46a30,37844,Major 3.0.1 kill-map export on Defects4J 3.0.1 fixed revision
Time,7,trigger_tests.txt,canonical_maps/Time-7/trigger_tests.txt,canonical_included,6d5b45ebbcd3cdc619b3843fa11e9e098d91fb9ce2a57a5731019bcf2ea67a9a,6432,Major 3.0.1 kill-map export on Defects4J 3.0.1 fixed revision
Jsoup,80,testMap.csv,canonical_maps/Jsoup-80/testMap.csv,canonical_included,6ed3db05ab051470fb5dde4475de6a5885a19d90d96c76e1ff9b8d5ba6160f35,34844,Major 3.0.1 kill-map export on Defects4J 3.0.1 fixed revision
Jsoup,80,covMap.csv,canonical_maps/Jsoup-80/covMap.csv,canonical_included,fb77c70e1791491a6c7fdcf042eac94ce26fd88fa5a731fea962c4648db63ca5,6096,Major 3.0.1 kill-map export on Defects4J 3.0.1 fixed revision
Jsoup,80,killMap.csv,canonical_maps/Jsoup-80/killMap.csv,canonical_included,16dfbae37a793593791c58da52c0ed9c1a51f3079be10e3b75218b00ace1383c,5787,Major 3.0.1 kill-map export on Defects4J 3.0.1 fixed revision
Jsoup,80,mutants.log,canonical_maps/Jsoup-80/mutants.log,canonical_included,66c9a9b8df83e8d877d2aac2dbe8bdbdc85897b51a923f9c495ecd18d447f7c7,12963,Major 3.0.1 kill-map export on Defects4J 3.0.1 fixed revision
Jsoup,80,trigger_tests.txt,canonical_maps/Jsoup-80/trigger_tests.txt,canonical_included,4349cd0467577e27f75b67ca205ce15288c803637d87f16fd4a840912fcc6ce3,3670,Major 3.0.1 kill-map export on Defects4J 3.0.1 fixed revision
Math,37,testMap.csv,canonical_maps/Math-37/testMap.csv,canonical_included,114a9af2c28281e3fff6533e9f2f97937e5d3d5e2ceee43567437dc8c84e5909,24546,Major 3.0.1 kill-map export on Defects4J 3.0.1 fixed revision
Math,37,covMap.csv,canonical_maps/Math-37/covMap.csv,canonical_included,183a72d16cd2f3474fec738dbf32fb673e5d4fe9ed5e8adf449987bd4899908c,92029,Major 3.0.1 kill-map export on Defects4J 3.0.1 fixed revision
Math,37,killMap.csv,canonical_maps/Math-37/killMap.csv,canonical_included,0287ff5a9905612bf739080cf4b88109f896bdc6754f732f4fa6c060013f22f2,58506,Major 3.0.1 kill-map export on Defects4J 3.0.1 fixed revision
Math,37,mutants.log,canonical_maps/Math-37/mutants.log,canonical_included,c30748244bea4479fc3697fd3197c0da11b004aae13acb27aebb17b870ef54ff,107291,Major 3.0.1 kill-map export on Defects4J 3.0.1 fixed revision
Math,37,trigger_tests.txt,canonical_maps/Math-37/trigger_tests.txt,canonical_included,8784df22b75eab6e0246d0aefac7f75c2a12a0b7692e8fec7490b5255f15d405,13844,Major 3.0.1 kill-map export on Defects4J 3.0.1 fixed revision
Compress,40,testMap.csv,canonical_maps/Compress-40/testMap.csv,canonical_included,54a28f4a2d98a77ddd552e1b857348b123d8ad3446d52d32c2a889d0e8575727,4435,Major 3.0.1 kill-map export on Defects4J 3.0.1 fixed revision
Compress,40,covMap.csv,canonical_maps/Compress-40/covMap.csv,canonical_included,7d7d6caf01735153efa0be60576ad2311dd78ad0038f7549160096c7cd334784,15303,Major 3.0.1 kill-map export on Defects4J 3.0.1 fixed revision
Compress,40,killMap.csv,canonical_maps/Compress-40/killMap.csv,canonical_included,c043b52850603a32f2edfd300047d396cd0799edb775359f37fe812ec8e86282,17146,Major 3.0.1 kill-map export on Defects4J 3.0.1 fixed revision
Compress,40,mutants.log,canonical_maps/Compress-40/mutants.log,canonical_included,b0e04881e159f28d29a1e0af0b8332963fa7caf51dec2b090599d2722e3335e4,19714,Major 3.0.1 kill-map export on Defects4J 3.0.1 fixed revision
Compress,40,trigger_tests.txt,canonical_maps/Compress-40/trigger_tests.txt,canonical_included,cb69e77577c3e92cc21b1e59cd46827b2094316c564e64b82eb610e86c3ca132,6953,Major 3.0.1 kill-map export on Defects4J 3.0.1 fixed revision
Math,25,testMap.csv,canonical_maps/Math-25/testMap.csv,canonical_included,d455609065ef952eff9ece5b7b941aa4343d5b1925e8db4d1e39ea5cecea4c4a,629,Major 3.0.1 kill-map export on Defects4J 3.0.1 fixed revision
Math,25,covMap.csv,canonical_maps/Math-25/covMap.csv,canonical_included,2fdb9893da539a738fb6231eafff82312147b76b92ecc14baa51739f64aec26d,7459,Major 3.0.1 kill-map export on Defects4J 3.0.1 fixed revision
Math,25,killMap.csv,canonical_maps/Math-25/killMap.csv,canonical_included,aecfe73d06400e6a4a699a581f6507a1a37f2903aaea98dc6c255e4c222dae3c,5771,Major 3.0.1 kill-map export on Defects4J 3.0.1 fixed revision
Math,25,mutants.log,canonical_maps/Math-25/mutants.log,canonical_included,decd21ce27e179ab8718274b411d4c6b4c44a5dd1e442e1d37d8429b1b43a0ba,63028,Major 3.0.1 kill-map export on Defects4J 3.0.1 fixed revision
Math,25,trigger_tests.txt,canonical_maps/Math-25/trigger_tests.txt,canonical_included,7da352ceafb177345e10403c969bc2a16a750ceb32754a680c979c0b87a7ef46,2609,Major 3.0.1 kill-map export on Defects4J 3.0.1 fixed revision
Math,86,testMap.csv,canonical_maps/Math-86/testMap.csv,canonical_included,0d22f2d77690db315c200d833b9950bb6d6918cbea866f5c2838b1a3e78bf6ae,1005,Major 3.0.1 kill-map export on Defects4J 3.0.1 fixed revision
Math,86,covMap.csv,canonical_maps/Math-86/covMap.csv,canonical_included,c7e4111ecc849e6a73da4a50e0416da244d6bbca36e630e828336a53126c8413,4896,Major 3.0.1 kill-map export on Defects4J 3.0.1 fixed revision
Math,86,killMap.csv,canonical_maps/Math-86/killMap.csv,canonical_included,a1f2594086c9bc593a06d046b7ab9d1ca0de4328729902db25ede02bd0651f77,5560,Major 3.0.1 kill-map export on Defects4J 3.0.1 fixed revision
Math,86,mutants.log,canonical_maps/Math-86/mutants.log,canonical_included,3ae06de6a06cef9e5cc8e1b1798b55cf5e7fb8c9c6a5ce0d3fad93089afbb737,40705,Major 3.0.1 kill-map export on Defects4J 3.0.1 fixed revision
Math,86,trigger_tests.txt,canonical_maps/Math-86/trigger_tests.txt,canonical_included,cf8cd98064b44ab7414718d42cfe2c774a66679af76ac7dafd11b907fe8b748c,5232,Major 3.0.1 kill-map export on Defects4J 3.0.1 fixed revision
Closure,58,testMap.csv,canonical_maps/Closure-58/testMap.csv,canonical_included,2047ba3d57635a2bfadbdefb761795a204051731da0e380126de38f1731ea4e6,14478,Major 3.0.1 kill-map export on Defects4J 3.0.1 fixed revision
Closure,58,covMap.csv,canonical_maps/Closure-58/covMap.csv,canonical_included,ccfb6940da68f236d2017bbc1dbaaf0c5bdeca0b65fce2831dc249905137a772,36135,Major 3.0.1 kill-map export on Defects4J 3.0.1 fixed revision
Closure,58,killMap.csv,canonical_maps/Closure-58/killMap.csv,canonical_included,11169704a0b307236f3ebdc9cdf393aa843746ccf968fbbb4254c21dccc8a60b,18783,Major 3.0.1 kill-map export on Defects4J 3.0.1 fixed revision
Closure,58,mutants.log,canonical_maps/Closure-58/mutants.log,canonical_included,27eceef222cfce403815f7a187b3a675594c9909b1f34ddb18a46e643c811741,21513,Major 3.0.1 kill-map export on Defects4J 3.0.1 fixed revision
Closure,58,trigger_tests.txt,canonical_maps/Closure-58/trigger_tests.txt,canonical_included,f6c8fa0ade02adbffa45281d1fcfc7768dba0e3e769d382ca43bfed35248bd27,3643,Major 3.0.1 kill-map export on Defects4J 3.0.1 fixed revision
Compress,10,testMap.csv,canonical_maps/Compress-10/testMap.csv,canonical_included,f172ab3f1854c3460eddcf21d6711b8fd8b9c602bb338fe02182a23a6a39cec7,3327,Major 3.0.1 kill-map export on Defects4J 3.0.1 fixed revision
Compress,10,covMap.csv,canonical_maps/Compress-10/covMap.csv,canonical_included,7dbe183031476d3898410d28174e9ea861d0c3cf6a28aea6b871ed1c12d70d6b,31686,Major 3.0.1 kill-map export on Defects4J 3.0.1 fixed revision
Compress,10,killMap.csv,canonical_maps/Compress-10/killMap.csv,canonical_included,264157dc94327d59210dbb9ef6a22c9ce0bf27a27bbf5e8be0dec89144011241,21012,Major 3.0.1 kill-map export on Defects4J 3.0.1 fixed revision
Compress,10,mutants.log,canonical_maps/Compress-10/mutants.log,canonical_included,7a70f1e87518be7f6584d9b5c1a226139521551e0355e81d4a8bcd95e775632c,86208,Major 3.0.1 kill-map export on Defects4J 3.0.1 fixed revision
Compress,10,trigger_tests.txt,canonical_maps/Compress-10/trigger_tests.txt,canonical_included,ffb459d36d81aff5cbefd4c8c51c7f4e0e84038e03df4b7ccf749c42e8389959,2938,Major 3.0.1 kill-map export on Defects4J 3.0.1 fixed revision
Closure,97,testMap.csv,canonical_maps/Closure-97/testMap.csv,canonical_included,2bed999262fd435a630760e8f1fae6dfa02af77c972adc984bc96ebc96b0bfb1,6705,Major 3.0.1 kill-map export on Defects4J 3.0.1 fixed revision
Closure,97,covMap.csv,canonical_maps/Closure-97/covMap.csv,canonical_included,a2359f69385eaa275b9aa285d5f598584dc2863a1ec3b96aaf29982fafe02c7a,20706,Major 3.0.1 kill-map export on Defects4J 3.0.1 fixed revision
Closure,97,killMap.csv,canonical_maps/Closure-97/killMap.csv,canonical_included,c19bc6ac4d733bbf9ed7a66e767e4df8983b888501c04b51049f18f97617934a,11453,Major 3.0.1 kill-map export on Defects4J 3.0.1 fixed revision
Closure,97,mutants.log,canonical_maps/Closure-97/mutants.log,canonical_included,ed64750ba0da38a74edfc4a44c7086db4ef951bc9dd7646fcc1e1a6e9d24a30a,191766,Major 3.0.1 kill-map export on Defects4J 3.0.1 fixed revision
Closure,97,trigger_tests.txt,canonical_maps/Closure-97/trigger_tests.txt,canonical_included,a8950f4c4e4bf1fff8889ba9402de22f0760e26e69bb222df7d129a89e6389c7,4079,Major 3.0.1 kill-map export on Defects4J 3.0.1 fixed revision
Lang,49,testMap.csv,canonical_maps/Lang-49/testMap.csv,canonical_included,925ea83280297f69c25953e4471a61c8b646593fdc6be3f2c013f58e11f05791,1608,Major 3.0.1 kill-map export on Defects4J 3.0.1 fixed revision
Lang,49,covMap.csv,canonical_maps/Lang-49/covMap.csv,canonical_included,372d33e909d4ff755f519b6363b0f0f8e33cb0830e3211892c9a4847d62e36a8,26782,Major 3.0.1 kill-map export on Defects4J 3.0.1 fixed revision
Lang,49,killMap.csv,canonical_maps/Lang-49/killMap.csv,canonical_included,0c7084b27e6695c3169995f34731725e65be4c9a780f0d1ae3c1a2c58805ccc6,22350,Major 3.0.1 kill-map export on Defects4J 3.0.1 fixed revision
Lang,49,mutants.log,canonical_maps/Lang-49/mutants.log,canonical_included,9b3ab2940f5482350c5c7ba8bf57fb0bc550f9966b1d57d776a63de1d972e32a,117719,Major 3.0.1 kill-map export on Defects4J 3.0.1 fixed revision
Lang,49,trigger_tests.txt,canonical_maps/Lang-49/trigger_tests.txt,canonical_included,d2f8410b4e9e3b4c79b16aacde7564a6b12fe509c90eeb610c0e41b6ed5a9731,2896,Major 3.0.1 kill-map export on Defects4J 3.0.1 fixed revision
Math,14,testMap.csv,canonical_maps/Math-14/testMap.csv,canonical_included,6966a94d2437d99c6665c0f1f10cea1e4fb27cd408df145f99b62cf2af748a33,9046,Major 3.0.1 kill-map export on Defects4J 3.0.1 fixed revision
Math,14,covMap.csv,canonical_maps/Math-14/covMap.csv,canonical_included,34c932a8f2c70c6cbc9fc1bcdbdfd1a98f5d90ba5db9eee6931aded16bf20f48,12721,Major 3.0.1 kill-map export on Defects4J 3.0.1 fixed revision
Math,14,killMap.csv,canonical_maps/Math-14/killMap.csv,canonical_included,a94172685f74d255ee8a984ea997ca8049103085f96937ff6aa390c8e3ba1653,16599,Major 3.0.1 kill-map export on Defects4J 3.0.1 fixed revision
Math,14,mutants.log,canonical_maps/Math-14/mutants.log,canonical_included,adece122daf57e3a3c2189530c73fe08b5df7ee6fde2f7b14d01034e2556a4ad,7662,Major 3.0.1 kill-map export on Defects4J 3.0.1 fixed revision
Math,14,trigger_tests.txt,canonical_maps/Math-14/trigger_tests.txt,canonical_included,d797a208b4d803ebd66ce88ba213623db3eaaa184f476e007d4101920e757cc7,2700,Major 3.0.1 kill-map export on Defects4J 3.0.1 fixed revision
Compress,32,testMap.csv,canonical_maps/Compress-32/testMap.csv,canonical_included,d347552ce8442b8c496087c8824306d3bb34398f09d7896ce9060bc8a87527dd,30050,Major 3.0.1 kill-map export on Defects4J 3.0.1 fixed revision
Compress,32,covMap.csv,canonical_maps/Compress-32/covMap.csv,canonical_included,0a66394284151daab7460c3d3c5e85a6bf8dfce9d2925231f39c7602c7539c5e,43246,Major 3.0.1 kill-map export on Defects4J 3.0.1 fixed revision
Compress,32,killMap.csv,canonical_maps/Compress-32/killMap.csv,canonical_included,cd6ce46e1ad2e009e36209293339104571dc5aa03f267cfeca19c5670957588c,29162,Major 3.0.1 kill-map export on Defects4J 3.0.1 fixed revision
Compress,32,mutants.log,canonical_maps/Compress-32/mutants.log,canonical_included,dc05a1d11fba0031cf7c3fb5a782b8ae1f7a66a115bd3b109011451a13baf4fc,63593,Major 3.0.1 kill-map export on Defects4J 3.0.1 fixed revision
Compress,32,trigger_tests.txt,canonical_maps/Compress-32/trigger_tests.txt,canonical_included,0e287b82e013811f6e1cdb8b19603374dea3b2eda2f25480c6b27d0b8d95b823,3771,Major 3.0.1 kill-map export on Defects4J 3.0.1 fixed revision
Compress,24,testMap.csv,canonical_maps/Compress-24/testMap.csv,canonical_included,1429d392deb6e09d6b81cbc26eb79bf6628f200c22763b61cd6c2ae901a9b169,10725,Major 3.0.1 kill-map export on Defects4J 3.0.1 fixed revision
Compress,24,covMap.csv,canonical_maps/Compress-24/covMap.csv,canonical_included,7c3bbb596e170ac3a7c35a3a589c7cbb7d0cac2028143aa6e167c31014df7558,108243,Major 3.0.1 kill-map export on Defects4J 3.0.1 fixed revision
Compress,24,killMap.csv,canonical_maps/Compress-24/killMap.csv,canonical_included,b8a89e4cca25cffb882a46bc8a5f2c4861739d2a0b12ec9198aa4175b09c2f85,70681,Major 3.0.1 kill-map export on Defects4J 3.0.1 fixed revision
Compress,24,mutants.log,canonical_maps/Compress-24/mutants.log,canonical_included,c20a119593576a2ee8a610de270b5108d7fcdac2162c2c01fa46ecef8c08ce5f,100611,Major 3.0.1 kill-map export on Defects4J 3.0.1 fixed revision
Compress,24,trigger_tests.txt,canonical_maps/Compress-24/trigger_tests.txt,canonical_included,ce3076711f0ae126c431d21597915cb3e5738e08c728d8c92c5ddf0cf9e0b7a4,2702,Major 3.0.1 kill-map export on Defects4J 3.0.1 fixed revision
Math,58,testMap.csv,canonical_maps/Math-58/testMap.csv,canonical_included,b07ad0dd96a6cd0853c21f37305df67d29a62da65735ff667a376d1f6e1e3926,660,Major 3.0.1 kill-map export on Defects4J 3.0.1 fixed revision
Math,58,covMap.csv,canonical_maps/Math-58/covMap.csv,canonical_included,b9b5607a18ca192bc10ccce4a038d959b8079465595271a0b487d58f6b623b93,6558,Major 3.0.1 kill-map export on Defects4J 3.0.1 fixed revision
Math,58,killMap.csv,canonical_maps/Math-58/killMap.csv,canonical_included,3a39d3b196d6ef0ce372241022ef97acdc85ae3c6229da67c0ab5388a9af8708,6361,Major 3.0.1 kill-map export on Defects4J 3.0.1 fixed revision
Math,58,mutants.log,canonical_maps/Math-58/mutants.log,canonical_included,f579772360e63e059797e4c61cc3dbfd380fb1e36ea1c056cbd5717f26961e7f,65423,Major 3.0.1 kill-map export on Defects4J 3.0.1 fixed revision
Math,58,trigger_tests.txt,canonical_maps/Math-58/trigger_tests.txt,canonical_included,450ddb5766622b4be2a0f15b79e2aac0099745d591ab7d7029f9aba2af8475fb,4633,Major 3.0.1 kill-map export on Defects4J 3.0.1 fixed revision
JacksonCore,7,testMap.csv,canonical_maps/JacksonCore-7/testMap.csv,canonical_included,52804d718518326cf5c2ce6ed9bd4b96412360e98f112cefc6c19b51f80d9747,9173,Major 3.0.1 kill-map export on Defects4J 3.0.1 fixed revision
JacksonCore,7,covMap.csv,canonical_maps/JacksonCore-7/covMap.csv,canonical_included,0a5ee7254e272d35bc527d87b3b0086f582e069eae7395fe91ca05eb40574d4c,14571,Major 3.0.1 kill-map export on Defects4J 3.0.1 fixed revision
JacksonCore,7,killMap.csv,canonical_maps/JacksonCore-7/killMap.csv,canonical_included,164fdc3dc993d7284018f8849143251c8e8b10a201567eb5a18788643e3f635f,12609,Major 3.0.1 kill-map export on Defects4J 3.0.1 fixed revision
JacksonCore,7,mutants.log,canonical_maps/JacksonCore-7/mutants.log,canonical_included,415e28a320ab18548d220fb2563edfeafd410ec6b81bee9a3f35084a979b254e,11666,Major 3.0.1 kill-map export on Defects4J 3.0.1 fixed revision
JacksonCore,7,trigger_tests.txt,canonical_maps/JacksonCore-7/trigger_tests.txt,canonical_included,3adfea328670b9a71c3285353c19629aa6df136507c854bce82fccd2aca0f981,5947,Major 3.0.1 kill-map export on Defects4J 3.0.1 fixed revision
Lang,14,testMap.csv,canonical_maps/Lang-14/testMap.csv,canonical_included,52623ad561734f6432bf55adc3d1732f68b85ad01409340b36f04bc9d14d3dc4,63342,Major 3.0.1 kill-map export on Defects4J 3.0.1 fixed revision
Lang,14,covMap.csv,canonical_maps/Lang-14/covMap.csv,canonical_included,a333be927f228237d177700d35492bb0186a42422a097e9e342eacae9486c5f5,77995,Major 3.0.1 kill-map export on Defects4J 3.0.1 fixed revision
Lang,14,killMap.csv,canonical_maps/Lang-14/killMap.csv,canonical_included,69651a555052c5c7b43fd13b149ea496745f8fb3003bd843aae5f7bdd4224664,69146,Major 3.0.1 kill-map export on Defects4J 3.0.1 fixed revision
Lang,14,mutants.log,canonical_maps/Lang-14/mutants.log,canonical_included,052c84002b15714e4dd8a40dace23e58c7369673da809e496f1977331b9e8b21,526439,Major 3.0.1 kill-map export on Defects4J 3.0.1 fixed revision
Lang,14,trigger_tests.txt,canonical_maps/Lang-14/trigger_tests.txt,canonical_included,94d7f01a26e2b8e5ecef7445d596a1cfe20c5970d31cf702f27c33976a21afcf,2786,Major 3.0.1 kill-map export on Defects4J 3.0.1 fixed revision
Collections,7,testMap.csv,canonical_maps/Collections-7/testMap.csv,canonical_included,780420a2435f68e2b297949d0e30fcd028a9979c31b4bd81a7712b090372c9ee,1102,Major 3.0.1 kill-map export on Defects4J 3.0.1 fixed revision
Collections,7,covMap.csv,canonical_maps/Collections-7/covMap.csv,canonical_included,83aad8bf2dff7d46ebc9bc2fe9b8e6f65a40c014abc32468374dfe4cb373abff,7093,Major 3.0.1 kill-map export on Defects4J 3.0.1 fixed revision
Collections,7,killMap.csv,canonical_maps/Collections-7/killMap.csv,canonical_included,14886d35dbdfcb9b096371ddc4c24fcc00d4baeeb3e42aa868aa450a1d06708c,6254,Major 3.0.1 kill-map export on Defects4J 3.0.1 fixed revision
Collections,7,mutants.log,canonical_maps/Collections-7/mutants.log,canonical_included,dc50415e2096f80fb2ea3ecb7c36eed460e581ed16c94227a3f7e83e406e9818,78072,Major 3.0.1 kill-map export on Defects4J 3.0.1 fixed revision
Collections,7,trigger_tests.txt,canonical_maps/Collections-7/trigger_tests.txt,canonical_included,e3349d06f08b279b9bbed0fd2a45333c4718999e832385afd4baa06197128c74,8001,Major 3.0.1 kill-map export on Defects4J 3.0.1 fixed revision
Lang,8,testMap.csv,canonical_maps/Lang-8/testMap.csv,canonical_included,d82307b3ada501579be34d2943ba84b7f1a8b043b322ca7edffffab0ef8c6388,11658,Major 3.0.1 kill-map export on Defects4J 3.0.1 fixed revision
Lang,8,covMap.csv,canonical_maps/Lang-8/covMap.csv,canonical_included,aee03d33d1cb3983ca682427b4562e5e16530563efcadaf016e56c6f03ca415b,169484,Major 3.0.1 kill-map export on Defects4J 3.0.1 fixed revision
Lang,8,killMap.csv,canonical_maps/Lang-8/killMap.csv,canonical_included,49959d52f73cf90486c306fc688a28bafdf3e02ff9349bb888f29fe96b98f450,117026,Major 3.0.1 kill-map export on Defects4J 3.0.1 fixed revision
Lang,8,mutants.log,canonical_maps/Lang-8/mutants.log,canonical_included,e628a8fc30ce087801b129bf3a1a474b655f1166bf82fa3bdc79742d2ca442e0,110425,Major 3.0.1 kill-map export on Defects4J 3.0.1 fixed revision
Lang,8,trigger_tests.txt,canonical_maps/Lang-8/trigger_tests.txt,canonical_included,207ecd53ff8ef259ad2aacfd25da90bfe6f2de30329b858b3e081caf9be70797,6689,Major 3.0.1 kill-map export on Defects4J 3.0.1 fixed revision
Collections,16,testMap.csv,canonical_maps/Collections-16/testMap.csv,canonical_included,2f1a922eda1de8d51b13b51dc493efce0c046d1cb0a8e9387dc19dab8387b874,5944,Major 3.0.1 kill-map export on Defects4J 3.0.1 fixed revision
Collections,16,covMap.csv,canonical_maps/Collections-16/covMap.csv,canonical_included,1e054c4921e85c7f2d044146c256c7d98bb1b8e75149b3f6030a83b053099ea5,5842,Major 3.0.1 kill-map export on Defects4J 3.0.1 fixed revision
Collections,16,killMap.csv,canonical_maps/Collections-16/killMap.csv,canonical_included,2eb2daa98280f7d3379d81651e7b458554a300065d771d07c6945817b4afd9f3,4955,Major 3.0.1 kill-map export on Defects4J 3.0.1 fixed revision
Collections,16,mutants.log,canonical_maps/Collections-16/mutants.log,canonical_included,d65cda262e8d4b93d3c6c8ce386d2c95ca588dffe2dfe46111cdb9565457214e,10172,Major 3.0.1 kill-map export on Defects4J 3.0.1 fixed revision
Collections,16,trigger_tests.txt,canonical_maps/Collections-16/trigger_tests.txt,canonical_included,d227e4e1c8dab34ca1e965d09e2754fab5ba0dc8e512522608b3f69f376a8bd1,2848,Major 3.0.1 kill-map export on Defects4J 3.0.1 fixed revision
Math,4,testMap.csv,canonical_maps/Math-4/testMap.csv,canonical_included,fa8fa03446584b0b1863276a3d9695f651608653e85adef0ea4af0cb49688261,4719,Major 3.0.1 kill-map export on Defects4J 3.0.1 fixed revision
Math,4,covMap.csv,canonical_maps/Math-4/covMap.csv,canonical_included,1afbc12078489cdb017be91757a5d8c8f2eb9be33fc308e41e5f982d610c852d,6826,Major 3.0.1 kill-map export on Defects4J 3.0.1 fixed revision
Math,4,killMap.csv,canonical_maps/Math-4/killMap.csv,canonical_included,33ce0afcbbcb09844ca66f3c60c43480f22bc5f11b753b431887da6f778a9763,5653,Major 3.0.1 kill-map export on Defects4J 3.0.1 fixed revision
Math,4,mutants.log,canonical_maps/Math-4/mutants.log,canonical_included,3561c864d8bcfcf40851fed1299050c0918b364e78fb034875501c5cce135f36,20198,Major 3.0.1 kill-map export on Defects4J 3.0.1 fixed revision
Math,4,trigger_tests.txt,canonical_maps/Math-4/trigger_tests.txt,canonical_included,562b291806d3ddb55e25aa60b2ad5cdaa493c1a77ed06269ece5240a68184dd5,6839,Major 3.0.1 kill-map export on Defects4J 3.0.1 fixed revision
Chart,9,testMap.csv,canonical_maps/Chart-9/testMap.csv,canonical_included,eefdded7514a823bc8a4de1fe0189dc11e4ecc8a8059655b6e33d8f2a44ce209,4130,Major 3.0.1 kill-map export on Defects4J 3.0.1 fixed revision
Chart,9,covMap.csv,canonical_maps/Chart-9/covMap.csv,canonical_included,7c261dd77b954731e532d54056134d5a1190a0416d83d0d7b31243cf0265c4db,18701,Major 3.0.1 kill-map export on Defects4J 3.0.1 fixed revision
Chart,9,killMap.csv,canonical_maps/Chart-9/killMap.csv,canonical_included,60d505e2ea093ae276fc7dc19382c2d29648c39bbbe60fab5fef05c258a650f5,10937,Major 3.0.1 kill-map export on Defects4J 3.0.1 fixed revision
Chart,9,mutants.log,canonical_maps/Chart-9/mutants.log,canonical_included,ee636dbed35da929913d33072eecbfb462a9057ea0ac9a5a804d9c40281cb534,76532,Major 3.0.1 kill-map export on Defects4J 3.0.1 fixed revision
Chart,9,trigger_tests.txt,canonical_maps/Chart-9/trigger_tests.txt,canonical_included,8abaa106c83757a93695d246a21611264e8d03605c63021d28d4535b8cdbbff6,2698,Major 3.0.1 kill-map export on Defects4J 3.0.1 fixed revision
Jsoup,16,testMap.csv,canonical_maps/Jsoup-16/testMap.csv,canonical_included,4c822ab1c0e0fe96e7e1d6a033239b1096cf36e2a18328fd75181faca52eab13,12902,Major 3.0.1 kill-map export on Defects4J 3.0.1 fixed revision
Jsoup,16,covMap.csv,canonical_maps/Jsoup-16/covMap.csv,canonical_included,1f9c6036b88136b0f9cd62d1271cc9431e8d3b9318b64cac14c0c8fa1dab9dda,501,Major 3.0.1 kill-map export on Defects4J 3.0.1 fixed revision
Jsoup,16,killMap.csv,canonical_maps/Jsoup-16/killMap.csv,canonical_included,dbfcc811b387c2497579ba9c89e680b7908199cb2b9f9a756e4f08578e6eb56f,337,Major 3.0.1 kill-map export on Defects4J 3.0.1 fixed revision
Jsoup,16,mutants.log,canonical_maps/Jsoup-16/mutants.log,canonical_included,8de817baed438a4ff0dcc315dc83819133a78749952dcaf105dc1abd7a4b4cdc,2326,Major 3.0.1 kill-map export on Defects4J 3.0.1 fixed revision
Jsoup,16,trigger_tests.txt,canonical_maps/Jsoup-16/trigger_tests.txt,canonical_included,a73fc947d10bfe867aac657f636d6330607c28f339033e87f877e131277bdbcc,5927,Major 3.0.1 kill-map export on Defects4J 3.0.1 fixed revision
Lang,54,testMap.csv,canonical_maps/Lang-54/testMap.csv,canonical_included,9ec2c15d95961fca63f3cacfce7145e7bd7a070886a015374479ff343906e338,831,Major 3.0.1 kill-map export on Defects4J 3.0.1 fixed revision
Lang,54,covMap.csv,canonical_maps/Lang-54/covMap.csv,canonical_included,adf410c70e6f6b0e312840331f50d566213663f4a0c623847a7601c815fd0f4d,1769,Major 3.0.1 kill-map export on Defects4J 3.0.1 fixed revision
Lang,54,killMap.csv,canonical_maps/Lang-54/killMap.csv,canonical_included,7fc7da81b08e2774c28942090f17b72ce4453641503f8c7cd7373db85853f035,1955,Major 3.0.1 kill-map export on Defects4J 3.0.1 fixed revision
Lang,54,mutants.log,canonical_maps/Lang-54/mutants.log,canonical_included,acc98b7ba9ae24026e4c790e26fbbd179de93f5575644c4ff23c14b58a4906e8,27780,Major 3.0.1 kill-map export on Defects4J 3.0.1 fixed revision
Lang,54,trigger_tests.txt,canonical_maps/Lang-54/trigger_tests.txt,canonical_included,46d1e9b0fa0366f51d812f91b3f5cb0057708c3b3595dd89ba245bb60a1c9af6,2725,Major 3.0.1 kill-map export on Defects4J 3.0.1 fixed revision
JxPath,19,testMap.csv,canonical_maps/JxPath-19/testMap.csv,canonical_included,b29e11b3ac0dd69360629092512f75588a3fec6f0eefcb73ada1b752101710e2,31088,Major 3.0.1 kill-map export on Defects4J 3.0.1 fixed revision
JxPath,19,covMap.csv,canonical_maps/JxPath-19/covMap.csv,canonical_included,d1e2ae5dd407bc6972b4ec865db76143b095703e41b864ee629e12bcbccb195a,78754,Major 3.0.1 kill-map export on Defects4J 3.0.1 fixed revision
JxPath,19,killMap.csv,canonical_maps/JxPath-19/killMap.csv,canonical_included,7c12344f2a80a08d74f6938f6d5822d936fab9f29d0136ddcd73b7d35082bbd3,60341,Major 3.0.1 kill-map export on Defects4J 3.0.1 fixed revision
JxPath,19,mutants.log,canonical_maps/JxPath-19/mutants.log,canonical_included,ce100cb186691bcc8c08f286a008bdf19038dcab165a154281c1da3f5c47b7d0,163823,Major 3.0.1 kill-map export on Defects4J 3.0.1 fixed revision
JxPath,19,trigger_tests.txt,canonical_maps/JxPath-19/trigger_tests.txt,canonical_included,642391fe5709a4aa0bf600115f2d665345545b7182e01b7913e40fdb96130b3c,6392,Major 3.0.1 kill-map export on Defects4J 3.0.1 fixed revision
Compress,42,testMap.csv,canonical_maps/Compress-42/testMap.csv,canonical_included,ede21240fc54373f722ffddf89542713a7eaf7f370a8b8eb94c453bff0b2d84a,16436,Major 3.0.1 kill-map export on Defects4J 3.0.1 fixed revision
Compress,42,covMap.csv,canonical_maps/Compress-42/covMap.csv,canonical_included,6b58af0d75aa8d45bdb23373984a929a1787b1940cc31d16a5293a3e399b5485,56429,Major 3.0.1 kill-map export on Defects4J 3.0.1 fixed revision
Compress,42,killMap.csv,canonical_maps/Compress-42/killMap.csv,canonical_included,5a7e2c44d959e73412706429e2798834b4f39e11ed111e86fc4428b06c2ff581,24045,Major 3.0.1 kill-map export on Defects4J 3.0.1 fixed revision
Compress,42,mutants.log,canonical_maps/Compress-42/mutants.log,canonical_included,df8eb219f69807e6473729839c67c73c5f39a01d250f53d938e709bfdced46cb,75729,Major 3.0.1 kill-map export on Defects4J 3.0.1 fixed revision
Compress,42,trigger_tests.txt,canonical_maps/Compress-42/trigger_tests.txt,canonical_included,52830d1db94a5c15c1ce5b886290bf6da1072df7b5ed51914dc74137421a6e38,3429,Major 3.0.1 kill-map export on Defects4J 3.0.1 fixed revision
Jsoup,40,testMap.csv,canonical_maps/Jsoup-40/testMap.csv,canonical_included,c325185d5d1a9247e779b336f857be605480bea347c277c000fa6a10061076ae,20363,Major 3.0.1 kill-map export on Defects4J 3.0.1 fixed revision
Jsoup,40,covMap.csv,canonical_maps/Jsoup-40/covMap.csv,canonical_included,7ef24151c0e754fe0ace21f44d7933bdba0ad3308e2c82106683dc7f136700f3,822,Major 3.0.1 kill-map export on Defects4J 3.0.1 fixed revision
Jsoup,40,killMap.csv,canonical_maps/Jsoup-40/killMap.csv,canonical_included,dd1de2a226142b728f5d5ceea48ae4f886d43d5a644e0bf0c799d2aa1c476fb3,780,Major 3.0.1 kill-map export on Defects4J 3.0.1 fixed revision
Jsoup,40,mutants.log,canonical_maps/Jsoup-40/mutants.log,canonical_included,eb44629d350e511c63a8f97ed4c218e09874e5da08e0f50c272a0e3eedbd6dd0,2736,Major 3.0.1 kill-map export on Defects4J 3.0.1 fixed revision
Jsoup,40,trigger_tests.txt,canonical_maps/Jsoup-40/trigger_tests.txt,canonical_included,883f0d7723ed809e863dc9278e164d6ec2f68c3cea2ec3c61183bb93102a54e4,7025,Major 3.0.1 kill-map export on Defects4J 3.0.1 fixed revision
Lang,15,testMap.csv,canonical_maps/Lang-15/testMap.csv,canonical_included,985f053ff3b3d72cd9aa1688dfa46c74a1ac4bc1020f574cb3456877435777ee,784,Major 3.0.1 kill-map export on Defects4J 3.0.1 fixed revision
Lang,15,covMap.csv,canonical_maps/Lang-15/covMap.csv,canonical_included,6e4ad4cc888952b8117ef3b4b318e4ce564374ab8f2ad8f275df55d71db57aa0,2697,Major 3.0.1 kill-map export on Defects4J 3.0.1 fixed revision
Lang,15,killMap.csv,canonical_maps/Lang-15/killMap.csv,canonical_included,312f4afe1121aa7aeb11c15961d43b6986a62fa39eed3ab33f3c315d5ad423c9,2422,Major 3.0.1 kill-map export on Defects4J 3.0.1 fixed revision
Lang,15,mutants.log,canonical_maps/Lang-15/mutants.log,canonical_included,efba140d47b24a2bb4256a9e689e9237cb4e2750c4d47cabe1967b5922924981,63830,Major 3.0.1 kill-map export on Defects4J 3.0.1 fixed revision
Lang,15,trigger_tests.txt,canonical_maps/Lang-15/trigger_tests.txt,canonical_included,881a3cba1adb04bc4765fc4213343bada75207c673097ef84c63d8fe8b08e82c,6898,Major 3.0.1 kill-map export on Defects4J 3.0.1 fixed revision
Math,30,testMap.csv,canonical_maps/Math-30/testMap.csv,canonical_included,17b22cc6ab3a8c5523bf799927b94dbfad1ae6f22d0eac94001d8320e3183f54,292,Major 3.0.1 kill-map export on Defects4J 3.0.1 fixed revision
Math,30,covMap.csv,canonical_maps/Math-30/covMap.csv,canonical_included,3611525cdac52d2df126bd15a762a184873d734d52b6bab6032e8ccc6b003501,1385,Major 3.0.1 kill-map export on Defects4J 3.0.1 fixed revision
Math,30,killMap.csv,canonical_maps/Math-30/killMap.csv,canonical_included,765f524aec6b93e9c69cff44b0b1d56b6196be9e061e89396c27afcf2a702493,1782,Major 3.0.1 kill-map export on Defects4J 3.0.1 fixed revision
Math,30,mutants.log,canonical_maps/Math-30/mutants.log,canonical_included,5f860f891f254ea2725aa9dc744f6c6e3262ade2db1e203bfe150f0a7e2fde24,21846,Major 3.0.1 kill-map export on Defects4J 3.0.1 fixed revision
Math,30,trigger_tests.txt,canonical_maps/Math-30/trigger_tests.txt,canonical_included,fc68aa2a9e5a20faf9a3d922859769cecbaed560093f681e1d19ad003bea23c3,3322,Major 3.0.1 kill-map export on Defects4J 3.0.1 fixed revision
Lang,33,testMap.csv,canonical_maps/Lang-33/testMap.csv,canonical_included,3c7625f73b42182d6e04453e46d90cfc6bb4e7cae65e39db763b0fd413e7f55b,20872,Major 3.0.1 kill-map export on Defects4J 3.0.1 fixed revision
Lang,33,covMap.csv,canonical_maps/Lang-33/covMap.csv,canonical_included,9036ae2162338c239db548f78b9adc4bafdecb4062d4d13aa03634697c090e22,27627,Major 3.0.1 kill-map export on Defects4J 3.0.1 fixed revision
Lang,33,killMap.csv,canonical_maps/Lang-33/killMap.csv,canonical_included,5740792dc9acfc712bc061900ea2d929998101eaa7100f6db0f972b9df00ae35,14645,Major 3.0.1 kill-map export on Defects4J 3.0.1 fixed revision
Lang,33,mutants.log,canonical_maps/Lang-33/mutants.log,canonical_included,0f189e12ab10a69d83dcd59f2264f746b598a05c26da159f7930c2dba55c43ec,71118,Major 3.0.1 kill-map export on Defects4J 3.0.1 fixed revision
Lang,33,trigger_tests.txt,canonical_maps/Lang-33/trigger_tests.txt,canonical_included,8d9d0105fef92bbbd5d59481c549381559a31cc107a16f07e206f84c150413ca,2608,Major 3.0.1 kill-map export on Defects4J 3.0.1 fixed revision
Math,31,testMap.csv,canonical_maps/Math-31/testMap.csv,canonical_included,208ff79bf30615ae99fd90bf1fb1b860fda98ed72d60594f7a078263f0957588,27780,Major 3.0.1 kill-map export on Defects4J 3.0.1 fixed revision
Math,31,covMap.csv,canonical_maps/Math-31/covMap.csv,canonical_included,ee8b65506454f43cc9857019577cf93ecac52e0f648015a0af9630d1c1c723aa,52307,Major 3.0.1 kill-map export on Defects4J 3.0.1 fixed revision
Math,31,killMap.csv,canonical_maps/Math-31/killMap.csv,canonical_included,f9935d711ec12b25c20a8410256021e23ab259a53a6d77a9e847b076324bb87a,60715,Major 3.0.1 kill-map export on Defects4J 3.0.1 fixed revision
Math,31,mutants.log,canonical_maps/Math-31/mutants.log,canonical_included,b07179d23e0e0d2def59194b6592419fd9eeff51db3a1e63fd20f71abee7ad59,11066,Major 3.0.1 kill-map export on Defects4J 3.0.1 fixed revision
Math,31,trigger_tests.txt,canonical_maps/Math-31/trigger_tests.txt,canonical_included,66c88b136b0709267a00f12c9bb3955639b1ce41cbddf9b5e60753308f3f5ebf,7693,Major 3.0.1 kill-map export on Defects4J 3.0.1 fixed revision
Closure,91,testMap.csv,canonical_maps/Closure-91/testMap.csv,canonical_included,61bbb1b0156309601860242152f3d6dd1f8ecb0afaa7e6c06d3cafd0475c7714,7308,Major 3.0.1 kill-map export on Defects4J 3.0.1 fixed revision
Closure,91,covMap.csv,canonical_maps/Closure-91/covMap.csv,canonical_included,068069d89fc74181f6f6547b7959ee56d5c57a0b4870b975d152c49cadcf1e0e,24385,Major 3.0.1 kill-map export on Defects4J 3.0.1 fixed revision
Closure,91,killMap.csv,canonical_maps/Closure-91/killMap.csv,canonical_included,fab7a27ac8c0907980ea9ee4ba6e32a8cbc17e5c16339d4695cbb7cd3d1839c2,10059,Major 3.0.1 kill-map export on Defects4J 3.0.1 fixed revision
Closure,91,mutants.log,canonical_maps/Closure-91/mutants.log,canonical_included,a28a7ad4fabd62cfcce7a42e445bc664a2969be912a6b830dd3d343779b9d163,39295,Major 3.0.1 kill-map export on Defects4J 3.0.1 fixed revision
Closure,91,trigger_tests.txt,canonical_maps/Closure-91/trigger_tests.txt,canonical_included,279a3377db5f4ab55b997f08e07d8e4e357810f1722eb5a35e15d6116788074f,3482,Major 3.0.1 kill-map export on Defects4J 3.0.1 fixed revision
Compress,45,testMap.csv,canonical_maps/Compress-45/testMap.csv,canonical_included,d905aec2caf8d886a2ecf081ddc04db98adf97edc2eded0064323c8c46ed25c9,14377,Major 3.0.1 kill-map export on Defects4J 3.0.1 fixed revision
Compress,45,covMap.csv,canonical_maps/Compress-45/covMap.csv,canonical_included,250e54fa07bcaba10acd1dc144f9bbdfe03368e816cf6bec44422a2182caa837,118313,Major 3.0.1 kill-map export on Defects4J 3.0.1 fixed revision
Compress,45,killMap.csv,canonical_maps/Compress-45/killMap.csv,canonical_included,c8259029b58306fb984fbd0ba0783da37f68ac44eced922ec346f415e94c50b3,88519,Major 3.0.1 kill-map export on Defects4J 3.0.1 fixed revision
Compress,45,mutants.log,canonical_maps/Compress-45/mutants.log,canonical_included,f38ed6f56d9397b52dd086ad1b0929e2ae57fcd5bb67cb81be5e7b57e62b3457,94526,Major 3.0.1 kill-map export on Defects4J 3.0.1 fixed revision
Compress,45,trigger_tests.txt,canonical_maps/Compress-45/trigger_tests.txt,canonical_included,34e33e575c8152c7fa2bc5574e974446208407c0adfcecbbcdd92a26261f42e6,3664,Major 3.0.1 kill-map export on Defects4J 3.0.1 fixed revision
Math,1,testMap.csv,canonical_maps/Math-1/testMap.csv,canonical_included,9fd4018993661ef9eee940cc9a6550d89276f18f2312da28ec5a1a070529592e,24664,Major 3.0.1 kill-map export on Defects4J 3.0.1 fixed revision
Math,1,covMap.csv,canonical_maps/Math-1/covMap.csv,canonical_included,bc51d779d98483a7d7a2852f1b9b5b9d14d6d6a9c498a6981dfe8b76faa6ce1f,276069,Major 3.0.1 kill-map export on Defects4J 3.0.1 fixed revision
Math,1,killMap.csv,canonical_maps/Math-1/killMap.csv,canonical_included,cb7bc849c24ffd683babe4df6947eff0e6be5a3842748054437957505dd1d3a9,132249,Major 3.0.1 kill-map export on Defects4J 3.0.1 fixed revision
Math,1,mutants.log,canonical_maps/Math-1/mutants.log,canonical_included,17ea076c79994c9332252df260947a3764d326330db5bb9d2a2a69730db6a525,129102,Major 3.0.1 kill-map export on Defects4J 3.0.1 fixed revision
Math,1,trigger_tests.txt,canonical_maps/Math-1/trigger_tests.txt,canonical_included,c165606876c4071574ba7ef6d5bdf62ceba83f00d478de8589b7be91e041f6a1,6881,Major 3.0.1 kill-map export on Defects4J 3.0.1 fixed revision
Gson,17,testMap.csv,canonical_maps/Gson-17/testMap.csv,canonical_included,613c2c56254b7a8ffb45e38ccee77c1ebafe5081ef5a8452a0d5b0fa91aba407,51571,Major 3.0.1 kill-map export on Defects4J 3.0.1 fixed revision
Gson,17,covMap.csv,canonical_maps/Gson-17/covMap.csv,canonical_included,772f06c704ba04f7f43fd4fdf060eb5bfce955d555b203fe025396d890d3fb49,1278,Major 3.0.1 kill-map export on Defects4J 3.0.1 fixed revision
Gson,17,killMap.csv,canonical_maps/Gson-17/killMap.csv,canonical_included,56cb7ecf0a8382458caae0f3f6c9348da8254185753fa85a1455708313ba23a9,1084,Major 3.0.1 kill-map export on Defects4J 3.0.1 fixed revision
Gson,17,mutants.log,canonical_maps/Gson-17/mutants.log,canonical_included,dd24d5202587a52fcee9c5c88a07eca59164342b49ad396367b58d654933761a,5234,Major 3.0.1 kill-map export on Defects4J 3.0.1 fixed revision
Gson,17,trigger_tests.txt,canonical_maps/Gson-17/trigger_tests.txt,canonical_included,546ebe282c5df9923ec0134ce8a8ed0e7f46cafa2db9d6c257816330dcffcc33,5758,Major 3.0.1 kill-map export on Defects4J 3.0.1 fixed revision
JxPath,1,testMap.csv,canonical_maps/JxPath-1/testMap.csv,canonical_included,e50a343f85ab04216eab3918fadb8c2eaa2474f4f3839fd181aebfd87be75f8d,25751,Major 3.0.1 kill-map export on Defects4J 3.0.1 fixed revision
JxPath,1,covMap.csv,canonical_maps/JxPath-1/covMap.csv,canonical_included,c5211a2959f5f9aa2f42bf945d6f1d58e1db929c35a0c2e0356e5ff39fd09360,56434,Major 3.0.1 kill-map export on Defects4J 3.0.1 fixed revision
JxPath,1,killMap.csv,canonical_maps/JxPath-1/killMap.csv,canonical_included,0c725475f0ebb22a06797b36aa0572642fcaa64494b2ed5d294b94fa19026b5d,45128,Major 3.0.1 kill-map export on Defects4J 3.0.1 fixed revision
JxPath,1,mutants.log,canonical_maps/JxPath-1/mutants.log,canonical_included,da6fe070f3e8d90e38f77e37d591d6cbc54f6375d7688f7f5b77d8f5b32092ec,163191,Major 3.0.1 kill-map export on Defects4J 3.0.1 fixed revision
JxPath,1,trigger_tests.txt,canonical_maps/JxPath-1/trigger_tests.txt,canonical_included,1828f0979c548d3db792f04b0c0b342c9c19b858c06ad44cc5bda1eea6ae7a76,5277,Major 3.0.1 kill-map export on Defects4J 3.0.1 fixed revision
Closure,23,testMap.csv,canonical_maps/Closure-23/testMap.csv,canonical_included,8c6ff2ff83e5241824761e615f227e96102ed1b2897d7291c501ab2b99b124ad,29365,Major 3.0.1 kill-map export on Defects4J 3.0.1 fixed revision
Closure,23,covMap.csv,canonical_maps/Closure-23/covMap.csv,canonical_included,da310bab2e49af03c52999f6b7c702f5ad3d4f5e2a55d558927ba39ca421c356,55811,Major 3.0.1 kill-map export on Defects4J 3.0.1 fixed revision
Closure,23,killMap.csv,canonical_maps/Closure-23/killMap.csv,canonical_included,6292576d409655dbb3b9c26639938f93f3e043232ba5d3da8d355869828eaa51,26605,Major 3.0.1 kill-map export on Defects4J 3.0.1 fixed revision
Closure,23,mutants.log,canonical_maps/Closure-23/mutants.log,canonical_included,ee11bde17cb2c102bf313f6ece8509b61b2e8c31a5e488038a2f748e898f24cc,191826,Major 3.0.1 kill-map export on Defects4J 3.0.1 fixed revision
Closure,23,trigger_tests.txt,canonical_maps/Closure-23/trigger_tests.txt,canonical_included,c72dee97750a861b8fe8b30bb49d25db810199b68745d3503247c1223c50af26,3535,Major 3.0.1 kill-map export on Defects4J 3.0.1 fixed revision
Codec,18,testMap.csv,canonical_maps/Codec-18/testMap.csv,canonical_included,0e5fa050131af0cffe36b27e46c2a5a82bd2bf8ec21877cd29c3f151c35d8e74,30346,Major 3.0.1 kill-map export on Defects4J 3.0.1 fixed revision
Codec,18,covMap.csv,canonical_maps/Codec-18/covMap.csv,canonical_included,6be30dbc43107e74f08aadb90c66f2657d8a2b6a83dc8db2236f96fe723606d9,2369,Major 3.0.1 kill-map export on Defects4J 3.0.1 fixed revision
Codec,18,killMap.csv,canonical_maps/Codec-18/killMap.csv,canonical_included,4eb5c3d1dd997df51bcd3b7c030aab0667cff873fc2b731662443a0cb85bab4f,811,Major 3.0.1 kill-map export on Defects4J 3.0.1 fixed revision
Codec,18,mutants.log,canonical_maps/Codec-18/mutants.log,canonical_included,9a8287bb5041fbabac587bd44f67157592151e12912baf6a341db7bd1d0997b4,6183,Major 3.0.1 kill-map export on Defects4J 3.0.1 fixed revision
Codec,18,trigger_tests.txt,canonical_maps/Codec-18/trigger_tests.txt,canonical_included,a3bfb6aaf5215fe5dd5aa2340d475273ba9c43b5de69e840b32f5615acf6658c,6980,Major 3.0.1 kill-map export on Defects4J 3.0.1 fixed revision
Lang,58,testMap.csv,canonical_maps/Lang-58/testMap.csv,canonical_included,38609c1dde438de77a594cd89aaeca2c07fb0992bd884fde5fefc9cd4ce07d80,18502,Major 3.0.1 kill-map export on Defects4J 3.0.1 fixed revision
Lang,58,covMap.csv,canonical_maps/Lang-58/covMap.csv,canonical_included,cea4fafb0e0d11b176b9a53bd66700380cacceab801dbbb2f8955728bc8c5a57,25643,Major 3.0.1 kill-map export on Defects4J 3.0.1 fixed revision
Lang,58,killMap.csv,canonical_maps/Lang-58/killMap.csv,canonical_included,7e2775766f15d36aa952c55f60d3c58f7a6b5289a38ce4cc97c9332dfa7a1360,13318,Major 3.0.1 kill-map export on Defects4J 3.0.1 fixed revision
Lang,58,mutants.log,canonical_maps/Lang-58/mutants.log,canonical_included,7a532f81f049e448575183c0263a7dadcf6ad3bfcd57ce2519c2d459803fdb05,141928,Major 3.0.1 kill-map export on Defects4J 3.0.1 fixed revision
Lang,58,trigger_tests.txt,canonical_maps/Lang-58/trigger_tests.txt,canonical_included,8a9c6fe2948bd7816028bc949eacbf34ecf874ac3dd72984ebed5e5ee86f04ad,2645,Major 3.0.1 kill-map export on Defects4J 3.0.1 fixed revision
Jsoup,30,testMap.csv,canonical_maps/Jsoup-30/testMap.csv,canonical_included,1849aa9e31128ae013a463f7520f2c82dae27558afc64b316778c27a075af51a,1251,Major 3.0.1 kill-map export on Defects4J 3.0.1 fixed revision
Jsoup,30,covMap.csv,canonical_maps/Jsoup-30/covMap.csv,canonical_included,1e05c2c48d7e8ea894b3debc427956fb2ef8430ece63227c3d66012527df5752,3268,Major 3.0.1 kill-map export on Defects4J 3.0.1 fixed revision
Jsoup,30,killMap.csv,canonical_maps/Jsoup-30/killMap.csv,canonical_included,5a5a393d827b4efe667fb2748ce344e7a7930d724e8c35fff6520a5aa53a2874,2721,Major 3.0.1 kill-map export on Defects4J 3.0.1 fixed revision
Jsoup,30,mutants.log,canonical_maps/Jsoup-30/mutants.log,canonical_included,439f436aae1b6e5033bea5e879793522130cd264192ffc09c8c161758ead3c87,5713,Major 3.0.1 kill-map export on Defects4J 3.0.1 fixed revision
Jsoup,30,trigger_tests.txt,canonical_maps/Jsoup-30/trigger_tests.txt,canonical_included,df3c834d5004589f20fe884e0f458c69b30e1b89721a1f472250d1011b491325,3292,Major 3.0.1 kill-map export on Defects4J 3.0.1 fixed revision
Csv,13,testMap.csv,canonical_maps/Csv-13/testMap.csv,canonical_included,5c5b7dd387c92f50626b78529fde1dba8f58276ba2b238cebfd22dc336095a2e,14375,Major 3.0.1 kill-map export on Defects4J 3.0.1 fixed revision
Csv,13,covMap.csv,canonical_maps/Csv-13/covMap.csv,canonical_included,8fb10cc36637be20ac435a7605521ca3ec8c36af667092b8868b63a4d400784d,153590,Major 3.0.1 kill-map export on Defects4J 3.0.1 fixed revision
Csv,13,killMap.csv,canonical_maps/Csv-13/killMap.csv,canonical_included,ca5f403f4bceb53c4f2fef479f75bf36e2cade86a9e6e2bace9ceb4943b9ed77,128076,Major 3.0.1 kill-map export on Defects4J 3.0.1 fixed revision
Csv,13,mutants.log,canonical_maps/Csv-13/mutants.log,canonical_included,db77ec77dbd781b8980b9f5559e65e316a2cf9af8a47dc952803c98832a34d27,100156,Major 3.0.1 kill-map export on Defects4J 3.0.1 fixed revision
Csv,13,trigger_tests.txt,canonical_maps/Csv-13/trigger_tests.txt,canonical_included,e037927c2e7aba16aa4385c64b215939333944908a13d6131ee89dc121699632,6680,Major 3.0.1 kill-map export on Defects4J 3.0.1 fixed revision
JxPath,2,testMap.csv,canonical_maps/JxPath-2/testMap.csv,canonical_included,527a20d971aa721bdc7302f52a1556e3399f48455e22ef5f57a899de2f26a9ad,25839,Major 3.0.1 kill-map export on Defects4J 3.0.1 fixed revision
JxPath,2,covMap.csv,canonical_maps/JxPath-2/covMap.csv,canonical_included,1d6fca425e4eda85b7d1c9ec3e7a5583efc57f76aa49a1cfadf03c1715627b2f,9110,Major 3.0.1 kill-map export on Defects4J 3.0.1 fixed revision
JxPath,2,killMap.csv,canonical_maps/JxPath-2/killMap.csv,canonical_included,aa2c9dbe96d6d49122ef84785d13fe4f2195fe2c4ea9c96d7cc31259db230d78,631,Major 3.0.1 kill-map export on Defects4J 3.0.1 fixed revision
JxPath,2,mutants.log,canonical_maps/JxPath-2/mutants.log,canonical_included,d128a5cc1414f1ae1e389c0d80bbcaf584dba15f12be46e27ecf66d1ceb342c5,2128,Major 3.0.1 kill-map export on Defects4J 3.0.1 fixed revision
JxPath,2,trigger_tests.txt,canonical_maps/JxPath-2/trigger_tests.txt,canonical_included,eaf19c404a54833425ac304c9e6dfde97239cd42f3ccbba0135d8de8af889adb,3031,Major 3.0.1 kill-map export on Defects4J 3.0.1 fixed revision
Cli,37,testMap.csv,canonical_maps/Cli-37/testMap.csv,canonical_included,f5ce7b3e8169724ae9c47e14e2092d0aaadb05f9a30e2732ff97c3cf5a81fe34,4706,Major 3.0.1 kill-map export on Defects4J 3.0.1 fixed revision
Cli,37,covMap.csv,canonical_maps/Cli-37/covMap.csv,canonical_included,72012b4f43930ed37f6fb0ed7a695a96ea4db70457b526a8ffac4d6c14216873,36062,Major 3.0.1 kill-map export on Defects4J 3.0.1 fixed revision
Cli,37,killMap.csv,canonical_maps/Cli-37/killMap.csv,canonical_included,0cd084c3f93372a9a684775e3029ddc90819a51feb4bedaa6dbcdfcec2a67fcd,25217,Major 3.0.1 kill-map export on Defects4J 3.0.1 fixed revision
Cli,37,mutants.log,canonical_maps/Cli-37/mutants.log,canonical_included,61248dda46968b6817349cbc4f00b37f7cfdad38f984a9bfe4cccca20b18d0a8,60958,Major 3.0.1 kill-map export on Defects4J 3.0.1 fixed revision
Cli,37,trigger_tests.txt,canonical_maps/Cli-37/trigger_tests.txt,canonical_included,3af6c26ae0d6916dd18488155103a265cfabe0498e9053790009ebbd04218074,3473,Major 3.0.1 kill-map export on Defects4J 3.0.1 fixed revision
Math,35,testMap.csv,canonical_maps/Math-35/testMap.csv,canonical_included,a8dd8d394dfc1bd29d2c5695c56dd74d8a8512c2097cfc71a7035e7eceb09ffa,1071,Major 3.0.1 kill-map export on Defects4J 3.0.1 fixed revision
Math,35,covMap.csv,canonical_maps/Math-35/covMap.csv,canonical_included,20f38f8bcbb550d9ccccd6723c55d22dc89e417da9e89b8fd5626f36c8028b93,1441,Major 3.0.1 kill-map export on Defects4J 3.0.1 fixed revision
Math,35,killMap.csv,canonical_maps/Math-35/killMap.csv,canonical_included,0649dd71096f83008382fc9781842cfa1601229f26a23ac9bfb292e2d35f2f08,829,Major 3.0.1 kill-map export on Defects4J 3.0.1 fixed revision
Math,35,mutants.log,canonical_maps/Math-35/mutants.log,canonical_included,54d63e3843cc6194c7d3848d6ac329f1d60461646e601f1942f4d22afcace4b6,5886,Major 3.0.1 kill-map export on Defects4J 3.0.1 fixed revision
Math,35,trigger_tests.txt,canonical_maps/Math-35/trigger_tests.txt,canonical_included,3bc9dcd81581001759e881c7b6789d32c8b0dba8f4cb3faed33eb5f5e4d09d74,10470,Major 3.0.1 kill-map export on Defects4J 3.0.1 fixed revision
JacksonCore,14,testMap.csv,canonical_maps/JacksonCore-14/testMap.csv,canonical_included,c1f5bffe7ccffe9c1b4ca4ea9bfaddd8d3784a9c9faca47228ff6be10060b10a,24989,Major 3.0.1 kill-map export on Defects4J 3.0.1 fixed revision
JacksonCore,14,covMap.csv,canonical_maps/JacksonCore-14/covMap.csv,canonical_included,1d8c9ed8e531fcc02b0c0a13658cdb70793aa23c200ee693baab188e71d5c4b2,28134,Major 3.0.1 kill-map export on Defects4J 3.0.1 fixed revision
JacksonCore,14,killMap.csv,canonical_maps/JacksonCore-14/killMap.csv,canonical_included,86b890dd11c593fd3b7f323323c465871e317f4d09674e7f7ac9590b3bb4f7f0,6629,Major 3.0.1 kill-map export on Defects4J 3.0.1 fixed revision
JacksonCore,14,mutants.log,canonical_maps/JacksonCore-14/mutants.log,canonical_included,58b9947cb2faed4a32f4f24c6e8a307aa279f6e9640659e485da54813757d9c1,8833,Major 3.0.1 kill-map export on Defects4J 3.0.1 fixed revision
JacksonCore,14,trigger_tests.txt,canonical_maps/JacksonCore-14/trigger_tests.txt,canonical_included,9db6fdc9b86d448089e246ae277e6358f8138039396fc726775e0e4887857015,2867,Major 3.0.1 kill-map export on Defects4J 3.0.1 fixed revision
Cli,31,testMap.csv,canonical_maps/Cli-31/testMap.csv,canonical_included,9c484c1f95bf73750a95c2f68ec9aef7c56aa674cd2ec0b97453528ca9287902,24208,Major 3.0.1 kill-map export on Defects4J 3.0.1 fixed revision
Cli,31,covMap.csv,canonical_maps/Cli-31/covMap.csv,canonical_included,f95afe3d1a00b261d38babc3ac8c4dbc1713c8e6667e1d4afd3572f3a57c8f88,155293,Major 3.0.1 kill-map export on Defects4J 3.0.1 fixed revision
Cli,31,killMap.csv,canonical_maps/Cli-31/killMap.csv,canonical_included,10c49b07e1fcd1c4931a78a246df1c284a7c24cc3c28863bb592fd691dff1757,70284,Major 3.0.1 kill-map export on Defects4J 3.0.1 fixed revision
Cli,31,mutants.log,canonical_maps/Cli-31/mutants.log,canonical_included,7050ce23ebd559ea579dd4eff9973eb426bc2b31de26511a323df9df935e0169,100295,Major 3.0.1 kill-map export on Defects4J 3.0.1 fixed revision
Cli,31,trigger_tests.txt,canonical_maps/Cli-31/trigger_tests.txt,canonical_included,6d9e7ebbcda10bee003f8b8d1df83f5eee1e3a6766b8799e8a874f4552aa414e,2795,Major 3.0.1 kill-map export on Defects4J 3.0.1 fixed revision
Chart,5,testMap.csv,canonical_maps/Chart-5/testMap.csv,canonical_included,53699ae29efa4fc80d1e7ccb60681b1bb409fb6822752889313dcf97f22da26c,22174,Major 3.0.1 kill-map export on Defects4J 3.0.1 fixed revision
Chart,5,covMap.csv,canonical_maps/Chart-5/covMap.csv,canonical_included,a5609fa6bcb5b023e36f25d4789e98f817baf7f239f2b150e3ec9d1750235f9c,28425,Major 3.0.1 kill-map export on Defects4J 3.0.1 fixed revision
Chart,5,killMap.csv,canonical_maps/Chart-5/killMap.csv,canonical_included,86bd1b1792f5280cb5ecdb754e1f935d070aeaaa6837d173fcd54b305ef93690,19051,Major 3.0.1 kill-map export on Defects4J 3.0.1 fixed revision
Chart,5,mutants.log,canonical_maps/Chart-5/mutants.log,canonical_included,3576a39cf7b759615e3e7ddcfcaf70021ef612bd5132c046eb9ec94b05b0495a,36496,Major 3.0.1 kill-map export on Defects4J 3.0.1 fixed revision
Chart,5,trigger_tests.txt,canonical_maps/Chart-5/trigger_tests.txt,canonical_included,e775b0dba5817ab4ffee463560dfff48100f88cae140edc8dde61646321390df,2784,Major 3.0.1 kill-map export on Defects4J 3.0.1 fixed revision
Codec,9,testMap.csv,canonical_maps/Codec-9/testMap.csv,canonical_included,a4f43a7037bdd8b1f1cae635396a489767b36c7840d84fc29164720abc15e904,6539,Major 3.0.1 kill-map export on Defects4J 3.0.1 fixed revision
Codec,9,covMap.csv,canonical_maps/Codec-9/covMap.csv,canonical_included,fd023de493ae37442dcdf86aac99380e5f686262283b2dbb1a7e5af7c0a549bd,282906,Major 3.0.1 kill-map export on Defects4J 3.0.1 fixed revision
Codec,9,killMap.csv,canonical_maps/Codec-9/killMap.csv,canonical_included,8eea2f29a011de21a473039a3278513ee6a8d3a9ea5a07fcaf53ae5678076b14,149419,Major 3.0.1 kill-map export on Defects4J 3.0.1 fixed revision
Codec,9,mutants.log,canonical_maps/Codec-9/mutants.log,canonical_included,0161ec78194888e5529863a5d0771642a207a6b2db6c5de0912836c3e8f4d5ad,116518,Major 3.0.1 kill-map export on Defects4J 3.0.1 fixed revision
Codec,9,trigger_tests.txt,canonical_maps/Codec-9/trigger_tests.txt,canonical_included,33b1bb65c7cb2a6ed71b5796a64f41b2060443b6866887f07e79e4f3edea3920,2701,Major 3.0.1 kill-map export on Defects4J 3.0.1 fixed revision
Jsoup,19,testMap.csv,canonical_maps/Jsoup-19/testMap.csv,canonical_included,981c4d462745a155b3d4c982e2a0bfef131c28e4f4f1f7a31f5401f029432d8e,965,Major 3.0.1 kill-map export on Defects4J 3.0.1 fixed revision
Jsoup,19,covMap.csv,canonical_maps/Jsoup-19/covMap.csv,canonical_included,ee92c07aca4e58de5e3cd1a0a7cb99c594a744fb6221951e3fbffed11034e3f4,5719,Major 3.0.1 kill-map export on Defects4J 3.0.1 fixed revision
Jsoup,19,killMap.csv,canonical_maps/Jsoup-19/killMap.csv,canonical_included,cd8a9c2a07f5e5377ff831aff5a726060354680491d3c5d8992e9b4c1d81de85,3512,Major 3.0.1 kill-map export on Defects4J 3.0.1 fixed revision
Jsoup,19,mutants.log,canonical_maps/Jsoup-19/mutants.log,canonical_included,a7795f7bc75c37a73f64a6633b75d043035684baa14d4d7a2a1b06cbfd58bc3f,16722,Major 3.0.1 kill-map export on Defects4J 3.0.1 fixed revision
Jsoup,19,trigger_tests.txt,canonical_maps/Jsoup-19/trigger_tests.txt,canonical_included,cb51ffd88a2a9608469fd1f8fe5fef2f60868de66a87b99b8adc02f14e348fc5,3321,Major 3.0.1 kill-map export on Defects4J 3.0.1 fixed revision
Compress,27,testMap.csv,canonical_maps/Compress-27/testMap.csv,canonical_included,2916dd78baf11dd0097e7f251e3e38ad5ab29662d39c270eb3261c73881e1752,11118,Major 3.0.1 kill-map export on Defects4J 3.0.1 fixed revision
Compress,27,covMap.csv,canonical_maps/Compress-27/covMap.csv,canonical_included,b5c631a2d34f19eac94a2e3c4fbf05f0d3a6a31fe135873b43813707ecf1bb97,110851,Major 3.0.1 kill-map export on Defects4J 3.0.1 fixed revision
Compress,27,killMap.csv,canonical_maps/Compress-27/killMap.csv,canonical_included,23423d9218f1e274af7f9887e090ddbe939d25fd6bc7a0aa53b7868310394d86,70991,Major 3.0.1 kill-map export on Defects4J 3.0.1 fixed revision
Compress,27,mutants.log,canonical_maps/Compress-27/mutants.log,canonical_included,2a067c25c8e5d639155221e0a6afbbc3bd560017d3e15de89c3f6e147c3b2aea,100165,Major 3.0.1 kill-map export on Defects4J 3.0.1 fixed revision
Compress,27,trigger_tests.txt,canonical_maps/Compress-27/trigger_tests.txt,canonical_included,23ec7a1310e8e75a85b3cabfaf014c386c6cf54068f08a28b080209cdc14498c,2694,Major 3.0.1 kill-map export on Defects4J 3.0.1 fixed revision
Csv,16,testMap.csv,canonical_maps/Csv-16/testMap.csv,canonical_included,bf393be1f0867f6827492c069cd72da598ea5175b4d60fb061aca98482d04584,10490,Major 3.0.1 kill-map export on Defects4J 3.0.1 fixed revision
Csv,16,covMap.csv,canonical_maps/Csv-16/covMap.csv,canonical_included,062c00ca0d3a44ccd36a818f3aeace8ae73608f0740a28752308efda033fd033,26225,Major 3.0.1 kill-map export on Defects4J 3.0.1 fixed revision
Csv,16,killMap.csv,canonical_maps/Csv-16/killMap.csv,canonical_included,1966abf5820ba4326e8672a990e49c9925f48f56f692310f411fa149597486cf,15847,Major 3.0.1 kill-map export on Defects4J 3.0.1 fixed revision
Csv,16,mutants.log,canonical_maps/Csv-16/mutants.log,canonical_included,418b8e34a3450ac9b823add539cef9000bab483da675bde7dda7d08a39449221,17979,Major 3.0.1 kill-map export on Defects4J 3.0.1 fixed revision
Csv,16,trigger_tests.txt,canonical_maps/Csv-16/trigger_tests.txt,canonical_included,b2347140a84327e17d48c36bbf9cd1d796ffcbcb0a36d77ab7083cf346c5a596,3290,Major 3.0.1 kill-map export on Defects4J 3.0.1 fixed revision
Lang,31,testMap.csv,canonical_maps/Lang-31/testMap.csv,canonical_included,02b09e3411b7c87b3a8b3e9b642d93e910851c46bf402697b3b1958ff2279734,43023,Major 3.0.1 kill-map export on Defects4J 3.0.1 fixed revision
Lang,31,covMap.csv,canonical_maps/Lang-31/covMap.csv,canonical_included,f0eb90f1609298b0566e37973c622d2a0b51118ab1f63e31675692f7b8d275cf,62505,Major 3.0.1 kill-map export on Defects4J 3.0.1 fixed revision
Lang,31,killMap.csv,canonical_maps/Lang-31/killMap.csv,canonical_included,eb28cda821a40d6c4eb0db91b6982b7a6babffbbef7ac54d5ef6a9166b3f5195,57424,Major 3.0.1 kill-map export on Defects4J 3.0.1 fixed revision
Lang,31,mutants.log,canonical_maps/Lang-31/mutants.log,canonical_included,a0ebfff15b313e75c09360c365f63e8a470d49bed5994ba0e1036cc68210dfdc,461485,Major 3.0.1 kill-map export on Defects4J 3.0.1 fixed revision
Lang,31,trigger_tests.txt,canonical_maps/Lang-31/trigger_tests.txt,canonical_included,cabbc78abb5e887e21142f23bd8406fd0da36aeaeade5a561c965282f0f6fa5f,6020,Major 3.0.1 kill-map export on Defects4J 3.0.1 fixed revision
Jsoup,88,testMap.csv,canonical_maps/Jsoup-88/testMap.csv,canonical_included,579443ae9f756bbf9f9cc9c9e5b59610e99f4f2ac8cd1f87dc8b4d0d10984c49,37113,Major 3.0.1 kill-map export on Defects4J 3.0.1 fixed revision
Jsoup,88,covMap.csv,canonical_maps/Jsoup-88/covMap.csv,canonical_included,bb6199aa0dd1309f64224f8afa1063380d677b752e15646e3829c5f0b1dc9e00,14126,Major 3.0.1 kill-map export on Defects4J 3.0.1 fixed revision
Jsoup,88,killMap.csv,canonical_maps/Jsoup-88/killMap.csv,canonical_included,97371552371b66fb4c0ad5ab4d3783408dcb77d58eb0df99f560febfd67450f3,5613,Major 3.0.1 kill-map export on Defects4J 3.0.1 fixed revision
Jsoup,88,mutants.log,canonical_maps/Jsoup-88/mutants.log,canonical_included,1b057db218cf3dd93cb86a87043dced3a7c161030307a44cde3a390a73ec0fe2,18956,Major 3.0.1 kill-map export on Defects4J 3.0.1 fixed revision
Jsoup,88,trigger_tests.txt,canonical_maps/Jsoup-88/trigger_tests.txt,canonical_included,53ff0bc9d7b4de4cb47171ff4be463821c34a9ecc798bae579e413978062b7b8,3384,Major 3.0.1 kill-map export on Defects4J 3.0.1 fixed revision
JacksonCore,10,testMap.csv,canonical_maps/JacksonCore-10/testMap.csv,canonical_included,562dd4c7f491d822e6d10417e4d62defab465b03304001467efa3d2efdbd1955,23572,Major 3.0.1 kill-map export on Defects4J 3.0.1 fixed revision
JacksonCore,10,covMap.csv,canonical_maps/JacksonCore-10/covMap.csv,canonical_included,0af5843a8a1b4880a25860ac7802a01f5d7b5fab02d68f1da7ef635342743bc6,263811,Major 3.0.1 kill-map export on Defects4J 3.0.1 fixed revision
JacksonCore,10,killMap.csv,canonical_maps/JacksonCore-10/killMap.csv,canonical_included,007b7cf24b693f07cb8bddd54ff90d44a9cc7e6db6d267ef34938c034fcb6a23,70747,Major 3.0.1 kill-map export on Defects4J 3.0.1 fixed revision
JacksonCore,10,mutants.log,canonical_maps/JacksonCore-10/mutants.log,canonical_included,6f89fa394f6b81353505d04cfe82e40d2036f0468ffb901faef3a5e09cc8b5d4,258915,Major 3.0.1 kill-map export on Defects4J 3.0.1 fixed revision
JacksonCore,10,trigger_tests.txt,canonical_maps/JacksonCore-10/trigger_tests.txt,canonical_included,053446574b55011554384c02567b7bb562de2a623f266385976d7b9ee2695c14,12038,Major 3.0.1 kill-map export on Defects4J 3.0.1 fixed revision
Jsoup,93,testMap.csv,canonical_maps/Jsoup-93/testMap.csv,canonical_included,4e4d81eca64369258791fad51dd935b429629b3377e81927708e8d61c3b07d8c,37876,Major 3.0.1 kill-map export on Defects4J 3.0.1 fixed revision
Jsoup,93,covMap.csv,canonical_maps/Jsoup-93/covMap.csv,canonical_included,28e2867513507a3f067b053821f569d760116de3c902507a313c4eae69e26a2e,1338,Major 3.0.1 kill-map export on Defects4J 3.0.1 fixed revision
Jsoup,93,killMap.csv,canonical_maps/Jsoup-93/killMap.csv,canonical_included,2a9681ad28fcff40f4424a1eaf43d63a51f738a2638e4f666c0c4de7b783e861,998,Major 3.0.1 kill-map export on Defects4J 3.0.1 fixed revision
Jsoup,93,mutants.log,canonical_maps/Jsoup-93/mutants.log,canonical_included,a2f364885eb1c594b11d1d65a4229843f1425b4b5ddd70c897d675da2bee0322,5093,Major 3.0.1 kill-map export on Defects4J 3.0.1 fixed revision
Jsoup,93,trigger_tests.txt,canonical_maps/Jsoup-93/trigger_tests.txt,canonical_included,9606272ba87e593986c535b71db5aa05e22a51f9b20de62a5db4dfc095552824,3395,Major 3.0.1 kill-map export on Defects4J 3.0.1 fixed revision
Codec,3,testMap.csv,canonical_maps/Codec-3/testMap.csv,canonical_included,75b3b23313ad021b005768ce0ce22b9bf36611891db4478091b8fe5c7e9fadf5,1828,Major 3.0.1 kill-map export on Defects4J 3.0.1 fixed revision
Codec,3,covMap.csv,canonical_maps/Codec-3/covMap.csv,canonical_included,3e2a30a5e2f30993f578c012209525d9d7b51e492a2465e10cd4afaa9dd44ae8,82112,Major 3.0.1 kill-map export on Defects4J 3.0.1 fixed revision
Codec,3,killMap.csv,canonical_maps/Codec-3/killMap.csv,canonical_included,f5e64caa5768a1645a5213c76d6118f7a376c1e428590390754a3c21ea3d4c6a,56412,Major 3.0.1 kill-map export on Defects4J 3.0.1 fixed revision
Codec,3,mutants.log,canonical_maps/Codec-3/mutants.log,canonical_included,c72e135fafdc1a6ec757ca213663099b2a1334e1a996b76ff6220e1c7e6e4d56,469453,Major 3.0.1 kill-map export on Defects4J 3.0.1 fixed revision
Codec,3,trigger_tests.txt,canonical_maps/Codec-3/trigger_tests.txt,canonical_included,2b8f3cebbe71420e49bab3a818cec53540867d11b4cc09358a86a9217174bc09,2768,Major 3.0.1 kill-map export on Defects4J 3.0.1 fixed revision
Lang,34,testMap.csv,canonical_maps/Lang-34/testMap.csv,canonical_included,1b4687842809c9701c1eade743c727d7fb856ec1f69955c9c684608238f1d645,25785,Major 3.0.1 kill-map export on Defects4J 3.0.1 fixed revision
Lang,34,covMap.csv,canonical_maps/Lang-34/covMap.csv,canonical_included,318ab66454b216bcf8ba5243c14cd17067c46bb651aba228d0bd1a102e52734e,187077,Major 3.0.1 kill-map export on Defects4J 3.0.1 fixed revision
Lang,34,killMap.csv,canonical_maps/Lang-34/killMap.csv,canonical_included,11c42830c62d189367cbe302becb138b39c4220173f507f3db3d9378be6ffd04,124215,Major 3.0.1 kill-map export on Defects4J 3.0.1 fixed revision
Lang,34,mutants.log,canonical_maps/Lang-34/mutants.log,canonical_included,1d835f74af1b6fe92ed5bfa2ff872d03f01b60310142d0195196d0d37da9bbec,103424,Major 3.0.1 kill-map export on Defects4J 3.0.1 fixed revision
Lang,34,trigger_tests.txt,canonical_maps/Lang-34/trigger_tests.txt,canonical_included,62ced07e692e256a0d77a70dddbef0cd35366b4b762f60abed9627a6cd5e299f,81448,Major 3.0.1 kill-map export on Defects4J 3.0.1 fixed revision
Time,5,testMap.csv,canonical_maps/Time-5/testMap.csv,canonical_included,932ff090afed3170ade22f644c56226caaad6909abc1bb9c75279c8a4d31a78b,133546,Major 3.0.1 kill-map export on Defects4J 3.0.1 fixed revision
Time,5,covMap.csv,canonical_maps/Time-5/covMap.csv,canonical_included,e163f1baed8823023a8dd44ea3b79298685d78af8c904a8330b86a0dad88f05f,43141,Major 3.0.1 kill-map export on Defects4J 3.0.1 fixed revision
Time,5,killMap.csv,canonical_maps/Time-5/killMap.csv,canonical_included,527a6f3bc4de215bfa6da402c1ee45453f4dae813146d0165c9761694814ab6a,33638,Major 3.0.1 kill-map export on Defects4J 3.0.1 fixed revision
Time,5,mutants.log,canonical_maps/Time-5/mutants.log,canonical_included,1b3d1d0cdc6f1769ad254c6ce5cf276949f773f45f4d7cf988340c0b12e0c460,80215,Major 3.0.1 kill-map export on Defects4J 3.0.1 fixed revision
Time,5,trigger_tests.txt,canonical_maps/Time-5/trigger_tests.txt,canonical_included,4a45a3f11e0cc4e1712e9d0aca521cb9e6d8478de13e89b7bcb0bfb4e7bc6805,8366,Major 3.0.1 kill-map export on Defects4J 3.0.1 fixed revision
Lang,9,testMap.csv,canonical_maps/Lang-9/testMap.csv,canonical_included,c8fd0d2aa88dd8596a4241a4859b3824440ec1e52123a29f19efbd0d66ac1098,12437,Major 3.0.1 kill-map export on Defects4J 3.0.1 fixed revision
Lang,9,covMap.csv,canonical_maps/Lang-9/covMap.csv,canonical_included,4667f79d5b185a2aaf833009542b45db424b4ebd6bb9c2d5715e5fa502551c4f,98471,Major 3.0.1 kill-map export on Defects4J 3.0.1 fixed revision
Lang,9,killMap.csv,canonical_maps/Lang-9/killMap.csv,canonical_included,13e4ef5887a0cc3b31306cf3f63cebab5242c22d3531c61b24e1a223dbbec2ea,81279,Major 3.0.1 kill-map export on Defects4J 3.0.1 fixed revision
Lang,9,mutants.log,canonical_maps/Lang-9/mutants.log,canonical_included,806ca5a0ed2b1b8af834a5dbe710d029a5feae9c54a2095a0ece72151f65bc63,52150,Major 3.0.1 kill-map export on Defects4J 3.0.1 fixed revision
Lang,9,trigger_tests.txt,canonical_maps/Lang-9/trigger_tests.txt,canonical_included,a1f9d7a0f053c81d514eced6d97f7847c1c3a0a26692e403fdf1bd150b82fcfb,6880,Major 3.0.1 kill-map export on Defects4J 3.0.1 fixed revision
Math,11,testMap.csv,canonical_maps/Math-11/testMap.csv,canonical_included,6248ac0a114c928b430b761b8472b25c222d363a601478057c9c5cd248f8c5e0,1061,Major 3.0.1 kill-map export on Defects4J 3.0.1 fixed revision
Math,11,covMap.csv,canonical_maps/Math-11/covMap.csv,canonical_included,7840ef060537ac70331c989ef9f4916950db11ac74167e5b93dc8197980190fa,2791,Major 3.0.1 kill-map export on Defects4J 3.0.1 fixed revision
Math,11,killMap.csv,canonical_maps/Math-11/killMap.csv,canonical_included,3056922b5be7c27f681ab0f6e521770883af7e26d88914e4df97229aa24e546d,3152,Major 3.0.1 kill-map export on Defects4J 3.0.1 fixed revision
Math,11,mutants.log,canonical_maps/Math-11/mutants.log,canonical_included,e98ead8aec360b222f9c25989aca6a550d185d2f1546603368f57e2dd1295504,20764,Major 3.0.1 kill-map export on Defects4J 3.0.1 fixed revision
Math,11,trigger_tests.txt,canonical_maps/Math-11/trigger_tests.txt,canonical_included,1842280db1af987694fe1002c9a0ac5659c9890bfa8a64ae425c92b9c8adeb3d,3503,Major 3.0.1 kill-map export on Defects4J 3.0.1 fixed revision
JxPath,22,testMap.csv,canonical_maps/JxPath-22/testMap.csv,canonical_included,06b9a413585115b1aa2f2a2f4867324f2f79bdb693fccafa83ec2cb6c4831b8d,32016,Major 3.0.1 kill-map export on Defects4J 3.0.1 fixed revision
JxPath,22,covMap.csv,canonical_maps/JxPath-22/covMap.csv,canonical_included,3f3caab86bbdea3e698c2ec0e89068e7563dbf13bfeadadf80bbfb017d66e6dd,56018,Major 3.0.1 kill-map export on Defects4J 3.0.1 fixed revision
JxPath,22,killMap.csv,canonical_maps/JxPath-22/killMap.csv,canonical_included,6a47cf58aceb28c63a443e9fdb168506ac5ed8261854e5b5e82cd44650132d2b,41215,Major 3.0.1 kill-map export on Defects4J 3.0.1 fixed revision
JxPath,22,mutants.log,canonical_maps/JxPath-22/mutants.log,canonical_included,5449ec4c288c09e4f150af72e8b612ce4e8034efe262a36d4cdfa632ed5d3243,91898,Major 3.0.1 kill-map export on Defects4J 3.0.1 fixed revision
JxPath,22,trigger_tests.txt,canonical_maps/JxPath-22/trigger_tests.txt,canonical_included,638b8852319d4d9e33e3e62e4285af912d60793982f74660c1bb74d84f103b3e,2896,Major 3.0.1 kill-map export on Defects4J 3.0.1 fixed revision
JxPath,17,testMap.csv,canonical_maps/JxPath-17/testMap.csv,canonical_included,5ee62c4c57433c4a8b9f3c88ce3f0cea9f56c0492c448b16224fe29e048111a9,7649,Major 3.0.1 kill-map export on Defects4J 3.0.1 fixed revision
JxPath,17,covMap.csv,canonical_maps/JxPath-17/covMap.csv,canonical_included,25b16a88ba2491346c3d9bb66b55127d20ad282eeef0f3c1f81963dfe7d8d194,13707,Major 3.0.1 kill-map export on Defects4J 3.0.1 fixed revision
JxPath,17,killMap.csv,canonical_maps/JxPath-17/killMap.csv,canonical_included,e2c7e1c7b100933139149a5c7f96330f7af491b694bbb061a9a6bd4b69bacbc3,9543,Major 3.0.1 kill-map export on Defects4J 3.0.1 fixed revision
JxPath,17,mutants.log,canonical_maps/JxPath-17/mutants.log,canonical_included,b1bbddfcab1a82c4289f0ea8c95a2d9f77e54b769ff4641feb396aee7b982dea,32246,Major 3.0.1 kill-map export on Defects4J 3.0.1 fixed revision
JxPath,17,trigger_tests.txt,canonical_maps/JxPath-17/trigger_tests.txt,canonical_included,564b8570e17a6bbf737f90533bd59fb99455698903543aec59868b5b4fb0cbbb,5972,Major 3.0.1 kill-map export on Defects4J 3.0.1 fixed revision
Closure,143,testMap.csv,canonical_maps/Closure-143/testMap.csv,canonical_included,e2d527582bdccf64192fb0f837160ce9c2440a074db2328169c41ae55eb87a9a,7485,Major 3.0.1 kill-map export on Defects4J 3.0.1 fixed revision
Closure,143,covMap.csv,canonical_maps/Closure-143/covMap.csv,canonical_included,db0556800a8ede0da4b74081839971f3ecba30c9b297f353feea531b83420651,22450,Major 3.0.1 kill-map export on Defects4J 3.0.1 fixed revision
Closure,143,killMap.csv,canonical_maps/Closure-143/killMap.csv,canonical_included,862ba66b0c025d768deb74969ba89a54b2e9c9ee7ba11f83abc2c3a85f2d2881,9552,Major 3.0.1 kill-map export on Defects4J 3.0.1 fixed revision
Closure,143,mutants.log,canonical_maps/Closure-143/mutants.log,canonical_included,7d742bc3293d70176a33aacf1e99acf50bca8c714337b21b3b62ed40a5dc8ff0,118297,Major 3.0.1 kill-map export on Defects4J 3.0.1 fixed revision
Closure,143,trigger_tests.txt,canonical_maps/Closure-143/trigger_tests.txt,canonical_included,f7849006af871e53780f502f7486a6c6dfa185ce7f4d37b8c91c8f9c21f795ce,11331,Major 3.0.1 kill-map export on Defects4J 3.0.1 fixed revision
Closure,88,testMap.csv,canonical_maps/Closure-88/testMap.csv,canonical_included,9263e3536be64fbb02f186b01af9cfc054741101c2c30cbff9520aa3effd6e07,7646,Major 3.0.1 kill-map export on Defects4J 3.0.1 fixed revision
Closure,88,covMap.csv,canonical_maps/Closure-88/covMap.csv,canonical_included,731a4d5858484adecdadc1540d04483cde62b64eb2b4a9dbdfd41935294ea2e0,26193,Major 3.0.1 kill-map export on Defects4J 3.0.1 fixed revision
Closure,88,killMap.csv,canonical_maps/Closure-88/killMap.csv,canonical_included,8abe3bde28e88227f357405adaf13ebcce34a5b764dc65b81f34dcb2c80be7cc,17749,Major 3.0.1 kill-map export on Defects4J 3.0.1 fixed revision
Closure,88,mutants.log,canonical_maps/Closure-88/mutants.log,canonical_included,49a43d34ed4b68fd03c00ba2dd77055f2f663d4768f21bd0f8c204324babbcd1,60990,Major 3.0.1 kill-map export on Defects4J 3.0.1 fixed revision
Closure,88,trigger_tests.txt,canonical_maps/Closure-88/trigger_tests.txt,canonical_included,81354108be5681145480a87ad1a068443ba0833c2238fd1b5d564a3544e36530,40568,Major 3.0.1 kill-map export on Defects4J 3.0.1 fixed revision
Codec,2,testMap.csv,canonical_maps/Codec-2/testMap.csv,canonical_included,86a75c5ef1b7d4f2b8495eefaa46928361a351410c9573942ae3d41c071f0dd4,3648,Major 3.0.1 kill-map export on Defects4J 3.0.1 fixed revision
Codec,2,covMap.csv,canonical_maps/Codec-2/covMap.csv,canonical_included,b38d7f1c1a1db9fc528c72ce6cfb27ad80d84981686dedb0f9225dc194b6ae13,156091,Major 3.0.1 kill-map export on Defects4J 3.0.1 fixed revision
Codec,2,killMap.csv,canonical_maps/Codec-2/killMap.csv,canonical_included,46c3800a43ee250d1437a154ba7464fa600c5a15465981e88b40bf572b3ef3e2,93885,Major 3.0.1 kill-map export on Defects4J 3.0.1 fixed revision
Codec,2,mutants.log,canonical_maps/Codec-2/mutants.log,canonical_included,3eac19d748b9bf9d6bd846bc57457ab9838decc44fe61e51acd4f8a824852592,110622,Major 3.0.1 kill-map export on Defects4J 3.0.1 fixed revision
Codec,2,trigger_tests.txt,canonical_maps/Codec-2/trigger_tests.txt,canonical_included,d5eb7466f9b596ec73fb3c1796d5206395548b5b8936462582ac742b52a974bf,5905,Major 3.0.1 kill-map export on Defects4J 3.0.1 fixed revision
Chart,16,testMap.csv,canonical_maps/Chart-16/testMap.csv,canonical_included,f530e5e710f5f8fc13b89d6ae73a697f33535f960efe2725b83b9850aec2ce10,2234,Major 3.0.1 kill-map export on Defects4J 3.0.1 fixed revision
Chart,16,covMap.csv,canonical_maps/Chart-16/covMap.csv,canonical_included,6b8130f142bfd7d0d09ccaad17b99a27d18166e1f711ada918d472f640288465,7213,Major 3.0.1 kill-map export on Defects4J 3.0.1 fixed revision
Chart,16,killMap.csv,canonical_maps/Chart-16/killMap.csv,canonical_included,33616f98e28b5119f11cc8b9de4eaf52ff22029af7d98046b22449c31bf2d9d9,5024,Major 3.0.1 kill-map export on Defects4J 3.0.1 fixed revision
Chart,16,mutants.log,canonical_maps/Chart-16/mutants.log,canonical_included,081f42838242138dc55da1efde1953af76e60a6fe59f572a456370ac9c888a5a,54273,Major 3.0.1 kill-map export on Defects4J 3.0.1 fixed revision
Chart,16,trigger_tests.txt,canonical_maps/Chart-16/trigger_tests.txt,canonical_included,822a48055949491fd10dda99393fb579e4a15d3f5961ef14048ba48f7e484538,22126,Major 3.0.1 kill-map export on Defects4J 3.0.1 fixed revision
Time,2,testMap.csv,canonical_maps/Time-2/testMap.csv,canonical_included,357cfcd2201a8996364f0b87d766864fb69386a4392496ff3e3d4cddc4f07587,290448,Major 3.0.1 kill-map export on Defects4J 3.0.1 fixed revision
Time,2,covMap.csv,canonical_maps/Time-2/covMap.csv,canonical_included,1660b1d4331b8190fa1f737e60667d16486ed998eff3eb8337f7512b1e80fd75,373813,Major 3.0.1 kill-map export on Defects4J 3.0.1 fixed revision
Time,2,killMap.csv,canonical_maps/Time-2/killMap.csv,canonical_included,62586d68d28f4c600fdd38ee6a233f217051d540b435d50ad337d4dc28260e75,181871,Major 3.0.1 kill-map export on Defects4J 3.0.1 fixed revision
Time,2,mutants.log,canonical_maps/Time-2/mutants.log,canonical_included,7e8a48061b5f356b7ec0a778cae548661f2148deca7aea73bd83b30ef56443cb,52434,Major 3.0.1 kill-map export on Defects4J 3.0.1 fixed revision
Time,2,trigger_tests.txt,canonical_maps/Time-2/trigger_tests.txt,canonical_included,5d531b0db04a2eb29150ac3b62e0efd477ef46b662917b14d80fa6404f7d8c9b,2711,Major 3.0.1 kill-map export on Defects4J 3.0.1 fixed revision
Lang,59,testMap.csv,canonical_maps/Lang-59/testMap.csv,canonical_included,25efe98cd0b0190fb5bc7fd07246af41c90dbf481f98d0cfbab930c02b734831,13839,Major 3.0.1 kill-map export on Defects4J 3.0.1 fixed revision
Lang,59,covMap.csv,canonical_maps/Lang-59/covMap.csv,canonical_included,eb9a964c67df22d8102821ac5adb62a5668238b03a53d9df5aa193a2d26e6a70,106746,Major 3.0.1 kill-map export on Defects4J 3.0.1 fixed revision
Lang,59,killMap.csv,canonical_maps/Lang-59/killMap.csv,canonical_included,5d1c8adec1344fcf1f50447a1b5e6bdc97c40d13b0ebec3ed617864b7ed2eea2,71069,Major 3.0.1 kill-map export on Defects4J 3.0.1 fixed revision
Lang,59,mutants.log,canonical_maps/Lang-59/mutants.log,canonical_included,378afbc9f47e54658cecb9afad678db7014478d5d9ca75f1454343858696f810,252544,Major 3.0.1 kill-map export on Defects4J 3.0.1 fixed revision
Lang,59,trigger_tests.txt,canonical_maps/Lang-59/trigger_tests.txt,canonical_included,efd45ca330a7e10d2ee528c2576ae86630b3edba677429c15cfada86f360c8de,2716,Major 3.0.1 kill-map export on Defects4J 3.0.1 fixed revision
Jsoup,39,testMap.csv,canonical_maps/Jsoup-39/testMap.csv,canonical_included,ff8ab558a8a6bbc1357fb6ddb4d3be21085dec6ee8bb037df457180292305074,2386,Major 3.0.1 kill-map export on Defects4J 3.0.1 fixed revision
Jsoup,39,covMap.csv,canonical_maps/Jsoup-39/covMap.csv,canonical_included,2036bb92c72d7e7125d4344d948301e37dbef88c8478c640187801d404cb9285,5213,Major 3.0.1 kill-map export on Defects4J 3.0.1 fixed revision
Jsoup,39,killMap.csv,canonical_maps/Jsoup-39/killMap.csv,canonical_included,e480a1620ae7b8c63169622e73e97d27cfee85130a1349f748b58b63a12b7166,3557,Major 3.0.1 kill-map export on Defects4J 3.0.1 fixed revision
Jsoup,39,mutants.log,canonical_maps/Jsoup-39/mutants.log,canonical_included,c22aa9847b116effec26a65ada2b339d05f75baf0151247df798b6911277e582,18842,Major 3.0.1 kill-map export on Defects4J 3.0.1 fixed revision
Jsoup,39,trigger_tests.txt,canonical_maps/Jsoup-39/trigger_tests.txt,canonical_included,fb091b1350d5db5d68d7bbba2a667fbf9dab20641ae1caa7ea30bc9bac1d4993,3308,Major 3.0.1 kill-map export on Defects4J 3.0.1 fixed revision
JxPath,9,testMap.csv,canonical_maps/JxPath-9/testMap.csv,canonical_included,a2d95189695c063f928333e1f1c49be8bb1c88883dd03b6da35b287c06ade32a,28457,Major 3.0.1 kill-map export on Defects4J 3.0.1 fixed revision
JxPath,9,covMap.csv,canonical_maps/JxPath-9/covMap.csv,canonical_included,695e728e70c5125e0bb547776de4cfd94baac9adf4c6f1897fdd7b25fa6dad1a,16172,Major 3.0.1 kill-map export on Defects4J 3.0.1 fixed revision
JxPath,9,killMap.csv,canonical_maps/JxPath-9/killMap.csv,canonical_included,d503a330351c155ad59c0c7ebe639f4c0e322548fd5dd27990aa5dc2e57c761c,9713,Major 3.0.1 kill-map export on Defects4J 3.0.1 fixed revision
JxPath,9,mutants.log,canonical_maps/JxPath-9/mutants.log,canonical_included,f598c1384f133a38d9344fff4a99e7662f126d85d56b24edb0a8ebe010985dce,16026,Major 3.0.1 kill-map export on Defects4J 3.0.1 fixed revision
JxPath,9,trigger_tests.txt,canonical_maps/JxPath-9/trigger_tests.txt,canonical_included,fd73304ae79a08c85c5e52f342776d0dd9611f4575fed43284af99026a03e558,2925,Major 3.0.1 kill-map export on Defects4J 3.0.1 fixed revision
Collections,25,testMap.csv,canonical_maps/Collections-25/testMap.csv,canonical_included,de4a6d20023c7549b4118a48c04f54c6a815a90690f6886071de95a69a435d67,24061,Major 3.0.1 kill-map export on Defects4J 3.0.1 fixed revision
Collections,25,covMap.csv,canonical_maps/Collections-25/covMap.csv,canonical_included,3dcb451af143111d5d13d9012d522e7864fb894d354d180b124ed94fa805c95c,1733,Major 3.0.1 kill-map export on Defects4J 3.0.1 fixed revision
Collections,25,killMap.csv,canonical_maps/Collections-25/killMap.csv,canonical_included,033300d01c235f18f739572077ce5f8de95abf8ad9526c71891b349d76724165,1533,Major 3.0.1 kill-map export on Defects4J 3.0.1 fixed revision
Collections,25,mutants.log,canonical_maps/Collections-25/mutants.log,canonical_included,b8635e8ea8c9a3da7699a68167d76a0e53a5cbdfe5c980d44e62855da3241fc9,21285,Major 3.0.1 kill-map export on Defects4J 3.0.1 fixed revision
Collections,25,trigger_tests.txt,canonical_maps/Collections-25/trigger_tests.txt,canonical_included,5ef59941a9801f9eb66e337b019cc8fc77d5ef607159c95df3dbd2f1ae2f7163,3666,Major 3.0.1 kill-map export on Defects4J 3.0.1 fixed revision
Math,97,testMap.csv,canonical_maps/Math-97/testMap.csv,canonical_included,4e67770e28bfb6f659c2b19e7798eb2f773443afc1472e2dae13dbc42529584b,11428,Major 3.0.1 kill-map export on Defects4J 3.0.1 fixed revision
Math,97,covMap.csv,canonical_maps/Math-97/covMap.csv,canonical_included,4231643c82a23a9d150c5cc0a4a4a789dddf4125e9f8d29eabfdcd01dcf583c4,52172,Major 3.0.1 kill-map export on Defects4J 3.0.1 fixed revision
Math,97,killMap.csv,canonical_maps/Math-97/killMap.csv,canonical_included,55ad784ec6ff52e950564b63e2dbe447a2b3d853e64f245adbe9204a662438ba,26815,Major 3.0.1 kill-map export on Defects4J 3.0.1 fixed revision
Math,97,mutants.log,canonical_maps/Math-97/mutants.log,canonical_included,f71906f6ad40466da7db3a7fe5bc41aa659227f101fa4af41d5bf8bfa0d44b56,61624,Major 3.0.1 kill-map export on Defects4J 3.0.1 fixed revision
Math,97,trigger_tests.txt,canonical_maps/Math-97/trigger_tests.txt,canonical_included,b79108c9c2ecc303ac5ecb8da9f1666901013a1ecb6e0e93d12745321616829e,2785,Major 3.0.1 kill-map export on Defects4J 3.0.1 fixed revision
JxPath,18,testMap.csv,canonical_maps/JxPath-18/testMap.csv,canonical_included,0fa2e5cd54127f73c136445ab816b99ef9fd43e92de166d657980f6353f8ad38,30071,Major 3.0.1 kill-map export on Defects4J 3.0.1 fixed revision
JxPath,18,covMap.csv,canonical_maps/JxPath-18/covMap.csv,canonical_included,45e37bd305996173f09e944c3a17f1512747a8c18e00e39257f552eac45af856,9140,Major 3.0.1 kill-map export on Defects4J 3.0.1 fixed revision
JxPath,18,killMap.csv,canonical_maps/JxPath-18/killMap.csv,canonical_included,7ab72cce558d03f720b1011d4ca6f703aeb319cf3ac5e8c0348390fcc18b5f88,8579,Major 3.0.1 kill-map export on Defects4J 3.0.1 fixed revision
JxPath,18,mutants.log,canonical_maps/JxPath-18/mutants.log,canonical_included,625e9791d855720c34c1b936741319b8190c0ba64da42d7010044012a68dea9d,7074,Major 3.0.1 kill-map export on Defects4J 3.0.1 fixed revision
JxPath,18,trigger_tests.txt,canonical_maps/JxPath-18/trigger_tests.txt,canonical_included,74dcf93072ecf67f1a5a08124eed5c4e9ee62d0261c7005d4bd37085869ef554,5996,Major 3.0.1 kill-map export on Defects4J 3.0.1 fixed revision
Math,51,testMap.csv,canonical_maps/Math-51/testMap.csv,canonical_included,4d779bf6e697bd4934c7811d7933e357ae1e2503884ce6671c082c0159f4c58a,3061,Major 3.0.1 kill-map export on Defects4J 3.0.1 fixed revision
Math,51,covMap.csv,canonical_maps/Math-51/covMap.csv,canonical_included,329f54ea88cab082f5aa7f67c04bd5f626ea5cb46c6f5dc86a69b1b9ac73d91f,12423,Major 3.0.1 kill-map export on Defects4J 3.0.1 fixed revision
Math,51,killMap.csv,canonical_maps/Math-51/killMap.csv,canonical_included,3c26e0c784acd1a555f640a3ea1af48456112a61101e22d8b862a15a2c2356d9,10245,Major 3.0.1 kill-map export on Defects4J 3.0.1 fixed revision
Math,51,mutants.log,canonical_maps/Math-51/mutants.log,canonical_included,b07badb66e2f1b9106133791e2ebdf03df2e011c45ade7fc0c9a33c7a3059fe9,23240,Major 3.0.1 kill-map export on Defects4J 3.0.1 fixed revision
Math,51,trigger_tests.txt,canonical_maps/Math-51/trigger_tests.txt,canonical_included,4acf565e17280943b21257d16a2dc539255263a6e0777e29b91db72d07490029,4099,Major 3.0.1 kill-map export on Defects4J 3.0.1 fixed revision
Math,56,testMap.csv,canonical_maps/Math-56/testMap.csv,canonical_included,d8867252cba6c81ab64a344aa2be742673659a44f1f48cc7b571e801f804d4e8,443,Major 3.0.1 kill-map export on Defects4J 3.0.1 fixed revision
Math,56,covMap.csv,canonical_maps/Math-56/covMap.csv,canonical_included,f2f5651349a9d1e6510cfedc11f2196a47b4ca743d0bc09335235081d9e362c3,1878,Major 3.0.1 kill-map export on Defects4J 3.0.1 fixed revision
Math,56,killMap.csv,canonical_maps/Math-56/killMap.csv,canonical_included,a7b728f7b91265f28281cff12b7a4088fc05eb33caa68bbabc25a8c0bbdbc35e,2057,Major 3.0.1 kill-map export on Defects4J 3.0.1 fixed revision
Math,56,mutants.log,canonical_maps/Math-56/mutants.log,canonical_included,db1ac8e46811e917315b32a501b7d37dbe4550f5e8507c56e90414cec9c1bee4,19692,Major 3.0.1 kill-map export on Defects4J 3.0.1 fixed revision
Math,56,trigger_tests.txt,canonical_maps/Math-56/trigger_tests.txt,canonical_included,91cbab26d622f76ab822f72b062bdc570bcb30f564ba55593154bbc1410e13db,3465,Major 3.0.1 kill-map export on Defects4J 3.0.1 fixed revision
Math,36,testMap.csv,canonical_maps/Math-36/testMap.csv,canonical_included,7a18c00d3e635f57a0dad3a88bfd2ff207cf9509202a08754300629e8e4ccd3b,7726,Major 3.0.1 kill-map export on Defects4J 3.0.1 fixed revision
Math,36,covMap.csv,canonical_maps/Math-36/covMap.csv,canonical_included,301a498c4af275e2df78a899d86fd25cf86676730da62143432750cada2e4a04,46240,Major 3.0.1 kill-map export on Defects4J 3.0.1 fixed revision
Math,36,killMap.csv,canonical_maps/Math-36/killMap.csv,canonical_included,2c35403732c6c27d99d32619d9c45fddf2feb85d65bd8a72461ef3161c03069a,24518,Major 3.0.1 kill-map export on Defects4J 3.0.1 fixed revision
Math,36,mutants.log,canonical_maps/Math-36/mutants.log,canonical_included,fea1934606416afff811d9e8ff086bef2d42861f59b73c5959b66eeaee92bca7,58302,Major 3.0.1 kill-map export on Defects4J 3.0.1 fixed revision
Math,36,trigger_tests.txt,canonical_maps/Math-36/trigger_tests.txt,canonical_included,d1358eafd5fadcc30a2e1315b92be51596eed7085a88f1ef372ec3c8ff3d7872,6888,Major 3.0.1 kill-map export on Defects4J 3.0.1 fixed revision
Jsoup,18,testMap.csv,canonical_maps/Jsoup-18/testMap.csv,canonical_included,d41836fe00cf2f90803151eef55c1ff4d1c6638f8bbc32cf761e028c31780b82,13047,Major 3.0.1 kill-map export on Defects4J 3.0.1 fixed revision
Jsoup,18,covMap.csv,canonical_maps/Jsoup-18/covMap.csv,canonical_included,04b084fefef1442b726c6e0766014d2262ea6fd51b1811eadfed5ac771c13a65,85294,Major 3.0.1 kill-map export on Defects4J 3.0.1 fixed revision
Jsoup,18,killMap.csv,canonical_maps/Jsoup-18/killMap.csv,canonical_included,d2853e66d6991fabe0d7d9d488214a9cae7d816d5c893d8851a1e164ac402ef1,59597,Major 3.0.1 kill-map export on Defects4J 3.0.1 fixed revision
Jsoup,18,mutants.log,canonical_maps/Jsoup-18/mutants.log,canonical_included,992f5bdce7b2a98d0e1a03ae2a815fde8df77e60ee6ed0d968afe9462d9a86e9,23088,Major 3.0.1 kill-map export on Defects4J 3.0.1 fixed revision
Jsoup,18,trigger_tests.txt,canonical_maps/Jsoup-18/trigger_tests.txt,canonical_included,ac26f833ef12b5509dde86395213ced3c2096bbc54ecb54b204748d24084b94e,9930,Major 3.0.1 kill-map export on Defects4J 3.0.1 fixed revision
Math,66,testMap.csv,canonical_maps/Math-66/testMap.csv,canonical_included,d103e414747b837040eb48e68f5b763a197f126cfa1ab0663ede0c3e920dbfc6,912,Major 3.0.1 kill-map export on Defects4J 3.0.1 fixed revision
Math,66,covMap.csv,canonical_maps/Math-66/covMap.csv,canonical_included,f700f0a5a7175337c4a6a8707f7b8e8167cc39b90226656da58a3ab32b6bfcdb,20027,Major 3.0.1 kill-map export on Defects4J 3.0.1 fixed revision
Math,66,killMap.csv,canonical_maps/Math-66/killMap.csv,canonical_included,a6236db7d6ebdb835bd7d669f18a9a1dca3911ede7282369e2f97bec492b9890,16619,Major 3.0.1 kill-map export on Defects4J 3.0.1 fixed revision
Math,66,mutants.log,canonical_maps/Math-66/mutants.log,canonical_included,e45e088afdb40b6a2d930ea02fc5aa20f7e1ca9cee339bfc88197a313bb329ae,67337,Major 3.0.1 kill-map export on Defects4J 3.0.1 fixed revision
Math,66,trigger_tests.txt,canonical_maps/Math-66/trigger_tests.txt,canonical_included,25d6e579b8adde0c3d53205457c8fd25d68fe30707321c800b964847f3d4e60f,13725,Major 3.0.1 kill-map export on Defects4J 3.0.1 fixed revision
Csv,10,testMap.csv,canonical_maps/Csv-10/testMap.csv,canonical_included,ef73a3eae0b8108b8582f936191b6c93bcfe9489a5ff5c31ad05d5f54bcc62b1,9890,Major 3.0.1 kill-map export on Defects4J 3.0.1 fixed revision
Csv,10,covMap.csv,canonical_maps/Csv-10/covMap.csv,canonical_included,f3396fd4be4d4e6f77b96cfe28c44c41538d439bfe7ff3506742bad94613d4d8,28065,Major 3.0.1 kill-map export on Defects4J 3.0.1 fixed revision
Csv,10,killMap.csv,canonical_maps/Csv-10/killMap.csv,canonical_included,d039b6a060e164719d700c70fe8da2a59e9a1fdef6900e129c7b786c58e50afe,22338,Major 3.0.1 kill-map export on Defects4J 3.0.1 fixed revision
Csv,10,mutants.log,canonical_maps/Csv-10/mutants.log,canonical_included,c2e8ca4083d60622fd1eae7bba708da7f31b482e0d7cd22193cca7ca71bc3cd9,44635,Major 3.0.1 kill-map export on Defects4J 3.0.1 fixed revision
Csv,10,trigger_tests.txt,canonical_maps/Csv-10/trigger_tests.txt,canonical_included,4c12ce5af4d18d1d0d11e8468cec02303cb2cd2c840634d1e8856ae12d171133,3292,Major 3.0.1 kill-map export on Defects4J 3.0.1 fixed revision
Math,55,testMap.csv,canonical_maps/Math-55/testMap.csv,canonical_included,5df78db4c0974f52caa80f32ba6cb70479643f9ddef9aece1081b88341cf63f1,6781,Major 3.0.1 kill-map export on Defects4J 3.0.1 fixed revision
Math,55,covMap.csv,canonical_maps/Math-55/covMap.csv,canonical_included,96eb01d20f939bd644ab29d760aa569e85863d42c6a9414147bd1393b76b46a1,37851,Major 3.0.1 kill-map export on Defects4J 3.0.1 fixed revision
Math,55,killMap.csv,canonical_maps/Math-55/killMap.csv,canonical_included,9a05709b5b2f3a96f28cc2c0cb64ebc0322468f935451f802be65be74d474744,21451,Major 3.0.1 kill-map export on Defects4J 3.0.1 fixed revision
Math,55,mutants.log,canonical_maps/Math-55/mutants.log,canonical_included,794ae12707cdd70ab0efca45d23b57c2553b1c3aaafd310b2efcba6532e6e8ed,177924,Major 3.0.1 kill-map export on Defects4J 3.0.1 fixed revision
Math,55,trigger_tests.txt,canonical_maps/Math-55/trigger_tests.txt,canonical_included,f02a2a0d3a306400b4083e9b87ea00b8d3ffce4807288f248fe9c3916c89cd21,3485,Major 3.0.1 kill-map export on Defects4J 3.0.1 fixed revision
Codec,12,testMap.csv,canonical_maps/Codec-12/testMap.csv,canonical_included,3bea28dfedc508c3c45d44e80932470442db190087adf9645afe2d187d058d01,2805,Major 3.0.1 kill-map export on Defects4J 3.0.1 fixed revision
Codec,12,covMap.csv,canonical_maps/Codec-12/covMap.csv,canonical_included,4a9019a7c26f9a3f220bf367a2f6b2eced531f1c0cb3c5bcc7c49acc4a4f463e,12833,Major 3.0.1 kill-map export on Defects4J 3.0.1 fixed revision
Codec,12,killMap.csv,canonical_maps/Codec-12/killMap.csv,canonical_included,056a6a68107f9cde6fc4070ba7a115552d9c12ab7196ea5f2a889b0de3a37c64,10626,Major 3.0.1 kill-map export on Defects4J 3.0.1 fixed revision
Codec,12,mutants.log,canonical_maps/Codec-12/mutants.log,canonical_included,d2c0da0aaa5b0bfb7a1cf8c4c8740c0515c1968dd0b89b82712c63bf0b491aac,15928,Major 3.0.1 kill-map export on Defects4J 3.0.1 fixed revision
Codec,12,trigger_tests.txt,canonical_maps/Codec-12/trigger_tests.txt,canonical_included,92efd3d30464fc3d876203e2ca0b7b76567a22e8024748a691ad90c8b4cf565c,39356,Major 3.0.1 kill-map export on Defects4J 3.0.1 fixed revision
Jsoup,5,testMap.csv,canonical_maps/Jsoup-5/testMap.csv,canonical_included,077c2a43252d3e239a0e9c50db18e2312fc8c312631902c46b16f0fe5cd4338f,8955,Major 3.0.1 kill-map export on Defects4J 3.0.1 fixed revision
Jsoup,5,covMap.csv,canonical_maps/Jsoup-5/covMap.csv,canonical_included,4d055bb14116c3ed72829824b567e2a929811f053078faf9fa1ea2ce05df1bb7,146565,Major 3.0.1 kill-map export on Defects4J 3.0.1 fixed revision
Jsoup,5,killMap.csv,canonical_maps/Jsoup-5/killMap.csv,canonical_included,0852fa4cc5ad8376c25da554f491cb2e7425cd76270acfe99846687a2b1197f1,98726,Major 3.0.1 kill-map export on Defects4J 3.0.1 fixed revision
Jsoup,5,mutants.log,canonical_maps/Jsoup-5/mutants.log,canonical_included,7d5c31bdd2f07922fadcd6023667c9c15cb45f90f62978194bf1b5abc1e9d203,25654,Major 3.0.1 kill-map export on Defects4J 3.0.1 fixed revision
Jsoup,5,trigger_tests.txt,canonical_maps/Jsoup-5/trigger_tests.txt,canonical_included,e8e8f42ebbf6cefd5039414bcfd192b945069a37a314de553f1370b1ea6086f6,3533,Major 3.0.1 kill-map export on Defects4J 3.0.1 fixed revision
Math,89,testMap.csv,canonical_maps/Math-89/testMap.csv,canonical_included,6b6c42bf543b3005cbde3f098540a2c56efe3d06e077ff4ed85902bd62b708b7,455,Major 3.0.1 kill-map export on Defects4J 3.0.1 fixed revision
Math,89,covMap.csv,canonical_maps/Math-89/covMap.csv,canonical_included,385d527b4e78132bd57cd20e4812c9a7ff83341303df8d54b61762e3228f0be9,1752,Major 3.0.1 kill-map export on Defects4J 3.0.1 fixed revision
Math,89,killMap.csv,canonical_maps/Math-89/killMap.csv,canonical_included,d0cc6808113eba104296f94aaaa95e896a9105b669d7b0a988771cd698a8b93e,1846,Major 3.0.1 kill-map export on Defects4J 3.0.1 fixed revision
Math,89,mutants.log,canonical_maps/Math-89/mutants.log,canonical_included,7f5c6f05707701ed64ef04b74033bbe0b21b970e4cf1a29cebf5fee34d0b1121,11568,Major 3.0.1 kill-map export on Defects4J 3.0.1 fixed revision
Math,89,trigger_tests.txt,canonical_maps/Math-89/trigger_tests.txt,canonical_included,31344a57d20ceefe6402f31bcb989c8b3081050008d94dfa292f4e8c3b497ea2,2675,Major 3.0.1 kill-map export on Defects4J 3.0.1 fixed revision
Codec,4,testMap.csv,canonical_maps/Codec-4/testMap.csv,canonical_included,233027710a3299ca6b44589542f866faf403777d5cbdd03df734ecf9162bc6fd,5317,Major 3.0.1 kill-map export on Defects4J 3.0.1 fixed revision
Codec,4,covMap.csv,canonical_maps/Codec-4/covMap.csv,canonical_included,006ab49a47fabc03b8e401d3dc19a755772e44a79026817578359597abf4994d,246787,Major 3.0.1 kill-map export on Defects4J 3.0.1 fixed revision
Codec,4,killMap.csv,canonical_maps/Codec-4/killMap.csv,canonical_included,e18fe4b1d1f520923924fa9f710f654b72a5c9d8253c7b5dfaae604ba4f56ec3,140981,Major 3.0.1 kill-map export on Defects4J 3.0.1 fixed revision
Codec,4,mutants.log,canonical_maps/Codec-4/mutants.log,canonical_included,f6f234d4a551e279866105b85ab267a69af37b4c849d3e505e176a8819197ef8,117507,Major 3.0.1 kill-map export on Defects4J 3.0.1 fixed revision
Codec,4,trigger_tests.txt,canonical_maps/Codec-4/trigger_tests.txt,canonical_included,c2485db2adf66d72d3d895f041b5b2a1bc6c6a71cfb48f28e3ee3a90973e4e92,5480,Major 3.0.1 kill-map export on Defects4J 3.0.1 fixed revision
Cli,38,testMap.csv,canonical_maps/Cli-38/testMap.csv,canonical_included,eca9c5e9320cc91dd2d26685a1626d910286e3b997fac2ca6da6db584581c88e,4789,Major 3.0.1 kill-map export on Defects4J 3.0.1 fixed revision
Cli,38,covMap.csv,canonical_maps/Cli-38/covMap.csv,canonical_included,d00042e4b0cdb4effcf4e269d4e7da850234ee357ee38162d5f05f31d46c947a,37551,Major 3.0.1 kill-map export on Defects4J 3.0.1 fixed revision
Cli,38,killMap.csv,canonical_maps/Cli-38/killMap.csv,canonical_included,736fa5ebb27cb532d26664aa8cbae2faa97d85ee04dfa0dad73e7205f3aa01af,26106,Major 3.0.1 kill-map export on Defects4J 3.0.1 fixed revision
Cli,38,mutants.log,canonical_maps/Cli-38/mutants.log,canonical_included,1ece198c4b090b473ecd1e87d4ac44529e4303d07301ab5ab678407420449704,63137,Major 3.0.1 kill-map export on Defects4J 3.0.1 fixed revision
Cli,38,trigger_tests.txt,canonical_maps/Cli-38/trigger_tests.txt,canonical_included,c5722ee3e35ff779e9a787132bda9af374109d2f778a6af36e3578f1907bb244,3480,Major 3.0.1 kill-map export on Defects4J 3.0.1 fixed revision
JacksonCore,6,testMap.csv,canonical_maps/JacksonCore-6/testMap.csv,canonical_included,ae9423cc914ed60cfd56b5f39453a4b9a89c99b0cd88cec8ce12e7a5da5f2beb,344,Major 3.0.1 kill-map export on Defects4J 3.0.1 fixed revision
JacksonCore,6,covMap.csv,canonical_maps/JacksonCore-6/covMap.csv,canonical_included,c9494b169f858a72690cacbc1a53680fbbe7d985c74970827346fc754a8aae1f,2142,Major 3.0.1 kill-map export on Defects4J 3.0.1 fixed revision
JacksonCore,6,killMap.csv,canonical_maps/JacksonCore-6/killMap.csv,canonical_included,7851ec99bb2ff31c7a5a880cf37d258320ea75b7cede2d384b71bc42694ba51e,1662,Major 3.0.1 kill-map export on Defects4J 3.0.1 fixed revision
JacksonCore,6,mutants.log,canonical_maps/JacksonCore-6/mutants.log,canonical_included,a63c57bf51dd5d8d600bb9400101a177badf64c945d1df95796a7d7af1fca8e3,24500,Major 3.0.1 kill-map export on Defects4J 3.0.1 fixed revision
JacksonCore,6,trigger_tests.txt,canonical_maps/JacksonCore-6/trigger_tests.txt,canonical_included,46d91c0344252bb4b80c5adf153c8e1c291a0d421dfaf9996b5c52a9687815f2,2907,Major 3.0.1 kill-map export on Defects4J 3.0.1 fixed revision
Lang,45,testMap.csv,canonical_maps/Lang-45/testMap.csv,canonical_included,f1be66b6dc81b2a428278a827566548485750b09558aaa01e4d8e663577a8b93,6032,Major 3.0.1 kill-map export on Defects4J 3.0.1 fixed revision
Lang,45,covMap.csv,canonical_maps/Lang-45/covMap.csv,canonical_included,b70116619cf486726936b6a68374d7ee90a61dd6de307f609f1d48ee1391aa7f,4458,Major 3.0.1 kill-map export on Defects4J 3.0.1 fixed revision
Lang,45,killMap.csv,canonical_maps/Lang-45/killMap.csv,canonical_included,5f90e06f130c6921a1351a3fabc439f35b8aa6e357791a4b80a1fdafb1b8c558,5799,Major 3.0.1 kill-map export on Defects4J 3.0.1 fixed revision
Lang,45,mutants.log,canonical_maps/Lang-45/mutants.log,canonical_included,123820a0f2975f674fb110762f72f1ceda575627b53001ea5a639411a2c743c2,47608,Major 3.0.1 kill-map export on Defects4J 3.0.1 fixed revision
Lang,45,trigger_tests.txt,canonical_maps/Lang-45/trigger_tests.txt,canonical_included,f360d8156f82c10970ffc68b591b310382482739a8f61b1c13f91e9c97dd60e2,2686,Major 3.0.1 kill-map export on Defects4J 3.0.1 fixed revision
Compress,2,testMap.csv,canonical_maps/Compress-2/testMap.csv,canonical_included,11a1b2e7c43d632187bffe139d6ba81ed8d854b7d9b4d26fbda3a1e79cb97459,4537,Major 3.0.1 kill-map export on Defects4J 3.0.1 fixed revision
Compress,2,covMap.csv,canonical_maps/Compress-2/covMap.csv,canonical_included,57b31ee8f64e67e33529c3b5fafaba8b6d7de4648262e799d5b99532ad433ea0,2802,Major 3.0.1 kill-map export on Defects4J 3.0.1 fixed revision
Compress,2,killMap.csv,canonical_maps/Compress-2/killMap.csv,canonical_included,ff644815ddd20fb425c0c0355cb0a3763dd4e1a1dc09dfbef2a7911d24daf54a,2679,Major 3.0.1 kill-map export on Defects4J 3.0.1 fixed revision
Compress,2,mutants.log,canonical_maps/Compress-2/mutants.log,canonical_included,a4d5ed69887d4da80ae96660167a3b212bc60338e6f4f261a991182171835f3a,29711,Major 3.0.1 kill-map export on Defects4J 3.0.1 fixed revision
Compress,2,trigger_tests.txt,canonical_maps/Compress-2/trigger_tests.txt,canonical_included,df5322e8ae7134e3af9f246892c3e8da7f71d6f3d07bb1ef3a32e810043d4c66,2910,Major 3.0.1 kill-map export on Defects4J 3.0.1 fixed revision
Math,13,testMap.csv,canonical_maps/Math-13/testMap.csv,canonical_included,8d4d4fe8767ab5cfb0f84c1c75fc0b634bc0d0dc02f493578c7076224db4644c,8313,Major 3.0.1 kill-map export on Defects4J 3.0.1 fixed revision
Math,13,covMap.csv,canonical_maps/Math-13/covMap.csv,canonical_included,27d9537a41e0ca0eb652ad2e1b8a62c2cf0a3d628b589f82b485885d0c57f144,30049,Major 3.0.1 kill-map export on Defects4J 3.0.1 fixed revision
Math,13,killMap.csv,canonical_maps/Math-13/killMap.csv,canonical_included,61feae27cd1414054deb6f3caafe764ca3f09a28bafbc08cdecfec449d63003b,34909,Major 3.0.1 kill-map export on Defects4J 3.0.1 fixed revision
Math,13,mutants.log,canonical_maps/Math-13/mutants.log,canonical_included,2bdf2fcaaad71cc54ea4d199272cf8d43ceacbe484a5942a238f7b25fae5031e,17403,Major 3.0.1 kill-map export on Defects4J 3.0.1 fixed revision
Math,13,trigger_tests.txt,canonical_maps/Math-13/trigger_tests.txt,canonical_included,6b07e6189bfe9bd81fc4f76c19a5884f90f639e4b24993c51ea4c18cdfd17c4d,3058,Major 3.0.1 kill-map export on Defects4J 3.0.1 fixed revision
Cli,13,testMap.csv,canonical_maps/Cli-13/testMap.csv,canonical_included,bccd66a2548b0d0f0c5e4070ddd6a146cab197c9eb807f1d8d0170bb7ce62849,33402,Major 3.0.1 kill-map export on Defects4J 3.0.1 fixed revision
Cli,13,covMap.csv,canonical_maps/Cli-13/covMap.csv,canonical_included,07d7705a9d0b4136b777bd78ab24a8f86215d78d6ef3baf5028834740af28051,64165,Major 3.0.1 kill-map export on Defects4J 3.0.1 fixed revision
Cli,13,killMap.csv,canonical_maps/Cli-13/killMap.csv,canonical_included,838b76a4eb9f1872ffdf4f5d96c025d89868675231aa2a63db939f15a1bec8e4,39839,Major 3.0.1 kill-map export on Defects4J 3.0.1 fixed revision
Cli,13,mutants.log,canonical_maps/Cli-13/mutants.log,canonical_included,bc6e73dae308da38c64561d7d989dd4cd8eb68bb9653a9e8d058c6517c3af44b,47644,Major 3.0.1 kill-map export on Defects4J 3.0.1 fixed revision
Cli,13,trigger_tests.txt,canonical_maps/Cli-13/trigger_tests.txt,canonical_included,8cfd24ed2d55b8c7212200fc325cd45f72ebd39b2818827ad6c2e8d4b7118879,2915,Major 3.0.1 kill-map export on Defects4J 3.0.1 fixed revision
JxPath,3,testMap.csv,canonical_maps/JxPath-3/testMap.csv,canonical_included,0c67f2ea05802c9b5f44ac1bd25990b8b8551f8e397aa304e236c46bd83750b4,26269,Major 3.0.1 kill-map export on Defects4J 3.0.1 fixed revision
JxPath,3,covMap.csv,canonical_maps/JxPath-3/covMap.csv,canonical_included,bc8ad4805aa8752e6ee06898734d5257853e447b2d8afbee30ad8702a2a337ab,4206,Major 3.0.1 kill-map export on Defects4J 3.0.1 fixed revision
JxPath,3,killMap.csv,canonical_maps/JxPath-3/killMap.csv,canonical_included,e152ebede95acec25a9f4a98723ba22b6f81cff28a027d4e7dbc59a382d40c03,3545,Major 3.0.1 kill-map export on Defects4J 3.0.1 fixed revision
JxPath,3,mutants.log,canonical_maps/JxPath-3/mutants.log,canonical_included,6a81ca9f431b2056eaf77d7e5d797a449937d3e74485ab2e90d74f6a2c0987af,15324,Major 3.0.1 kill-map export on Defects4J 3.0.1 fixed revision
JxPath,3,trigger_tests.txt,canonical_maps/JxPath-3/trigger_tests.txt,canonical_included,b5ea6f68175e8374fb44827abbd1e9a524c936dc84c2c11b37277db6ccac6b71,2850,Major 3.0.1 kill-map export on Defects4J 3.0.1 fixed revision
Jsoup,52,testMap.csv,canonical_maps/Jsoup-52/testMap.csv,canonical_included,a0ab31e22b4a37544916a737357ddd4bd95d27383e35a7b4aab6503d6dc1533b,25776,Major 3.0.1 kill-map export on Defects4J 3.0.1 fixed revision
Jsoup,52,covMap.csv,canonical_maps/Jsoup-52/covMap.csv,canonical_included,05b59d75e784bb3b92a982e25096e6bc485568d5627fb11055298c5676f69c15,24810,Major 3.0.1 kill-map export on Defects4J 3.0.1 fixed revision
Jsoup,52,killMap.csv,canonical_maps/Jsoup-52/killMap.csv,canonical_included,b4ed6651ee4b7b4da543d009b9cea7cc1eaf1ca756895a3de070da22729340f2,12284,Major 3.0.1 kill-map export on Defects4J 3.0.1 fixed revision
Jsoup,52,mutants.log,canonical_maps/Jsoup-52/mutants.log,canonical_included,bf13004f7b8d7ebd7fbd46bc823e55143761609d9c49020e8b866c5374ee86ed,59966,Major 3.0.1 kill-map export on Defects4J 3.0.1 fixed revision
Jsoup,52,trigger_tests.txt,canonical_maps/Jsoup-52/trigger_tests.txt,canonical_included,d393b1e318e56523859b3f2d6087686e5ad11642a8b93cac037c11ed229a01db,23503,Major 3.0.1 kill-map export on Defects4J 3.0.1 fixed revision
JacksonCore,23,testMap.csv,canonical_maps/JacksonCore-23/testMap.csv,canonical_included,1fa8eed88c8e04b9d0be623f32c0551e7116f4b94295b29d7f1fab13e897625b,46756,Major 3.0.1 kill-map export on Defects4J 3.0.1 fixed revision
JacksonCore,23,covMap.csv,canonical_maps/JacksonCore-23/covMap.csv,canonical_included,5ea7c83f58ff98c1ff45fa399b0d6359380fd67eb0ae4d26bafdda49500e73e8,2971,Major 3.0.1 kill-map export on Defects4J 3.0.1 fixed revision
JacksonCore,23,killMap.csv,canonical_maps/JacksonCore-23/killMap.csv,canonical_included,4470c3c4df91f3d5f91f2cc751a7c36c7c2fc3c3fb9e44808cf42c2928123651,2595,Major 3.0.1 kill-map export on Defects4J 3.0.1 fixed revision
JacksonCore,23,mutants.log,canonical_maps/JacksonCore-23/mutants.log,canonical_included,26e52eb560eb4dde7a62b494f2efe6835222c4208d83b92d99fb6e234f92ebcc,17974,Major 3.0.1 kill-map export on Defects4J 3.0.1 fixed revision
JacksonCore,23,trigger_tests.txt,canonical_maps/JacksonCore-23/trigger_tests.txt,canonical_included,f42afc68b4a754c4bcbb7924d15b9d27f34eea9b4e14d86c2daa96ac2d16ce1d,2709,Major 3.0.1 kill-map export on Defects4J 3.0.1 fixed revision
Math,87,testMap.csv,canonical_maps/Math-87/testMap.csv,canonical_included,0012f2de9aea5a0a612f15bad99f27023b9e7dfaf6a3ec39d5e1b025d2a25d2f,1475,Major 3.0.1 kill-map export on Defects4J 3.0.1 fixed revision
Math,87,covMap.csv,canonical_maps/Math-87/covMap.csv,canonical_included,a61edcb0b699a7a55d6a883b2ca8459fe447e853ed48a398be9b31e344c74374,28929,Major 3.0.1 kill-map export on Defects4J 3.0.1 fixed revision
Math,87,killMap.csv,canonical_maps/Math-87/killMap.csv,canonical_included,f1bcdd4525a58d919d8f2956cee8cae198afcb3e80c8149a7dbebaec4c6fd4b3,32270,Major 3.0.1 kill-map export on Defects4J 3.0.1 fixed revision
Math,87,mutants.log,canonical_maps/Math-87/mutants.log,canonical_included,ac4ca663a4fdcbe1f44253032db8fd6384c6aa4533f7a4681360e581a7ef3934,96443,Major 3.0.1 kill-map export on Defects4J 3.0.1 fixed revision
Math,87,trigger_tests.txt,canonical_maps/Math-87/trigger_tests.txt,canonical_included,f090ea395cc02003060edf2d37330c1e99e6b4fa9ffcf3ef0fa8793faf708d45,3443,Major 3.0.1 kill-map export on Defects4J 3.0.1 fixed revision
JxPath,6,testMap.csv,canonical_maps/JxPath-6/testMap.csv,canonical_included,d58ee7bd6ce17f89d382f8224f457a17734ea012ddc7d57186d17021cc8f7195,28312,Major 3.0.1 kill-map export on Defects4J 3.0.1 fixed revision
JxPath,6,covMap.csv,canonical_maps/JxPath-6/covMap.csv,canonical_included,7b4b9a0ff0f09902c17ffa57e5a44fbb39eaf8377e21df7c3b9c022a844f56bd,10209,Major 3.0.1 kill-map export on Defects4J 3.0.1 fixed revision
JxPath,6,killMap.csv,canonical_maps/JxPath-6/killMap.csv,canonical_included,1fbae9bba58147fd26009997f2f9617f0dedfd9c6ff24e38cedca79c7ca5fbcd,3440,Major 3.0.1 kill-map export on Defects4J 3.0.1 fixed revision
JxPath,6,mutants.log,canonical_maps/JxPath-6/mutants.log,canonical_included,61d229c9ea9cc41cc57b52cbc2a226c52ec42435447dc4cecf0f620c46e15e20,14723,Major 3.0.1 kill-map export on Defects4J 3.0.1 fixed revision
JxPath,6,trigger_tests.txt,canonical_maps/JxPath-6/trigger_tests.txt,canonical_included,6ec2bc257edf36546945c3bc23d95e105f98247ca7c568afd8f53f29663f642a,2931,Major 3.0.1 kill-map export on Defects4J 3.0.1 fixed revision
Lang,20,testMap.csv,canonical_maps/Lang-20/testMap.csv,canonical_included,75088df587122de0e149879efef5859d9e9a01705f2409e0ec0e5686f12c3561,44464,Major 3.0.1 kill-map export on Defects4J 3.0.1 fixed revision
Lang,20,covMap.csv,canonical_maps/Lang-20/covMap.csv,canonical_included,b41444ef73abf3ebe835e1fb7eb98a3bfa3308f45746e08a29de2327f20fd9b6,84355,Major 3.0.1 kill-map export on Defects4J 3.0.1 fixed revision
Lang,20,killMap.csv,canonical_maps/Lang-20/killMap.csv,canonical_included,676f2c49c33eb387b4728e4e5f10c3c64581bd721519b59ec9d8f6b2c7cae79a,66894,Major 3.0.1 kill-map export on Defects4J 3.0.1 fixed revision
Lang,20,mutants.log,canonical_maps/Lang-20/mutants.log,canonical_included,90decf866f1896fdaf162a745ea072bba2f2c6d63f80f51375db4bc12ee4ba27,528229,Major 3.0.1 kill-map export on Defects4J 3.0.1 fixed revision
Lang,20,trigger_tests.txt,canonical_maps/Lang-20/trigger_tests.txt,canonical_included,f0e50d419d451c313a0100052540b9126f8a7af5a92e0a51d1c7d539f8c23732,5364,Major 3.0.1 kill-map export on Defects4J 3.0.1 fixed revision
Compress,31,testMap.csv,canonical_maps/Compress-31/testMap.csv,canonical_included,6d5aa688d2111c1d1288b01f1f42c946afd6e20b50ade6cdf75f6da50c81d640,13083,Major 3.0.1 kill-map export on Defects4J 3.0.1 fixed revision
Compress,31,covMap.csv,canonical_maps/Compress-31/covMap.csv,canonical_included,48bec242ddd9dbf2599ed5a4b5ba56e892ab34d5e810fb1ac3ce3bade06c526b,127107,Major 3.0.1 kill-map export on Defects4J 3.0.1 fixed revision
Compress,31,killMap.csv,canonical_maps/Compress-31/killMap.csv,canonical_included,ef4be832f9c654c459ec7e226297bfe188a1b39d14bf3e6e48d99d36cb093f90,80330,Major 3.0.1 kill-map export on Defects4J 3.0.1 fixed revision
Compress,31,mutants.log,canonical_maps/Compress-31/mutants.log,canonical_included,bbf09d4edd63c8e1ea0848e577952668b47796072efeca587d387aa24a6464ac,99564,Major 3.0.1 kill-map export on Defects4J 3.0.1 fixed revision
Compress,31,trigger_tests.txt,canonical_maps/Compress-31/trigger_tests.txt,canonical_included,42f0e8226314c3e4e65aa5470318a0e4c340582bf320bf89199c71fd92db0ce0,6651,Major 3.0.1 kill-map export on Defects4J 3.0.1 fixed revision
Codec,17,testMap.csv,canonical_maps/Codec-17/testMap.csv,canonical_included,e498258dbe69c5c61f405925754f2cdb6a63aa440e2d9599dd192c3a5af39357,30145,Major 3.0.1 kill-map export on Defects4J 3.0.1 fixed revision
Codec,17,covMap.csv,canonical_maps/Codec-17/covMap.csv,canonical_included,e76197e2138d4ca879e83ad9ff260c14d0207b1bcd6d426f13813c9cdc026566,1972,Major 3.0.1 kill-map export on Defects4J 3.0.1 fixed revision
Codec,17,killMap.csv,canonical_maps/Codec-17/killMap.csv,canonical_included,ff090f726403dae60054affa7bcaefa657442836628cee43d04730c17f21778d,361,Major 3.0.1 kill-map export on Defects4J 3.0.1 fixed revision
Codec,17,mutants.log,canonical_maps/Codec-17/mutants.log,canonical_included,6cc74d88f5f3faf1055097fdcfd9b19575a85b9c947494e152a1a5407bd7a1f8,4357,Major 3.0.1 kill-map export on Defects4J 3.0.1 fixed revision
Codec,17,trigger_tests.txt,canonical_maps/Codec-17/trigger_tests.txt,canonical_included,117b142a90fe048d76ecd9cd556b07118843eaacafc8da6817ae8d4914e48acb,3315,Major 3.0.1 kill-map export on Defects4J 3.0.1 fixed revision
Gson,6,testMap.csv,canonical_maps/Gson-6/testMap.csv,canonical_included,e8a94571cc0bc1ec1e5dd769f527fc2543fb588e9d46a31294298d188c244ab4,59211,Major 3.0.1 kill-map export on Defects4J 3.0.1 fixed revision
Gson,6,covMap.csv,canonical_maps/Gson-6/covMap.csv,canonical_included,da78090aa0455ef4735d02e99bdcedaf24bd02656e6bc0259ffaeea705c177d5,2130,Major 3.0.1 kill-map export on Defects4J 3.0.1 fixed revision
Gson,6,killMap.csv,canonical_maps/Gson-6/killMap.csv,canonical_included,50a839463391b06a33b0ca39216cb2191d3a9ca277ca4bac4ecc6909fd95089b,3053,Major 3.0.1 kill-map export on Defects4J 3.0.1 fixed revision
Gson,6,mutants.log,canonical_maps/Gson-6/mutants.log,canonical_included,bcd74833cb8cd2b90eeba24a7073b2e4d7ec30016641965c3f17f9119ed63506,2273,Major 3.0.1 kill-map export on Defects4J 3.0.1 fixed revision
Gson,6,trigger_tests.txt,canonical_maps/Gson-6/trigger_tests.txt,canonical_included,23651f14ca2f217b36b496b97dc6f93b664aaf8e91b594167fde64c511e9f2fe,7084,Major 3.0.1 kill-map export on Defects4J 3.0.1 fixed revision
Math,106,testMap.csv,canonical_maps/Math-106/testMap.csv,canonical_included,030d58546643a83b33d652651a8051a0a9e6aab2e4b705faaa72aae2bf0d5595,1250,Major 3.0.1 kill-map export on Defects4J 3.0.1 fixed revision
Math,106,covMap.csv,canonical_maps/Math-106/covMap.csv,canonical_included,fa0658c1a037e9f6b8f644d1f585c35fe79bbfdd23289feeb2f303674de892d6,1350,Major 3.0.1 kill-map export on Defects4J 3.0.1 fixed revision
Math,106,killMap.csv,canonical_maps/Math-106/killMap.csv,canonical_included,b6703089983a5d50b41fca0e5fa6d7009cd19a10dadff4ad6b2e6d57a7f40ba5,1274,Major 3.0.1 kill-map export on Defects4J 3.0.1 fixed revision
Math,106,mutants.log,canonical_maps/Math-106/mutants.log,canonical_included,6b4e793fcdd4b6166aac0b97b56fb075e3000fa2c0b71d825d4db2ba76cc25cf,12990,Major 3.0.1 kill-map export on Defects4J 3.0.1 fixed revision
Math,106,trigger_tests.txt,canonical_maps/Math-106/trigger_tests.txt,canonical_included,30915e6a0a1c82b3bc69d065e89eaf1be39dbb799f60da5621d48ea6598c04d5,2729,Major 3.0.1 kill-map export on Defects4J 3.0.1 fixed revision
Math,85,testMap.csv,canonical_maps/Math-85/testMap.csv,canonical_included,fe2d7e88ee84454ff3d73ff5562cd2ec9e5c38f47ba157b96ed226b3a4f93f0c,8091,Major 3.0.1 kill-map export on Defects4J 3.0.1 fixed revision
Math,85,covMap.csv,canonical_maps/Math-85/covMap.csv,canonical_included,1b26417ca39c25587cd74246ed7ef8cd7026020a485e1ccc0965419faf63c63d,8201,Major 3.0.1 kill-map export on Defects4J 3.0.1 fixed revision
Math,85,killMap.csv,canonical_maps/Math-85/killMap.csv,canonical_included,b3e608d90b7965c2eecde38b40bfbd1607037a4146f9e0f4c881cff0acdcaec2,6291,Major 3.0.1 kill-map export on Defects4J 3.0.1 fixed revision
Math,85,mutants.log,canonical_maps/Math-85/mutants.log,canonical_included,5fce1513347f44c6103dee32d0d6f7f2e0d6d7b962e1bf33dfcfdd4963510af5,22302,Major 3.0.1 kill-map export on Defects4J 3.0.1 fixed revision
Math,85,trigger_tests.txt,canonical_maps/Math-85/trigger_tests.txt,canonical_included,621196a26a723f60cfd73f441695df40af30b4a86cb11fff2393ebc41df070e2,4462,Major 3.0.1 kill-map export on Defects4J 3.0.1 fixed revision
Closure,107,testMap.csv,canonical_maps/Closure-107/testMap.csv,canonical_included,6648acdef82f12bb7ca2f3ea6622329d8e75f075f759c75af2199eb6bef28512,9244,Major 3.0.1 kill-map export on Defects4J 3.0.1 fixed revision
Closure,107,covMap.csv,canonical_maps/Closure-107/covMap.csv,canonical_included,9b3408f4d75d22e4629be15655e9fb07d7dcefe1d7c1597fbb9f6a1cccba313c,64963,Major 3.0.1 kill-map export on Defects4J 3.0.1 fixed revision
Closure,107,killMap.csv,canonical_maps/Closure-107/killMap.csv,canonical_included,937ad48e97709cb739213d694771f2cf3b699300c2be59391b2da0d4a1ce4511,27657,Major 3.0.1 kill-map export on Defects4J 3.0.1 fixed revision
Closure,107,mutants.log,canonical_maps/Closure-107/mutants.log,canonical_included,ea93829b84a9c0cfa484858e288773b95481c77ae8d890d6409415f900b55924,30678,Major 3.0.1 kill-map export on Defects4J 3.0.1 fixed revision
Closure,107,trigger_tests.txt,canonical_maps/Closure-107/trigger_tests.txt,canonical_included,e0919ad9732588861648635896a849052ebcae5cace8303fc095df8579d522e0,3446,Major 3.0.1 kill-map export on Defects4J 3.0.1 fixed revision
Lang,37,testMap.csv,canonical_maps/Lang-37/testMap.csv,canonical_included,41ac946b5b546ea80ab417772bdd7ebf5de1a5c63c058f3bf01484d70a48b366,50127,Major 3.0.1 kill-map export on Defects4J 3.0.1 fixed revision
Lang,37,covMap.csv,canonical_maps/Lang-37/covMap.csv,canonical_included,b715bc4dd90338e0b736bcf521ebf26c3d923d3d3c974e4f21d67d966d43451b,107454,Major 3.0.1 kill-map export on Defects4J 3.0.1 fixed revision
Lang,37,killMap.csv,canonical_maps/Lang-37/killMap.csv,canonical_included,fe0cbe1f3bf95746840ed51590369b99b6141b0e2d043ea663fa61b0a932438d,99697,Major 3.0.1 kill-map export on Defects4J 3.0.1 fixed revision
Lang,37,mutants.log,canonical_maps/Lang-37/mutants.log,canonical_included,9227644917fe94db4489b9bf29d9e9f3f709dadbe4df7e7df55a149cf2ba38f8,318867,Major 3.0.1 kill-map export on Defects4J 3.0.1 fixed revision
Lang,37,trigger_tests.txt,canonical_maps/Lang-37/trigger_tests.txt,canonical_included,3f0803963a1e0ce1d13b606409dd2ecc323145ae010fac39a7663894c31fc8ac,2647,Major 3.0.1 kill-map export on Defects4J 3.0.1 fixed revision
Closure,8,testMap.csv,canonical_maps/Closure-8/testMap.csv,canonical_included,6d20b57f403b9cab7588bfa8de8505752cc2e408c5fe224d3d1dd0820c180c88,21834,Major 3.0.1 kill-map export on Defects4J 3.0.1 fixed revision
Closure,8,covMap.csv,canonical_maps/Closure-8/covMap.csv,canonical_included,a33601f2504805cc4bf4c311b3d18cc184fd7b4b8dee877d9ea533da401b4074,23507,Major 3.0.1 kill-map export on Defects4J 3.0.1 fixed revision
Closure,8,killMap.csv,canonical_maps/Closure-8/killMap.csv,canonical_included,9ea9c765c039b45af1f81c44e645d86d70b3f1d948ed45cda08d6a01f377112e,9761,Major 3.0.1 kill-map export on Defects4J 3.0.1 fixed revision
Closure,8,mutants.log,canonical_maps/Closure-8/mutants.log,canonical_included,b44f80c605bc3c47f80ef1f85d027cc9fb313f5d2dddf162486d70bc928f1272,22010,Major 3.0.1 kill-map export on Defects4J 3.0.1 fixed revision
Closure,8,trigger_tests.txt,canonical_maps/Closure-8/trigger_tests.txt,canonical_included,4ee9d0508bb5627e5f1f693f6e8764aef8a30d73fcfd81c31e4f27e9e1023ce7,5701,Major 3.0.1 kill-map export on Defects4J 3.0.1 fixed revision
JxPath,21,testMap.csv,canonical_maps/JxPath-21/testMap.csv,canonical_included,e3ba026b0db2784e5cf9f35dfa251de4a1aa29aa63d2544017aa0086e6bcdfad,30116,Major 3.0.1 kill-map export on Defects4J 3.0.1 fixed revision
JxPath,21,covMap.csv,canonical_maps/JxPath-21/covMap.csv,canonical_included,01485a12129a7ff2d7296c3767f092bb07d3027f664d5ff0f5c7e4dd6d683a36,18919,Major 3.0.1 kill-map export on Defects4J 3.0.1 fixed revision
JxPath,21,killMap.csv,canonical_maps/JxPath-21/killMap.csv,canonical_included,a79842ecd55de83fca5aafa382f871f67a87a4e42c6931ba0fe37501b19962d3,10650,Major 3.0.1 kill-map export on Defects4J 3.0.1 fixed revision
JxPath,21,mutants.log,canonical_maps/JxPath-21/mutants.log,canonical_included,d9bedb4696253779a11a3fc158b7b746c3da00493989ec734714ce7c116cbf94,18382,Major 3.0.1 kill-map export on Defects4J 3.0.1 fixed revision
JxPath,21,trigger_tests.txt,canonical_maps/JxPath-21/trigger_tests.txt,canonical_included,2adc18d3a8869667fdad4343bf2303c12105fac47b39bf7e35176e99251fc293,5879,Major 3.0.1 kill-map export on Defects4J 3.0.1 fixed revision
Gson,5,testMap.csv,canonical_maps/Gson-5/testMap.csv,canonical_included,38af21e6694521c804d87c0485eb4d80ecc46e5f8c8ea06959e1223022d16f06,699,Major 3.0.1 kill-map export on Defects4J 3.0.1 fixed revision
Gson,5,covMap.csv,canonical_maps/Gson-5/covMap.csv,canonical_included,7b8fcd3497f5f1ae763e3ac607668bf2a904eb16b9339577ca385db886d95323,4246,Major 3.0.1 kill-map export on Defects4J 3.0.1 fixed revision
Gson,5,killMap.csv,canonical_maps/Gson-5/killMap.csv,canonical_included,1a3467330cd4276c615b61721a96056a171bcedd8f52f45792651a82675b47c5,4225,Major 3.0.1 kill-map export on Defects4J 3.0.1 fixed revision
Gson,5,mutants.log,canonical_maps/Gson-5/mutants.log,canonical_included,539431438ecc80e35fca55ed2b995a83d7e8ec653553cd6d497c72234f6f0bc5,59873,Major 3.0.1 kill-map export on Defects4J 3.0.1 fixed revision
Gson,5,trigger_tests.txt,canonical_maps/Gson-5/trigger_tests.txt,canonical_included,b82585297d3eb0c83c08715a1baf9ffffd8c2e6945190e6b82f348d74dad1239,3442,Major 3.0.1 kill-map export on Defects4J 3.0.1 fixed revision
Collections,21,testMap.csv,canonical_maps/Collections-21/testMap.csv,canonical_included,c8d331be0fa210757b200f48d88fadc7624194e26cda568de8dfb72f76f6cb59,6439,Major 3.0.1 kill-map export on Defects4J 3.0.1 fixed revision
Collections,21,covMap.csv,canonical_maps/Collections-21/covMap.csv,canonical_included,c33f0d4764d8e4d54f8da36eb5edd96bb4f766b82bc4299769b548e7bc6feb4d,4743,Major 3.0.1 kill-map export on Defects4J 3.0.1 fixed revision
Collections,21,killMap.csv,canonical_maps/Collections-21/killMap.csv,canonical_included,9794c608612a3ef791e36ec156469217ac1615001d5b667daffbe8f1a063f6a0,4872,Major 3.0.1 kill-map export on Defects4J 3.0.1 fixed revision
Collections,21,mutants.log,canonical_maps/Collections-21/mutants.log,canonical_included,eabb3f1d9d33313e32508e44a31f1bedef22fbb5c58ec248f388386369aa4874,11302,Major 3.0.1 kill-map export on Defects4J 3.0.1 fixed revision
Collections,21,trigger_tests.txt,canonical_maps/Collections-21/trigger_tests.txt,canonical_included,dd5431464d34f3ab505b9e917bf7608d91cca59d516b8058d43cdfdd5b033570,2725,Major 3.0.1 kill-map export on Defects4J 3.0.1 fixed revision
Lang,63,testMap.csv,canonical_maps/Lang-63/testMap.csv,canonical_included,a2f3b7d2ccb608360221de3122aee6704227f87b539725e16b3d1adcc474acb7,1229,Major 3.0.1 kill-map export on Defects4J 3.0.1 fixed revision
Lang,63,covMap.csv,canonical_maps/Lang-63/covMap.csv,canonical_included,c13d6a645af19d2761a158e67d598907132b053a1890b327ef540e5f31e0c992,12466,Major 3.0.1 kill-map export on Defects4J 3.0.1 fixed revision
Lang,63,killMap.csv,canonical_maps/Lang-63/killMap.csv,canonical_included,8d35b8371c5f156f6184b37d7fbb475ac3326bcf919cd7ee999bdf11639494a8,12658,Major 3.0.1 kill-map export on Defects4J 3.0.1 fixed revision
Lang,63,mutants.log,canonical_maps/Lang-63/mutants.log,canonical_included,cf376f4a3b1f88e981477171fdee2fe359ee6e87dc27580b0699bb22c5d5663a,87863,Major 3.0.1 kill-map export on Defects4J 3.0.1 fixed revision
Lang,63,trigger_tests.txt,canonical_maps/Lang-63/trigger_tests.txt,canonical_included,1926d8de55ef8eeecb579b312549d3146ecabb7014bdddc76ec0448c300f890e,2778,Major 3.0.1 kill-map export on Defects4J 3.0.1 fixed revision
Codec,11,testMap.csv,canonical_maps/Codec-11/testMap.csv,canonical_included,1f987086582ce0498cb75016d3449b740e9028c9518615dd19206d3a546994ca,2527,Major 3.0.1 kill-map export on Defects4J 3.0.1 fixed revision
Codec,11,covMap.csv,canonical_maps/Codec-11/covMap.csv,canonical_included,f074e811c2269c6681737acf15dc71837781f2b732a796b9e47a50cbfb734fb9,18009,Major 3.0.1 kill-map export on Defects4J 3.0.1 fixed revision
Codec,11,killMap.csv,canonical_maps/Codec-11/killMap.csv,canonical_included,786c837bf4687a96f9e510af0762fd28d6700a033812f9b965ffc5760219f827,16723,Major 3.0.1 kill-map export on Defects4J 3.0.1 fixed revision
Codec,11,mutants.log,canonical_maps/Codec-11/mutants.log,canonical_included,dbda0df5e88d2cd8801ea671bb6086b4bc6a01e050fd3e7c8f516994520d88d3,31772,Major 3.0.1 kill-map export on Defects4J 3.0.1 fixed revision
Codec,11,trigger_tests.txt,canonical_maps/Codec-11/trigger_tests.txt,canonical_included,cfedadde88cc15494f2339a11e8f4ee3b655ba1349674f53bc0d1685bc304d82,17569,Major 3.0.1 kill-map export on Defects4J 3.0.1 fixed revision
Collections,18,testMap.csv,canonical_maps/Collections-18/testMap.csv,canonical_included,d9c63779c1c697a04354c8b0e4b0266d421e32183398df3329790d6b6b08bea4,5534,Major 3.0.1 kill-map export on Defects4J 3.0.1 fixed revision
Collections,18,covMap.csv,canonical_maps/Collections-18/covMap.csv,canonical_included,dc63a0b77f758bdbf21986e9680e6a43e66d65dc6b4f009cd9556e0fd4ae5848,2808,Major 3.0.1 kill-map export on Defects4J 3.0.1 fixed revision
Collections,18,killMap.csv,canonical_maps/Collections-18/killMap.csv,canonical_included,7b44c6e0768dddc412c3f88c7530af66fba987626334ca685ec7d1d596906ad1,3041,Major 3.0.1 kill-map export on Defects4J 3.0.1 fixed revision
Collections,18,mutants.log,canonical_maps/Collections-18/mutants.log,canonical_included,c0efac8ff12b7696effc7c5172e588c5f5fad5439b58204ce2e58b85c1f0d4c9,10539,Major 3.0.1 kill-map export on Defects4J 3.0.1 fixed revision
Collections,18,trigger_tests.txt,canonical_maps/Collections-18/trigger_tests.txt,canonical_included,fa9f47e7883c1fef447f7563f3f2ff1a69bd12634d0a130abd2c133d5c29b3a2,2810,Major 3.0.1 kill-map export on Defects4J 3.0.1 fixed revision
Lang,46,testMap.csv,canonical_maps/Lang-46/testMap.csv,canonical_included,2509ffce9c648e92ac712d16ef48851fe03df1a96d91979a134660e01a9704ed,6405,Major 3.0.1 kill-map export on Defects4J 3.0.1 fixed revision
Lang,46,covMap.csv,canonical_maps/Lang-46/covMap.csv,canonical_included,f6d86f3a3a83d7e3304523e1a2616dd1951ae9a19f5b171b9cb4fbf838f81065,3092,Major 3.0.1 kill-map export on Defects4J 3.0.1 fixed revision
Lang,46,killMap.csv,canonical_maps/Lang-46/killMap.csv,canonical_included,165d7c5ddb5ad5cb48bcc8b8be55239a7e432ed560f8a09f2eccacd323077209,3306,Major 3.0.1 kill-map export on Defects4J 3.0.1 fixed revision
Lang,46,mutants.log,canonical_maps/Lang-46/mutants.log,canonical_included,bbc8968baa36f67bc98757f4b8c80638390980dfa70c5d39d19fad8b802a6e9e,37540,Major 3.0.1 kill-map export on Defects4J 3.0.1 fixed revision
Lang,46,trigger_tests.txt,canonical_maps/Lang-46/trigger_tests.txt,canonical_included,81b2bd405ff50c0a9d5fad4757c0d878ea2f23fa3e33da3fcdd22202c7996041,2837,Major 3.0.1 kill-map export on Defects4J 3.0.1 fixed revision
JacksonDatabind,18,testMap.csv,canonical_maps/JacksonDatabind-18/testMap.csv,canonical_included,e444e6fe31fba8098b95af0e9ac1e7ccb068d120345b5eb4d2b2f5982dd8d92f,2038,Major 3.0.1 kill-map export on Defects4J 3.0.1 fixed revision
JacksonDatabind,18,covMap.csv,canonical_maps/JacksonDatabind-18/covMap.csv,canonical_included,f2b000b9e36b9a3da3b77cec807ad6ed14962cc2a0d3f3692044aecb4841cb39,3072,Major 3.0.1 kill-map export on Defects4J 3.0.1 fixed revision
JacksonDatabind,18,killMap.csv,canonical_maps/JacksonDatabind-18/killMap.csv,canonical_included,f049564ba99c4fe225b61cedf27da8db52440a3aaecdbd055d32e309790b9ec6,2267,Major 3.0.1 kill-map export on Defects4J 3.0.1 fixed revision
JacksonDatabind,18,mutants.log,canonical_maps/JacksonDatabind-18/mutants.log,canonical_included,5535d2dbed91d3368f8b2b27f2af2960aa8d98a447306c8be1810b11bdd95362,13912,Major 3.0.1 kill-map export on Defects4J 3.0.1 fixed revision
JacksonDatabind,18,trigger_tests.txt,canonical_maps/JacksonDatabind-18/trigger_tests.txt,canonical_included,bfab2c649bbb81a6bf2281e4e916cdcb730f74027467265258fcf1755a35da10,10003,Major 3.0.1 kill-map export on Defects4J 3.0.1 fixed revision
Gson,10,testMap.csv,canonical_maps/Gson-10/testMap.csv,canonical_included,d826d5c3f370ea6edb87b5675c44649738d160cede620783eb4bbdbc51b7631f,59765,Major 3.0.1 kill-map export on Defects4J 3.0.1 fixed revision
Gson,10,covMap.csv,canonical_maps/Gson-10/covMap.csv,canonical_included,581948af7aa79cb834a30a68580677463fe67595d5a606718a9ed5cb065ad5f2,94904,Major 3.0.1 kill-map export on Defects4J 3.0.1 fixed revision
Gson,10,killMap.csv,canonical_maps/Gson-10/killMap.csv,canonical_included,98f08330d0fb5c24af5016869fde65ffa2f5ce060bfc973f3b9456ffd2767c63,75343,Major 3.0.1 kill-map export on Defects4J 3.0.1 fixed revision
Gson,10,mutants.log,canonical_maps/Gson-10/mutants.log,canonical_included,9b35981cca66f19a5730cb06c4f37755ec5755b75d832d14118d1afa4ed3115e,17883,Major 3.0.1 kill-map export on Defects4J 3.0.1 fixed revision
Gson,10,trigger_tests.txt,canonical_maps/Gson-10/trigger_tests.txt,canonical_included,962bbff871d3b2c92109f455e9ac55681fba3cfd2d88db1817036bf4c035b884,2902,Major 3.0.1 kill-map export on Defects4J 3.0.1 fixed revision
Lang,17,testMap.csv,canonical_maps/Lang-17/testMap.csv,canonical_included,4b82891c15ee8d409fcfb6acf51617955f60517ac7ad70dd335f4f3edd3a8083,3481,Major 3.0.1 kill-map export on Defects4J 3.0.1 fixed revision
Lang,17,covMap.csv,canonical_maps/Lang-17/covMap.csv,canonical_included,56056a5282c246a8e4642a83e5bc4d83eef911e461e37d64b34116178c9e3eee,6380,Major 3.0.1 kill-map export on Defects4J 3.0.1 fixed revision
Lang,17,killMap.csv,canonical_maps/Lang-17/killMap.csv,canonical_included,3aefd1f44e87d36d26dee3cdd062978c5ebd94eff2b505988e90b3f2f8fcc5ef,7251,Major 3.0.1 kill-map export on Defects4J 3.0.1 fixed revision
Lang,17,mutants.log,canonical_maps/Lang-17/mutants.log,canonical_included,a01bdb99951327fdd00761f02996c541e4fb41945cb1b2abbb3e2de3700b02c3,7500,Major 3.0.1 kill-map export on Defects4J 3.0.1 fixed revision
Lang,17,trigger_tests.txt,canonical_maps/Lang-17/trigger_tests.txt,canonical_included,c126f8945f14e5f09e6018dfa7df9fb3d9bd2a9b5971dad05d49595577422fb7,2762,Major 3.0.1 kill-map export on Defects4J 3.0.1 fixed revision
Math,88,testMap.csv,canonical_maps/Math-88/testMap.csv,canonical_included,93d50c9fa3b8aa9831d54be10bb71e462596e96f5afe5615152ce6a64ff3e1d6,1375,Major 3.0.1 kill-map export on Defects4J 3.0.1 fixed revision
Math,88,covMap.csv,canonical_maps/Math-88/covMap.csv,canonical_included,dc8b1ec5efd75ff98598618b81ba5a8f75d5b6ae2b0bdfc77841a898c67b91a2,26944,Major 3.0.1 kill-map export on Defects4J 3.0.1 fixed revision
Math,88,killMap.csv,canonical_maps/Math-88/killMap.csv,canonical_included,995f2d0d9db3e2afabe65f77155406a7154002764f260ee073911c322a60cbcf,30135,Major 3.0.1 kill-map export on Defects4J 3.0.1 fixed revision
Math,88,mutants.log,canonical_maps/Math-88/mutants.log,canonical_included,3ef8699db1bb213f4fdf3f990116770db50fdc6d245a593b7c42eb3105c02cc0,95254,Major 3.0.1 kill-map export on Defects4J 3.0.1 fixed revision
Math,88,trigger_tests.txt,canonical_maps/Math-88/trigger_tests.txt,canonical_included,532e2b0a4b0e97936dc1b2b7b81545da641db7d248bb5871c57edbad8e4f0209,3402,Major 3.0.1 kill-map export on Defects4J 3.0.1 fixed revision
Jsoup,48,testMap.csv,canonical_maps/Jsoup-48/testMap.csv,canonical_included,017172788b11abe931cea71c4e6a486f2349175eceb0ba4a396ba986458beed2,1646,Major 3.0.1 kill-map export on Defects4J 3.0.1 fixed revision
Jsoup,48,covMap.csv,canonical_maps/Jsoup-48/covMap.csv,canonical_included,fa4d17161dbb9051c4563778d1218ffabd451ac2d58dadc4668cb7c80884038e,4331,Major 3.0.1 kill-map export on Defects4J 3.0.1 fixed revision
Jsoup,48,killMap.csv,canonical_maps/Jsoup-48/killMap.csv,canonical_included,ef2a3d4e8a28402106333b33ab2157e5ea3915c6da1a8ffb93bc7783c2da1f42,1528,Major 3.0.1 kill-map export on Defects4J 3.0.1 fixed revision
Jsoup,48,mutants.log,canonical_maps/Jsoup-48/mutants.log,canonical_included,d0dc5ed0fc53470cbf323d4d511fa78a069e435792deed0ccbc3deb2eaa7f925,78730,Major 3.0.1 kill-map export on Defects4J 3.0.1 fixed revision
Jsoup,48,trigger_tests.txt,canonical_maps/Jsoup-48/trigger_tests.txt,canonical_included,0894befb87d5c3e8211f0d733c29b850f0e32db5591c4291ed9a8c9fe6bf03e8,3313,Major 3.0.1 kill-map export on Defects4J 3.0.1 fixed revision
Codec,14,testMap.csv,canonical_maps/Codec-14/testMap.csv,canonical_included,79fcba7c3c4b97b32ae4dfd9818c065448584b81bfda3fc49dce6b2176d87eb7,4243,Major 3.0.1 kill-map export on Defects4J 3.0.1 fixed revision
Codec,14,covMap.csv,canonical_maps/Codec-14/covMap.csv,canonical_included,97cd054d4bf1e3a1e0d8bd952e7a8a47e3d2c2e1769ea8eac38a70058b716849,59726,Major 3.0.1 kill-map export on Defects4J 3.0.1 fixed revision
Codec,14,killMap.csv,canonical_maps/Codec-14/killMap.csv,canonical_included,8018a431311975a786b37b70d7aea7914c9cafcd34925d6c559d9540f2ca027b,48069,Major 3.0.1 kill-map export on Defects4J 3.0.1 fixed revision
Codec,14,mutants.log,canonical_maps/Codec-14/mutants.log,canonical_included,4a0ffc912bed97654d30abfbe5891e245379086b0c92c143dd302121bbe2bd2e,94076,Major 3.0.1 kill-map export on Defects4J 3.0.1 fixed revision
Codec,14,trigger_tests.txt,canonical_maps/Codec-14/trigger_tests.txt,canonical_included,4e85dd741a53bd353867b856da016654c80debcc10bc425c36697752f0100ae7,3428,Major 3.0.1 kill-map export on Defects4J 3.0.1 fixed revision
Jsoup,10,testMap.csv,canonical_maps/Jsoup-10/testMap.csv,canonical_included,8427c9bda6e53dbe8a1ccbee1e3b51d2e5805edcf6777d4acd396f7b65f55dbb,10025,Major 3.0.1 kill-map export on Defects4J 3.0.1 fixed revision
Jsoup,10,covMap.csv,canonical_maps/Jsoup-10/covMap.csv,canonical_included,59a7475b6164d80b4b36208faa5ea73b9ccfa46ab21a8fc4431968ebde199022,72952,Major 3.0.1 kill-map export on Defects4J 3.0.1 fixed revision
Jsoup,10,killMap.csv,canonical_maps/Jsoup-10/killMap.csv,canonical_included,02044f1f24a93f4e9d2c9855064083881c3bdd5320cdaf881c9321114d9ad8c0,83376,Major 3.0.1 kill-map export on Defects4J 3.0.1 fixed revision
Jsoup,10,mutants.log,canonical_maps/Jsoup-10/mutants.log,canonical_included,cb1a79d9ef279118caba1636297160a2c4a1b710d14a526963bbc59270ca196f,20378,Major 3.0.1 kill-map export on Defects4J 3.0.1 fixed revision
Jsoup,10,trigger_tests.txt,canonical_maps/Jsoup-10/trigger_tests.txt,canonical_included,2acc5db2fae28f671cc5496bbc77d7091799162f99660c111919574468a3dc8b,3305,Major 3.0.1 kill-map export on Defects4J 3.0.1 fixed revision
JacksonCore,21,testMap.csv,canonical_maps/JacksonCore-21/testMap.csv,canonical_included,2a4156afbca95bb9d9b9eea645b8460d90bbd906da62cef2ed8c1de04b54263e,1551,Major 3.0.1 kill-map export on Defects4J 3.0.1 fixed revision
JacksonCore,21,covMap.csv,canonical_maps/JacksonCore-21/covMap.csv,canonical_included,af517bfbe1a97e8990add1f258a3a9b77afd495449bf03761491bd29b6e7c191,12142,Major 3.0.1 kill-map export on Defects4J 3.0.1 fixed revision
JacksonCore,21,killMap.csv,canonical_maps/JacksonCore-21/killMap.csv,canonical_included,39328d1bf7eed3a088ef5c749bb529787702719717675b9af3f2c37da392cb9b,5797,Major 3.0.1 kill-map export on Defects4J 3.0.1 fixed revision
JacksonCore,21,mutants.log,canonical_maps/JacksonCore-21/mutants.log,canonical_included,87c9c9e133aed0c86e778b8f6370f29c99c87a8b805b86fbba177186323cb34c,65356,Major 3.0.1 kill-map export on Defects4J 3.0.1 fixed revision
JacksonCore,21,trigger_tests.txt,canonical_maps/JacksonCore-21/trigger_tests.txt,canonical_included,027178606445342872d494b557ad0ad612f0d42b35cda9986f8df0746e60c62b,8739,Major 3.0.1 kill-map export on Defects4J 3.0.1 fixed revision
Collections,5,testMap.csv,canonical_maps/Collections-5/testMap.csv,canonical_included,c7fd6cba7f3bba39192e237350ca2b3f13ee9bd7f49363605b6f69a145c059e8,5786,Major 3.0.1 kill-map export on Defects4J 3.0.1 fixed revision
Collections,5,covMap.csv,canonical_maps/Collections-5/covMap.csv,canonical_included,6ab0a1acaeb215a122e5db63d79706b35005ac5daa6062885be144b942b2becf,5569,Major 3.0.1 kill-map export on Defects4J 3.0.1 fixed revision
Collections,5,killMap.csv,canonical_maps/Collections-5/killMap.csv,canonical_included,8762ecf07ef990b013f60c37c23383bf74fc61b9526f759cd6a9ef2f23399321,4834,Major 3.0.1 kill-map export on Defects4J 3.0.1 fixed revision
Collections,5,mutants.log,canonical_maps/Collections-5/mutants.log,canonical_included,a6bcd9a66752b66562c65e47272577ab76cfe27f6c6efebdafa8f16aeac28f28,8962,Major 3.0.1 kill-map export on Defects4J 3.0.1 fixed revision
Collections,5,trigger_tests.txt,canonical_maps/Collections-5/trigger_tests.txt,canonical_included,ca2d259a4aa07a9de8f1b06dcc56f5a287d544dc27ad9623734600c48a58c4b8,2874,Major 3.0.1 kill-map export on Defects4J 3.0.1 fixed revision
Math,53,testMap.csv,canonical_maps/Math-53/testMap.csv,canonical_included,a70bcb87e31f25c183c424770104477d4f1039b7a92d60676b5c1d6a9e7277bc,13027,Major 3.0.1 kill-map export on Defects4J 3.0.1 fixed revision
Math,53,covMap.csv,canonical_maps/Math-53/covMap.csv,canonical_included,428b1fd2e3c53d793fc425eceaec285e06a7f2d98d4cbf55e3c0d5b1ff1f131f,55480,Major 3.0.1 kill-map export on Defects4J 3.0.1 fixed revision
Math,53,killMap.csv,canonical_maps/Math-53/killMap.csv,canonical_included,7b23ed573a9c7f9f2e86f525e51c7da422a2eca2d4dd14efc597ba228d382497,31048,Major 3.0.1 kill-map export on Defects4J 3.0.1 fixed revision
Math,53,mutants.log,canonical_maps/Math-53/mutants.log,canonical_included,40dca6b89b39756f648c39fad1e36aaea9d6117e8ac2789fae185d7db3e5663e,83476,Major 3.0.1 kill-map export on Defects4J 3.0.1 fixed revision
Math,53,trigger_tests.txt,canonical_maps/Math-53/trigger_tests.txt,canonical_included,b0887185140ff1bf35869ae5f8285b4bd5176f33263b40385063ccc2f7264386,3271,Major 3.0.1 kill-map export on Defects4J 3.0.1 fixed revision
Lang,61,testMap.csv,canonical_maps/Lang-61/testMap.csv,canonical_included,fc7744a8880956c8685e9f58eacca7648b0d7c9b75996128b3dfc9dd36619bf9,13701,Major 3.0.1 kill-map export on Defects4J 3.0.1 fixed revision
Lang,61,covMap.csv,canonical_maps/Lang-61/covMap.csv,canonical_included,201c6096aa8dc007b6728bf27e8cdad376606a273e0ab50117745a9f8cd9cb5d,105073,Major 3.0.1 kill-map export on Defects4J 3.0.1 fixed revision
Lang,61,killMap.csv,canonical_maps/Lang-61/killMap.csv,canonical_included,e4b8fca381f7ea806883effe7f03e23f9fba419ac02d82657043c8427f777dac,70447,Major 3.0.1 kill-map export on Defects4J 3.0.1 fixed revision
Lang,61,mutants.log,canonical_maps/Lang-61/mutants.log,canonical_included,71f180995c3b347b6a38608279636ac68a3f4ba720661d5177d07c5cdfdf5ca8,252478,Major 3.0.1 kill-map export on Defects4J 3.0.1 fixed revision
Lang,61,trigger_tests.txt,canonical_maps/Lang-61/trigger_tests.txt,canonical_included,80e09e0ee7af379bf0d4ed57abb3c7cd3d7f01eb25f7454b25169d75065361e0,5661,Major 3.0.1 kill-map export on Defects4J 3.0.1 fixed revision
Closure,85,testMap.csv,canonical_maps/Closure-85/testMap.csv,canonical_included,de81b23dc83c472c7bb7e914531246609b8dfd5bec3b4d32220da0062fa745aa,6424,Major 3.0.1 kill-map export on Defects4J 3.0.1 fixed revision
Closure,85,covMap.csv,canonical_maps/Closure-85/covMap.csv,canonical_included,f25bde8f05e54ae5c6d104e3ed1261ea63f7fe3854cb31c9e15a66487eae3952,16005,Major 3.0.1 kill-map export on Defects4J 3.0.1 fixed revision
Closure,85,killMap.csv,canonical_maps/Closure-85/killMap.csv,canonical_included,0dc3ac64c6908d956652c5dc16c23f937abb37011db5b488d96aff3f3c06b0e8,8548,Major 3.0.1 kill-map export on Defects4J 3.0.1 fixed revision
Closure,85,mutants.log,canonical_maps/Closure-85/mutants.log,canonical_included,b960e94ce72493c72fc4059b1de560dc0e9d3562717eeb31939616de9599df84,23997,Major 3.0.1 kill-map export on Defects4J 3.0.1 fixed revision
Closure,85,trigger_tests.txt,canonical_maps/Closure-85/trigger_tests.txt,canonical_included,aa5a3b5e28ca54a1a93869c6d0e15b978815e138ce3f9be20074ca6bef918c0c,9457,Major 3.0.1 kill-map export on Defects4J 3.0.1 fixed revision
Time,12,testMap.csv,canonical_maps/Time-12/testMap.csv,canonical_included,40b8c82dd945505c6d139767113591d21ecfa22f720d7c93a64872d57155a8be,115502,Major 3.0.1 kill-map export on Defects4J 3.0.1 fixed revision
Time,12,covMap.csv,canonical_maps/Time-12/covMap.csv,canonical_included,eaa821c1df8c6bbceaf7d38d46cf09c5b081a5568cded9085a1de81b81071580,50148,Major 3.0.1 kill-map export on Defects4J 3.0.1 fixed revision
Time,12,killMap.csv,canonical_maps/Time-12/killMap.csv,canonical_included,d2b9ccc308e39ba9243daa2b5566d93698499337e50d095c0a5b68e4f816654d,29035,Major 3.0.1 kill-map export on Defects4J 3.0.1 fixed revision
Time,12,mutants.log,canonical_maps/Time-12/mutants.log,canonical_included,7faf684cb5d5010f8340d32518652005672ca424e1e1724f183aa6ebff36e692,84974,Major 3.0.1 kill-map export on Defects4J 3.0.1 fixed revision
Time,12,trigger_tests.txt,canonical_maps/Time-12/trigger_tests.txt,canonical_included,d69d117b7a5600b5af0f2415c78adfc0be0d9042e521c0e815ae8197fe7a52c6,23628,Major 3.0.1 kill-map export on Defects4J 3.0.1 fixed revision
Closure,9,testMap.csv,canonical_maps/Closure-9/testMap.csv,canonical_included,e6a5ea28d4fcdcab294b37ef8d875a92018800167d59e66ca840c13158b17eb2,9344,Major 3.0.1 kill-map export on Defects4J 3.0.1 fixed revision
Closure,9,covMap.csv,canonical_maps/Closure-9/covMap.csv,canonical_included,58ae111a022984f835e0d20791fca8b4c0144cebc2de3508badadff85ff970db,4371,Major 3.0.1 kill-map export on Defects4J 3.0.1 fixed revision
Closure,9,killMap.csv,canonical_maps/Closure-9/killMap.csv,canonical_included,45a48987c07d085c0d792a01002881faf77f220d3ca835c32046a3f9538e72d2,4444,Major 3.0.1 kill-map export on Defects4J 3.0.1 fixed revision
Closure,9,mutants.log,canonical_maps/Closure-9/mutants.log,canonical_included,92e904e09b88f71289141f0483d19c7fd4baf3a159c89a05d00d836fff3aae26,27553,Major 3.0.1 kill-map export on Defects4J 3.0.1 fixed revision
Closure,9,trigger_tests.txt,canonical_maps/Closure-9/trigger_tests.txt,canonical_included,53a2d9199cdbf6e830078ba0ec8b320804fb971224727c4e665a3e1dfd9b525c,2815,Major 3.0.1 kill-map export on Defects4J 3.0.1 fixed revision
Jsoup,8,testMap.csv,canonical_maps/Jsoup-8/testMap.csv,canonical_included,b347d9aeb6dbcbb80d0ff239bff7d7f7175233352114b496827636e547d7c92c,9820,Major 3.0.1 kill-map export on Defects4J 3.0.1 fixed revision
Jsoup,8,covMap.csv,canonical_maps/Jsoup-8/covMap.csv,canonical_included,95b79858a474e07d63d0d073853c260a683ecd3c715fd778c9df1cba81a113f6,70536,Major 3.0.1 kill-map export on Defects4J 3.0.1 fixed revision
Jsoup,8,killMap.csv,canonical_maps/Jsoup-8/killMap.csv,canonical_included,16d2fc5874faf69c77585e7f2b13f1840ce9ac248d91b450a34939f55aa42b7c,80889,Major 3.0.1 kill-map export on Defects4J 3.0.1 fixed revision
Jsoup,8,mutants.log,canonical_maps/Jsoup-8/mutants.log,canonical_included,74999bc5bbfd0f9c4caa4a434a1b4ad8bde0ddbb88b349f1541fbba9debe1c3e,18599,Major 3.0.1 kill-map export on Defects4J 3.0.1 fixed revision
Jsoup,8,trigger_tests.txt,canonical_maps/Jsoup-8/trigger_tests.txt,canonical_included,2ff031517d9e5452241e2c8eda21f082fc76786918c5f25ab821e206bf109a73,3267,Major 3.0.1 kill-map export on Defects4J 3.0.1 fixed revision
Jsoup,84,testMap.csv,canonical_maps/Jsoup-84/testMap.csv,canonical_included,fccaf0848450e69552ffb7390e0536219f68a795859465e7ada33063ad9f487c,367,Major 3.0.1 kill-map export on Defects4J 3.0.1 fixed revision
Jsoup,84,covMap.csv,canonical_maps/Jsoup-84/covMap.csv,canonical_included,d1794cc552f5a9167ae58687a0b9191b9c6817e28d20ccd23e65b3b74bfd6fff,1215,Major 3.0.1 kill-map export on Defects4J 3.0.1 fixed revision
Jsoup,84,killMap.csv,canonical_maps/Jsoup-84/killMap.csv,canonical_included,b67112d3b77bd18934bed6e558ec58be360025754424911870d2119cc80a0990,1001,Major 3.0.1 kill-map export on Defects4J 3.0.1 fixed revision
Jsoup,84,mutants.log,canonical_maps/Jsoup-84/mutants.log,canonical_included,27a03772f897d72795cc1281b24b467057a896f6262dca27f6aabaa922d894e5,7470,Major 3.0.1 kill-map export on Defects4J 3.0.1 fixed revision
Jsoup,84,trigger_tests.txt,canonical_maps/Jsoup-84/trigger_tests.txt,canonical_included,cf03cc0631987d0f15b5f10fce5e7096c26d5493bec8162ae7b66bf55b3d2270,3773,Major 3.0.1 kill-map export on Defects4J 3.0.1 fixed revision
Time,22,testMap.csv,canonical_maps/Time-22/testMap.csv,canonical_included,0cbb610153a7f7b26f1615dd9e132781a34517be527f13817a6839f4ec8c76bf,127843,Major 3.0.1 kill-map export on Defects4J 3.0.1 fixed revision
Time,22,covMap.csv,canonical_maps/Time-22/covMap.csv,canonical_included,aba57fee96037a0b043e3e767b14e5490db26ebaf649936b42399df3677341a7,93824,Major 3.0.1 kill-map export on Defects4J 3.0.1 fixed revision
Time,22,killMap.csv,canonical_maps/Time-22/killMap.csv,canonical_included,97aea213d74fb00178ff3a6006c90ef1df2f308e1b0d8aaa8e05f26944b2a02a,84303,Major 3.0.1 kill-map export on Defects4J 3.0.1 fixed revision
Time,22,mutants.log,canonical_maps/Time-22/mutants.log,canonical_included,a0a219bfc8eecc0a015c6bcb1e570d51c1349ed28017b4aa5a452afa79d39270,31966,Major 3.0.1 kill-map export on Defects4J 3.0.1 fixed revision
Time,22,trigger_tests.txt,canonical_maps/Time-22/trigger_tests.txt,canonical_included,e44fceb4f311fa4c14119c71c228ab187c13e48abf74c98ef2fa140de6822b58,5848,Major 3.0.1 kill-map export on Defects4J 3.0.1 fixed revision
JxPath,13,testMap.csv,canonical_maps/JxPath-13/testMap.csv,canonical_included,b879d562a787d074e850afe601a7f69e324c99242db0b25c9b51a216f3d74f5a,28721,Major 3.0.1 kill-map export on Defects4J 3.0.1 fixed revision
JxPath,13,covMap.csv,canonical_maps/JxPath-13/covMap.csv,canonical_included,e7221720eed6555ae12061d65f4e2fbd6c1dde8d115d5f9029df0089370269fb,63359,Major 3.0.1 kill-map export on Defects4J 3.0.1 fixed revision
JxPath,13,killMap.csv,canonical_maps/JxPath-13/killMap.csv,canonical_included,3f385a2b63b7259478de446cd12d5a230b131b2aca0688234d54c3b666d307d6,43164,Major 3.0.1 kill-map export on Defects4J 3.0.1 fixed revision
JxPath,13,mutants.log,canonical_maps/JxPath-13/mutants.log,canonical_included,777d331ebd801db097d337c52af41e07489bf83bf52bac4a72ffc048dbc0e528,106064,Major 3.0.1 kill-map export on Defects4J 3.0.1 fixed revision
JxPath,13,trigger_tests.txt,canonical_maps/JxPath-13/trigger_tests.txt,canonical_included,ad9a866368dc46d319a9d9b6785acf923c35f6cc19a0ebeeca1df756be8d5788,3640,Major 3.0.1 kill-map export on Defects4J 3.0.1 fixed revision
Jsoup,89,testMap.csv,canonical_maps/Jsoup-89/testMap.csv,canonical_included,a93dec9156dc9c6914679bb7cf54d8a9942c0eb9878dd1090618c25760112541,37160,Major 3.0.1 kill-map export on Defects4J 3.0.1 fixed revision
Jsoup,89,covMap.csv,canonical_maps/Jsoup-89/covMap.csv,canonical_included,90ed1cc87b5f30b90944db57dc426db8afdd404130847377d487e6bd4b831e44,14299,Major 3.0.1 kill-map export on Defects4J 3.0.1 fixed revision
Jsoup,89,killMap.csv,canonical_maps/Jsoup-89/killMap.csv,canonical_included,f0da6f821e18a2a43645f1df36ddb337d85fab770dc097a128dae61946f7ea98,5537,Major 3.0.1 kill-map export on Defects4J 3.0.1 fixed revision
Jsoup,89,mutants.log,canonical_maps/Jsoup-89/mutants.log,canonical_included,757b2a1048f829b405f5ee33bc561b02d28168b473d5a9ae40c2c15a81d0e08d,19086,Major 3.0.1 kill-map export on Defects4J 3.0.1 fixed revision
Jsoup,89,trigger_tests.txt,canonical_maps/Jsoup-89/trigger_tests.txt,canonical_included,3ab39d7028e08b6d26b0487806f234c3bab3f5e7af503f68bc4a3aae033d8040,3186,Major 3.0.1 kill-map export on Defects4J 3.0.1 fixed revision
Mockito,38,testMap.csv,canonical_maps/Mockito-38/testMap.csv,canonical_included,4b5c69768ab024c81ff62d4e753b39b0036ee0533ee644ce386f3d4c1f7291c5,9665,Major 3.0.1 kill-map export on Defects4J 3.0.1 fixed revision
Mockito,38,covMap.csv,canonical_maps/Mockito-38/covMap.csv,canonical_included,cff79490eb0d622e3522d3b3eb2eac8b4602293e6160ef6fd0cbc64577ebf9b4,3936,Major 3.0.1 kill-map export on Defects4J 3.0.1 fixed revision
Mockito,38,killMap.csv,canonical_maps/Mockito-38/killMap.csv,canonical_included,466496a180499630a1fcd5b1fc3060cbd1707e1e6c2e6c8c3d5d8bebf3ccc803,1504,Major 3.0.1 kill-map export on Defects4J 3.0.1 fixed revision
Mockito,38,mutants.log,canonical_maps/Mockito-38/mutants.log,canonical_included,d7b14def18e41a9f0570fa4e2166f86a2481f7ebccd40d7e48efa497468c5a72,7774,Major 3.0.1 kill-map export on Defects4J 3.0.1 fixed revision
Mockito,38,trigger_tests.txt,canonical_maps/Mockito-38/trigger_tests.txt,canonical_included,4ebc89a5d3340ada9bd9d6296d4cfd97337ed79e26a4d632dbbb723ecd8068e8,7635,Major 3.0.1 kill-map export on Defects4J 3.0.1 fixed revision
Jsoup,33,testMap.csv,canonical_maps/Jsoup-33/testMap.csv,canonical_included,6cf6f308e8672d11c65dd4935546d1266b1d5ed8b10ffe14325d4e02a0ecd7d8,19995,Major 3.0.1 kill-map export on Defects4J 3.0.1 fixed revision
Jsoup,33,covMap.csv,canonical_maps/Jsoup-33/covMap.csv,canonical_included,0e080ad224fcbb3612a98c47d765a90477af5424cb55b538314518cf0d98c102,195555,Major 3.0.1 kill-map export on Defects4J 3.0.1 fixed revision
Jsoup,33,killMap.csv,canonical_maps/Jsoup-33/killMap.csv,canonical_included,c2938d3ab47a0d76d385bcb983b95e243265687a2353b16e6bfeb9c835d76a28,120060,Major 3.0.1 kill-map export on Defects4J 3.0.1 fixed revision
Jsoup,33,mutants.log,canonical_maps/Jsoup-33/mutants.log,canonical_included,45e1167621c492c1f7962a22794e0ca5de251efa9e41309a3711536be9edbb06,58745,Major 3.0.1 kill-map export on Defects4J 3.0.1 fixed revision
Jsoup,33,trigger_tests.txt,canonical_maps/Jsoup-33/trigger_tests.txt,canonical_included,5c9009f005248dcfaaa0267f2cdaf56d2cd6262e471b69131612f62386bef734,3584,Major 3.0.1 kill-map export on Defects4J 3.0.1 fixed revision
JxPath,5,testMap.csv,canonical_maps/JxPath-5/testMap.csv,canonical_included,f10669792c8d098a293d5b467bb450ea5c58e2fdc4824a6ac40a8e5c7900bdb5,28049,Major 3.0.1 kill-map export on Defects4J 3.0.1 fixed revision
JxPath,5,covMap.csv,canonical_maps/JxPath-5/covMap.csv,canonical_included,15fcbc3ccbfb00479436974c50c641707aaafcb67c40b932af0c00f7ef1c9a13,107280,Major 3.0.1 kill-map export on Defects4J 3.0.1 fixed revision
JxPath,5,killMap.csv,canonical_maps/JxPath-5/killMap.csv,canonical_included,4f777c41590479e1a2f86464d6e31ec5fff22fd5546ee4f25bf678f700a11fab,85466,Major 3.0.1 kill-map export on Defects4J 3.0.1 fixed revision
JxPath,5,mutants.log,canonical_maps/JxPath-5/mutants.log,canonical_included,4526fe57fa4d3232b51c969702695e5e93a78ad1ad64e5889c95f1b8269688c3,53510,Major 3.0.1 kill-map export on Defects4J 3.0.1 fixed revision
JxPath,5,trigger_tests.txt,canonical_maps/JxPath-5/trigger_tests.txt,canonical_included,969dc37884ed4775a8f2bd4ed04a1df3cb116d5fdba6ca41d984323996c36d0b,3525,Major 3.0.1 kill-map export on Defects4J 3.0.1 fixed revision
Lang,7,testMap.csv,canonical_maps/Lang-7/testMap.csv,canonical_included,7cfc139aa7c95d3dc33857fad43aa6cebf3485a9741dd060a6376e3e76156e25,12846,Major 3.0.1 kill-map export on Defects4J 3.0.1 fixed revision
Lang,7,covMap.csv,canonical_maps/Lang-7/covMap.csv,canonical_included,bdb624ff88ae61a61d5d2c5e1402d5bf8b4cf3ef33faa257579bd3e17350ea74,23689,Major 3.0.1 kill-map export on Defects4J 3.0.1 fixed revision
Lang,7,killMap.csv,canonical_maps/Lang-7/killMap.csv,canonical_included,923d6d53a617f2d1ef4a5bd111174c578b744c35ad1996eb20887ce3db492488,8881,Major 3.0.1 kill-map export on Defects4J 3.0.1 fixed revision
Lang,7,mutants.log,canonical_maps/Lang-7/mutants.log,canonical_included,d07ff0278a8c716d90d7015709b7f408c0bc3880e89626d50279d133f92f5e3a,127964,Major 3.0.1 kill-map export on Defects4J 3.0.1 fixed revision
Lang,7,trigger_tests.txt,canonical_maps/Lang-7/trigger_tests.txt,canonical_included,44b54dd5b1e0bf8a7f90a36804dbca634c0c200c407b047fb9d3849bdaa0cad8,3227,Major 3.0.1 kill-map export on Defects4J 3.0.1 fixed revision
JacksonCore,5,testMap.csv,canonical_maps/JacksonCore-5/testMap.csv,canonical_included,c2410721f036cf25ed63010e55aecd2c585ea608759bfad8b9913f2eaf1de14d,281,Major 3.0.1 kill-map export on Defects4J 3.0.1 fixed revision
JacksonCore,5,covMap.csv,canonical_maps/JacksonCore-5/covMap.csv,canonical_included,ede9ce47b52e1ce64942f4a8cbd53167247bbee7dde7e1cff64a9c9d17c94778,1616,Major 3.0.1 kill-map export on Defects4J 3.0.1 fixed revision
JacksonCore,5,killMap.csv,canonical_maps/JacksonCore-5/killMap.csv,canonical_included,3646dcfe2d9a91e65870c81a1be5fc9c8ba5dd3addb72fa3fcf93ee1848c2a54,1322,Major 3.0.1 kill-map export on Defects4J 3.0.1 fixed revision
JacksonCore,5,mutants.log,canonical_maps/JacksonCore-5/mutants.log,canonical_included,9f12cf27425358567a8264e9c21d2387596c719bb540cce3acc5243a60f697f4,21094,Major 3.0.1 kill-map export on Defects4J 3.0.1 fixed revision
JacksonCore,5,trigger_tests.txt,canonical_maps/JacksonCore-5/trigger_tests.txt,canonical_included,25d108902120f390ad7c70eb35d9bce16bc3e8e788a250d77dc2099b11eec9d9,3123,Major 3.0.1 kill-map export on Defects4J 3.0.1 fixed revision
Compress,8,testMap.csv,canonical_maps/Compress-8/testMap.csv,canonical_included,8026e9dfbe86dd0cc05275b67dbb6c766b182ef7d14f03ebe5a31b80958887de,4949,Major 3.0.1 kill-map export on Defects4J 3.0.1 fixed revision
Compress,8,covMap.csv,canonical_maps/Compress-8/covMap.csv,canonical_included,acb38707a661dc4779ab08921c93f24d5aba66f51782e989adf0d0ad92534cd8,24773,Major 3.0.1 kill-map export on Defects4J 3.0.1 fixed revision
Compress,8,killMap.csv,canonical_maps/Compress-8/killMap.csv,canonical_included,8d32a46fdd8542ba2f0a2df6eed916e9efc0319e94fea10f45e44523b4ea627d,23754,Major 3.0.1 kill-map export on Defects4J 3.0.1 fixed revision
Compress,8,mutants.log,canonical_maps/Compress-8/mutants.log,canonical_included,d01fd52a12f9ab9d667a57a47b99d47527b242f384349012981ffd7478fa90af,43795,Major 3.0.1 kill-map export on Defects4J 3.0.1 fixed revision
Compress,8,trigger_tests.txt,canonical_maps/Compress-8/trigger_tests.txt,canonical_included,18e507f50f8c88427caba5305d15d6498bde8b53dfc965d421503b1e3e9ab385,2748,Major 3.0.1 kill-map export on Defects4J 3.0.1 fixed revision
Math,8,testMap.csv,canonical_maps/Math-8/testMap.csv,canonical_included,88c1c4a1c6a0f03724a59bd5ee58e742e9bd5843d380a9ea3b14ddf923ec7753,2115,Major 3.0.1 kill-map export on Defects4J 3.0.1 fixed revision
Math,8,covMap.csv,canonical_maps/Math-8/covMap.csv,canonical_included,a618debb1c9e05fa06580bbf8ef9d47d41e110a34ca7ead484eaf36f12a0a092,2334,Major 3.0.1 kill-map export on Defects4J 3.0.1 fixed revision
Math,8,killMap.csv,canonical_maps/Math-8/killMap.csv,canonical_included,e6f1b9dd7b4efecc2012a2d60ed251b431ad949836c69117c866dde09780bd17,3172,Major 3.0.1 kill-map export on Defects4J 3.0.1 fixed revision
Math,8,mutants.log,canonical_maps/Math-8/mutants.log,canonical_included,10d43972faf62ce67b5f06d4006e0c984ab284a7b9e295b306ec4ca9feba804b,11734,Major 3.0.1 kill-map export on Defects4J 3.0.1 fixed revision
Math,8,trigger_tests.txt,canonical_maps/Math-8/trigger_tests.txt,canonical_included,00d4437024bdc65402816cd3b7c895f1a8169678aeabde4ad2a14b07886c8ecb,3364,Major 3.0.1 kill-map export on Defects4J 3.0.1 fixed revision
Collections,4,testMap.csv,canonical_maps/Collections-4/testMap.csv,canonical_included,516990afd178e6ce5affc88176447bacb9fc48c05ab2a1e8bf7b5d283d8ead3b,1792,Major 3.0.1 kill-map export on Defects4J 3.0.1 fixed revision
Collections,4,covMap.csv,canonical_maps/Collections-4/covMap.csv,canonical_included,4c5ebd54da6a5d85088638c291d693ffa85e7cae4d0d1bb3bebd58b21b7868a6,2825,Major 3.0.1 kill-map export on Defects4J 3.0.1 fixed revision
Collections,4,killMap.csv,canonical_maps/Collections-4/killMap.csv,canonical_included,f2b77af15466dce9904f2925b4f524f109249f4f19a769a1473e674def40d55b,2363,Major 3.0.1 kill-map export on Defects4J 3.0.1 fixed revision
Collections,4,mutants.log,canonical_maps/Collections-4/mutants.log,canonical_included,36d36537824f32b2547cdd04a45326e0815827b98973e08faf240ad0b96f6068,11523,Major 3.0.1 kill-map export on Defects4J 3.0.1 fixed revision
Collections,4,trigger_tests.txt,canonical_maps/Collections-4/trigger_tests.txt,canonical_included,6ee212a15827dde4916c253acda854a77bf86868300c73785b39783c96f035f1,8706,Major 3.0.1 kill-map export on Defects4J 3.0.1 fixed revision
Mockito,28,testMap.csv,canonical_maps/Mockito-28/testMap.csv,canonical_included,fb60abe519dfd081d2c76f942d58471cf038a026e35801468c30646c87884d95,2674,Major 3.0.1 kill-map export on Defects4J 3.0.1 fixed revision
Mockito,28,covMap.csv,canonical_maps/Mockito-28/covMap.csv,canonical_included,bdc0f23eaf56c40bf72d08b477a3b3566b916767a6cdd0dc9da61f48a2e0277c,1768,Major 3.0.1 kill-map export on Defects4J 3.0.1 fixed revision
Mockito,28,killMap.csv,canonical_maps/Mockito-28/killMap.csv,canonical_included,feb35cacecd5ed41a5c9af89cb0a60fa233e4c136fd5d549706dc00e7cf6e05c,1072,Major 3.0.1 kill-map export on Defects4J 3.0.1 fixed revision
Mockito,28,mutants.log,canonical_maps/Mockito-28/mutants.log,canonical_included,05ffe66ccc9dbc92c0c7c337651c812acc791b5851fd0e6b9b8553e4a306f558,3581,Major 3.0.1 kill-map export on Defects4J 3.0.1 fixed revision
Mockito,28,trigger_tests.txt,canonical_maps/Mockito-28/trigger_tests.txt,canonical_included,36757011a659071796166f15956e11997d528374b4a7c44c42d3b79425d332fc,3689,Major 3.0.1 kill-map export on Defects4J 3.0.1 fixed revision
Closure,50,testMap.csv,canonical_maps/Closure-50/testMap.csv,canonical_included,3fa6be1fdf6073a2d0ca24dcfb1f2e8bbf79092fbc3188563ab59074f8668c8c,8175,Major 3.0.1 kill-map export on Defects4J 3.0.1 fixed revision
Closure,50,covMap.csv,canonical_maps/Closure-50/covMap.csv,canonical_included,d418dfe16f022e47766fcb3433bc908c3d5d784c3fabf4314e136d32303c8d41,14009,Major 3.0.1 kill-map export on Defects4J 3.0.1 fixed revision
Closure,50,killMap.csv,canonical_maps/Closure-50/killMap.csv,canonical_included,816b8dfe766f31f6e78afe915b8be1c123c1addb962d98a7f442c9487f004ec8,6802,Major 3.0.1 kill-map export on Defects4J 3.0.1 fixed revision
Closure,50,mutants.log,canonical_maps/Closure-50/mutants.log,canonical_included,60474e05fdcd1518a8cad589e26d2e952700d24ed3c3d5be02dc40651a7ca28e,143164,Major 3.0.1 kill-map export on Defects4J 3.0.1 fixed revision
Closure,50,trigger_tests.txt,canonical_maps/Closure-50/trigger_tests.txt,canonical_included,e2a09e7572d03a5439ed4d9c8753922ef2b4889aa6d0246dca3a48fd0c2f9f4c,10193,Major 3.0.1 kill-map export on Defects4J 3.0.1 fixed revision
Closure,72,testMap.csv,canonical_maps/Closure-72/testMap.csv,canonical_included,d0bbd7d9a12478189f89990df14a1d85b74503a23a651d2299f4ac33b01bc7ef,35699,Major 3.0.1 kill-map export on Defects4J 3.0.1 fixed revision
Closure,72,covMap.csv,canonical_maps/Closure-72/covMap.csv,canonical_included,00f4a815003ef38051af8b037c4e1cc5a80e1d1e6477b6a48b725ca4f6d04499,76496,Major 3.0.1 kill-map export on Defects4J 3.0.1 fixed revision
Closure,72,killMap.csv,canonical_maps/Closure-72/killMap.csv,canonical_included,21263a3d3bb9bf6fc314d851b335009a08c6ababf229b17165af822e3a57bdb7,39582,Major 3.0.1 kill-map export on Defects4J 3.0.1 fixed revision
Closure,72,mutants.log,canonical_maps/Closure-72/mutants.log,canonical_included,66e39d9210f66c0fe7de273f4363845c3a1e70c867687c410c29c97c396dc0ab,46045,Major 3.0.1 kill-map export on Defects4J 3.0.1 fixed revision
Closure,72,trigger_tests.txt,canonical_maps/Closure-72/trigger_tests.txt,canonical_included,c937530915d2e4e78721bb620298890a4a83369ff6965db77171ed949eebea30,4572,Major 3.0.1 kill-map export on Defects4J 3.0.1 fixed revision
Csv,14,testMap.csv,canonical_maps/Csv-14/testMap.csv,canonical_included,1f4af0920edb57f934d32022688a43e7773341895b479feefeeceec2a7bdb543,16179,Major 3.0.1 kill-map export on Defects4J 3.0.1 fixed revision
Csv,14,covMap.csv,canonical_maps/Csv-14/covMap.csv,canonical_included,ccc840789e510249c9c1ec58c680ee4f870b20c96430f9d24fab1835719964a8,189033,Major 3.0.1 kill-map export on Defects4J 3.0.1 fixed revision
Csv,14,killMap.csv,canonical_maps/Csv-14/killMap.csv,canonical_included,4107d2b0f9db0437e7fa43c1b9f818badc2c766725e3231f94e228c57b0f2728,151893,Major 3.0.1 kill-map export on Defects4J 3.0.1 fixed revision
Csv,14,mutants.log,canonical_maps/Csv-14/mutants.log,canonical_included,58109993586c19c83e15a795ac465365fa54be97734277995e13458c47f8cd01,107091,Major 3.0.1 kill-map export on Defects4J 3.0.1 fixed revision
Csv,14,trigger_tests.txt,canonical_maps/Csv-14/trigger_tests.txt,canonical_included,0e6eb23424be8228485847157acf3483bfb25bf3d420957c933bf7e255318132,19646,Major 3.0.1 kill-map export on Defects4J 3.0.1 fixed revision
Lang,19,testMap.csv,canonical_maps/Lang-19/testMap.csv,canonical_included,640877fd3d39d4b8476c9b699abc6e5003d9de294cbcd28f00ea28b9b949ba10,2457,Major 3.0.1 kill-map export on Defects4J 3.0.1 fixed revision
Lang,19,covMap.csv,canonical_maps/Lang-19/covMap.csv,canonical_included,98ef5117614e8beac6235e1429ba8f11891074c8ccb99ff4005341cb417773a9,4958,Major 3.0.1 kill-map export on Defects4J 3.0.1 fixed revision
Lang,19,killMap.csv,canonical_maps/Lang-19/killMap.csv,canonical_included,612bbcc32e839d7fee740b263106f221b834cc08199c5c90c07c0077a4ead959,3990,Major 3.0.1 kill-map export on Defects4J 3.0.1 fixed revision
Lang,19,mutants.log,canonical_maps/Lang-19/mutants.log,canonical_included,514f2e5157983b99511a1aad8ae4dcfadabcef0761e174f9600370ac4283c30e,34610,Major 3.0.1 kill-map export on Defects4J 3.0.1 fixed revision
Lang,19,trigger_tests.txt,canonical_maps/Lang-19/trigger_tests.txt,canonical_included,0da8fadd27a4b4af290044bb7e0d0cac89e37f259e9cb9810e7f2771c2fd05e5,6033,Major 3.0.1 kill-map export on Defects4J 3.0.1 fixed revision
Jsoup,54,testMap.csv,canonical_maps/Jsoup-54/testMap.csv,canonical_included,f3c9522903eb189d613bc62d1990ccd9624481bd20d4dafc9b34866fbf39a4cb,241,Major 3.0.1 kill-map export on Defects4J 3.0.1 fixed revision
Jsoup,54,covMap.csv,canonical_maps/Jsoup-54/covMap.csv,canonical_included,aa3adc46d1069a17067581d6852b31d993e4c36a2f27a233e055a254c5a95375,515,Major 3.0.1 kill-map export on Defects4J 3.0.1 fixed revision
Jsoup,54,killMap.csv,canonical_maps/Jsoup-54/killMap.csv,canonical_included,be81235cbe2549fb36ca1f0683e847986dd2aea84135c03fa4eabf0b3a90d2cd,429,Major 3.0.1 kill-map export on Defects4J 3.0.1 fixed revision
Jsoup,54,mutants.log,canonical_maps/Jsoup-54/mutants.log,canonical_included,76b2bacb80535ff990e8ee66406c353b7aefb6088118f6b7bf3bc77a2f3cc66b,6011,Major 3.0.1 kill-map export on Defects4J 3.0.1 fixed revision
Jsoup,54,trigger_tests.txt,canonical_maps/Jsoup-54/trigger_tests.txt,canonical_included,99e7d5b9dfca1c2e16419a4cdec6f6c725aa9e9a792ba96ccea4b0b86bd2c721,3695,Major 3.0.1 kill-map export on Defects4J 3.0.1 fixed revision
Closure,148,testMap.csv,canonical_maps/Closure-148/testMap.csv,canonical_included,1b29ae269ed01b324ba51db5e876905ecb073cd651e216e13ee16457387d292b,7385,Major 3.0.1 kill-map export on Defects4J 3.0.1 fixed revision
Closure,148,covMap.csv,canonical_maps/Closure-148/covMap.csv,canonical_included,cf391b1f849885adc2849d5a9975875af25c2be2a6ccbd07309cd90adc930dc9,38564,Major 3.0.1 kill-map export on Defects4J 3.0.1 fixed revision
Closure,148,killMap.csv,canonical_maps/Closure-148/killMap.csv,canonical_included,4075a63ab9e4a3a7e292cd0cbbaa5ba81bd133a6a22d405bc9103e332a418bcd,24082,Major 3.0.1 kill-map export on Defects4J 3.0.1 fixed revision
Closure,148,mutants.log,canonical_maps/Closure-148/mutants.log,canonical_included,3bc3701e10576ae3cb5cf48b1ad92862db8ba4b56c40879fe7d7fc7703a448de,260090,Major 3.0.1 kill-map export on Defects4J 3.0.1 fixed revision
Closure,148,trigger_tests.txt,canonical_maps/Closure-148/trigger_tests.txt,canonical_included,b083f04e5fb9cee4c16c7c5195c5520b45bf96a63c18c92c7177c514e8c7a1a5,20431,Major 3.0.1 kill-map export on Defects4J 3.0.1 fixed revision
Jsoup,53,testMap.csv,canonical_maps/Jsoup-53/testMap.csv,canonical_included,29165dc083e91a808ed5fe27293abbad1127db2f7224e033cab71b1d45b31449,23681,Major 3.0.1 kill-map export on Defects4J 3.0.1 fixed revision
Jsoup,53,covMap.csv,canonical_maps/Jsoup-53/covMap.csv,canonical_included,1b69daad4d7a7f503ea024031426e7d76e471e79ca5925bbd2e2212f29cad6ef,119905,Major 3.0.1 kill-map export on Defects4J 3.0.1 fixed revision
Jsoup,53,killMap.csv,canonical_maps/Jsoup-53/killMap.csv,canonical_included,9b3b4f5039e59fb9fad0ba851cf19ca602d5ae5c16252c8c319bb97eb9e69da2,104026,Major 3.0.1 kill-map export on Defects4J 3.0.1 fixed revision
Jsoup,53,mutants.log,canonical_maps/Jsoup-53/mutants.log,canonical_included,ec7d3ac9b77c0d38340ba5426ebb17b6137eae8f969eceb60750cc517afa5a31,33632,Major 3.0.1 kill-map export on Defects4J 3.0.1 fixed revision
Jsoup,53,trigger_tests.txt,canonical_maps/Jsoup-53/trigger_tests.txt,canonical_included,1210fdd86d595f90cdff70ea2f0a9b8f3b5f272b41b71384a4a65f3285f9725f,3558,Major 3.0.1 kill-map export on Defects4J 3.0.1 fixed revision
Codec,1,testMap.csv,canonical_maps/Codec-1/testMap.csv,canonical_included,cc764a2aed937471377b34c86d7bc459637eeec1c4d05a2f41350ee58471702c,6935,Major 3.0.1 kill-map export on Defects4J 3.0.1 fixed revision
Codec,1,covMap.csv,canonical_maps/Codec-1/covMap.csv,canonical_included,dff9ad5e942ea176bb4243c634d8b436c0486ecc23c55e837cb3c5a1e45ea377,44685,Major 3.0.1 kill-map export on Defects4J 3.0.1 fixed revision
Codec,1,killMap.csv,canonical_maps/Codec-1/killMap.csv,canonical_included,691e7f4591507e2f0fef6a9ceb239f4c6936db57c72694694641ad85ccce026f,27766,Major 3.0.1 kill-map export on Defects4J 3.0.1 fixed revision
Codec,1,mutants.log,canonical_maps/Codec-1/mutants.log,canonical_included,386994dfa5daf96fca8b4636d04fba185dac4ac5313cf9fb4bfbfcbac4196ec1,92306,Major 3.0.1 kill-map export on Defects4J 3.0.1 fixed revision
Codec,1,trigger_tests.txt,canonical_maps/Codec-1/trigger_tests.txt,canonical_included,be1f0c60186d1ec8529b33166873bd94c4c571afacb2e33fffc169450a7dd80d,13638,Major 3.0.1 kill-map export on Defects4J 3.0.1 fixed revision
Compress,33,testMap.csv,canonical_maps/Compress-33/testMap.csv,canonical_included,c660623d547df72d3da7cdb6f101274f407927c6ef6d9b2259545410832c0f55,3745,Major 3.0.1 kill-map export on Defects4J 3.0.1 fixed revision
Compress,33,covMap.csv,canonical_maps/Compress-33/covMap.csv,canonical_included,8d2110706a09612e170f43e5de1a7afa22df7e9e768f217b76d4a83c7d71abe9,2572,Major 3.0.1 kill-map export on Defects4J 3.0.1 fixed revision
Compress,33,killMap.csv,canonical_maps/Compress-33/killMap.csv,canonical_included,b23a8bac8951670ba738f1a1dd195b50d46bedb3654b18bf85dbc543033b31da,1529,Major 3.0.1 kill-map export on Defects4J 3.0.1 fixed revision
Compress,33,mutants.log,canonical_maps/Compress-33/mutants.log,canonical_included,d7be13f9c6cc36c996f878c9c81c5796c2b16bd4f848c18eb6dcc15aa2fca227,29221,Major 3.0.1 kill-map export on Defects4J 3.0.1 fixed revision
Compress,33,trigger_tests.txt,canonical_maps/Compress-33/trigger_tests.txt,canonical_included,79ac3203923436933b5cedd884dd507062c353d08b1436994d8f588185d4fc6e,3511,Major 3.0.1 kill-map export on Defects4J 3.0.1 fixed revision
Lang,30,testMap.csv,canonical_maps/Lang-30/testMap.csv,canonical_included,063aa9ae5d53c9e1ffede198997d91294050a3266a6b93352bc8266699a3d02e,44267,Major 3.0.1 kill-map export on Defects4J 3.0.1 fixed revision
Lang,30,covMap.csv,canonical_maps/Lang-30/covMap.csv,canonical_included,0105c01ea26cd62e5d946ed1c46acfee1e68e06a1991895f51a0b59e9324838a,69196,Major 3.0.1 kill-map export on Defects4J 3.0.1 fixed revision
Lang,30,killMap.csv,canonical_maps/Lang-30/killMap.csv,canonical_included,c4c1cf6a232465ee90eeaf4beafff68fd1df64f2c4c441115d8e8cbfd101a5f8,61627,Major 3.0.1 kill-map export on Defects4J 3.0.1 fixed revision
Lang,30,mutants.log,canonical_maps/Lang-30/mutants.log,canonical_included,dfcfdad6abfbf1d4389f98f5ed03218687998800f947ed9e9059bb93fb502f6f,482505,Major 3.0.1 kill-map export on Defects4J 3.0.1 fixed revision
Lang,30,trigger_tests.txt,canonical_maps/Lang-30/trigger_tests.txt,canonical_included,d3f926bd3ac7555fc107f2c7a5cffc0e2a72a8787b99f523675645fcf05899d0,30188,Major 3.0.1 kill-map export on Defects4J 3.0.1 fixed revision
Collections,19,testMap.csv,canonical_maps/Collections-19/testMap.csv,canonical_included,db1e826eca0fe378efcfe4fb42dcfc5b0c1a5ac732feb63fa1ecb5553ed65030,6277,Major 3.0.1 kill-map export on Defects4J 3.0.1 fixed revision
Collections,19,covMap.csv,canonical_maps/Collections-19/covMap.csv,canonical_included,912f82dccccb6f07d3585e8e45f30c1ef5dd9610c8c6b33b60875dedf2d666b8,4687,Major 3.0.1 kill-map export on Defects4J 3.0.1 fixed revision
Collections,19,killMap.csv,canonical_maps/Collections-19/killMap.csv,canonical_included,546e707f1d477dfadaa844515c1f3c2475a8a4ad8b2fb89ffd289bd37f7bc6b7,4893,Major 3.0.1 kill-map export on Defects4J 3.0.1 fixed revision
Collections,19,mutants.log,canonical_maps/Collections-19/mutants.log,canonical_included,8d41c26d7fd3b13401ab3966f0573e6175bebf265fb79168160f09178c04a5fa,11918,Major 3.0.1 kill-map export on Defects4J 3.0.1 fixed revision
Collections,19,trigger_tests.txt,canonical_maps/Collections-19/trigger_tests.txt,canonical_included,76728567f4597b8c01b6a59ca13391ffbbb450c22e455c8ae54156bdf987453a,2797,Major 3.0.1 kill-map export on Defects4J 3.0.1 fixed revision
Collections,8,testMap.csv,canonical_maps/Collections-8/testMap.csv,canonical_included,d406fad182e97fed17a133f435734f6adfa52be09dec2df169dc3848a291ca2a,10410,Major 3.0.1 kill-map export on Defects4J 3.0.1 fixed revision
Collections,8,covMap.csv,canonical_maps/Collections-8/covMap.csv,canonical_included,ca806663bc505aea8200dad79543aa1d531563f3324fca74fb4bb696e7e4c9cb,35305,Major 3.0.1 kill-map export on Defects4J 3.0.1 fixed revision
Collections,8,killMap.csv,canonical_maps/Collections-8/killMap.csv,canonical_included,26d1d77364567917ec594435f2b685cc70d66bfc6971a7c27e65d488cf4e3843,26704,Major 3.0.1 kill-map export on Defects4J 3.0.1 fixed revision
Collections,8,mutants.log,canonical_maps/Collections-8/mutants.log,canonical_included,49134eb7f8fd81874e450eca0d38dbe8280bd89aa7172671e4a71e2a9b457a12,22446,Major 3.0.1 kill-map export on Defects4J 3.0.1 fixed revision
Collections,8,trigger_tests.txt,canonical_maps/Collections-8/trigger_tests.txt,canonical_included,5beda2b7d02700c7ea938d6116d69c276190c3d9e901a3dacf9ba61403c32026,2961,Major 3.0.1 kill-map export on Defects4J 3.0.1 fixed revision
Collections,2,testMap.csv,canonical_maps/Collections-2/testMap.csv,canonical_included,58be12d43aa850f4f6649b56764c3fe6b8896adfdecb4def173b6109b743af2c,814,Major 3.0.1 kill-map export on Defects4J 3.0.1 fixed revision
Collections,2,covMap.csv,canonical_maps/Collections-2/covMap.csv,canonical_included,3729b60b0c3efba739a61f388141f800184ee5c6a98b03a81d8970818ce1ac04,5735,Major 3.0.1 kill-map export on Defects4J 3.0.1 fixed revision
Collections,2,killMap.csv,canonical_maps/Collections-2/killMap.csv,canonical_included,ee1813e6a681472f615e66214c9f5a7ecc0993055b56d4cbc06841f3e6a8b501,5440,Major 3.0.1 kill-map export on Defects4J 3.0.1 fixed revision
Collections,2,mutants.log,canonical_maps/Collections-2/mutants.log,canonical_included,7aae2db2e6208595f7888ea72c018ce55262d1e760a1c4971588805339b3394e,77384,Major 3.0.1 kill-map export on Defects4J 3.0.1 fixed revision
Collections,2,trigger_tests.txt,canonical_maps/Collections-2/trigger_tests.txt,canonical_included,8174523b636fd1f1f8de8687d600050689db79f06265d311cb8ce367f96fe3de,2780,Major 3.0.1 kill-map export on Defects4J 3.0.1 fixed revision
JacksonDatabind,98,testMap.csv,canonical_maps/JacksonDatabind-98/testMap.csv,canonical_included,6aef44d10544521d36576613680b1910f85277656f4792848547578a22aa7f50,4757,Major 3.0.1 kill-map export on Defects4J 3.0.1 fixed revision
JacksonDatabind,98,covMap.csv,canonical_maps/JacksonDatabind-98/covMap.csv,canonical_included,a189411eebacc8f1110d041a1adf6586e62a7a50c15eb0b4d8c2916c71630345,8644,Major 3.0.1 kill-map export on Defects4J 3.0.1 fixed revision
JacksonDatabind,98,killMap.csv,canonical_maps/JacksonDatabind-98/killMap.csv,canonical_included,b6c233016e25311701219d9e7a05321020a1106b9ce257419f20346b4e2973fc,8174,Major 3.0.1 kill-map export on Defects4J 3.0.1 fixed revision
JacksonDatabind,98,mutants.log,canonical_maps/JacksonDatabind-98/mutants.log,canonical_included,a1aa0104358ef3393750895ac9f545fa7ba39e8ce555d5e3e184ab00c2042741,50008,Major 3.0.1 kill-map export on Defects4J 3.0.1 fixed revision
JacksonDatabind,98,trigger_tests.txt,canonical_maps/JacksonDatabind-98/trigger_tests.txt,canonical_included,ea44aae91b3271a507fe71a61edccd0e83421a4a4cda16044e5ea4655b64dd1f,5458,Major 3.0.1 kill-map export on Defects4J 3.0.1 fixed revision
Csv,9,testMap.csv,canonical_maps/Csv-9/testMap.csv,canonical_included,b896e9b537b4e202372325087947ae71fdd973fe64865bd5a03703b81a52c518,7665,Major 3.0.1 kill-map export on Defects4J 3.0.1 fixed revision
Csv,9,covMap.csv,canonical_maps/Csv-9/covMap.csv,canonical_included,1b0d507a65cd213265c7eab8107d6be57e4c3d1bce678b0948c9986260ebdfec,1614,Major 3.0.1 kill-map export on Defects4J 3.0.1 fixed revision
Csv,9,killMap.csv,canonical_maps/Csv-9/killMap.csv,canonical_included,7d0fa5cd5c3509960468611c7b7fa15a802debe766852ca172369ada463c59d1,1104,Major 3.0.1 kill-map export on Defects4J 3.0.1 fixed revision
Csv,9,mutants.log,canonical_maps/Csv-9/mutants.log,canonical_included,062f651b89b10c54fe1c33d90f5854c9d96dc573c369fb26ca800403194903f4,5083,Major 3.0.1 kill-map export on Defects4J 3.0.1 fixed revision
Csv,9,trigger_tests.txt,canonical_maps/Csv-9/trigger_tests.txt,canonical_included,593e9ec6278c0534399c88f1e00807a187d44b312a4093b73c7800868f9b193e,3345,Major 3.0.1 kill-map export on Defects4J 3.0.1 fixed revision
Jsoup,24,testMap.csv,canonical_maps/Jsoup-24/testMap.csv,canonical_included,b4476468da125a0c07b80b049a8dc7cdea460e1e4653d1f5f24a72e17dd90149,15260,Major 3.0.1 kill-map export on Defects4J 3.0.1 fixed revision
Jsoup,24,covMap.csv,canonical_maps/Jsoup-24/covMap.csv,canonical_included,7550bd7ea19e72813e2a192f4d36a474a8fc047fbc9664530b65c2a3b120a341,65119,Major 3.0.1 kill-map export on Defects4J 3.0.1 fixed revision
Jsoup,24,killMap.csv,canonical_maps/Jsoup-24/killMap.csv,canonical_included,8d87e41ccb630fd6a5c4a201c10ee993f0aec73cc3769ec56f20a8ca5174f7f5,71669,Major 3.0.1 kill-map export on Defects4J 3.0.1 fixed revision
Jsoup,24,mutants.log,canonical_maps/Jsoup-24/mutants.log,canonical_included,659830afdc74978d014a9e2af039a9c77625fac97415a8e0e61839c68fafce0e,134650,Major 3.0.1 kill-map export on Defects4J 3.0.1 fixed revision
Jsoup,24,trigger_tests.txt,canonical_maps/Jsoup-24/trigger_tests.txt,canonical_included,62e554662a1856cb94e93fb4af5440e28da07961534c87d499a447aa82a0d6ca,3379,Major 3.0.1 kill-map export on Defects4J 3.0.1 fixed revision
Compress,1,testMap.csv,canonical_maps/Compress-1/testMap.csv,canonical_included,461092f8d1808b568a36d4807f62828f9cb30bd5818a7ce94f08911af53fd7e8,2045,Major 3.0.1 kill-map export on Defects4J 3.0.1 fixed revision
Compress,1,covMap.csv,canonical_maps/Compress-1/covMap.csv,canonical_included,b8ac40f109697004106c09604043fcecf8de8ce2b9e0dc1ea53744606fcbdcee,3020,Major 3.0.1 kill-map export on Defects4J 3.0.1 fixed revision
Compress,1,killMap.csv,canonical_maps/Compress-1/killMap.csv,canonical_included,3ac63e5d0edc17220de290b8fb881bca0c7a8e92467f4a0f477363b8322222a8,1987,Major 3.0.1 kill-map export on Defects4J 3.0.1 fixed revision
Compress,1,mutants.log,canonical_maps/Compress-1/mutants.log,canonical_included,9fbd5d45769151741faf6ddbbf7b6bd66255566fb8a413cd5a1c9fef5aeb73d8,74783,Major 3.0.1 kill-map export on Defects4J 3.0.1 fixed revision
Compress,1,trigger_tests.txt,canonical_maps/Compress-1/trigger_tests.txt,canonical_included,be8c226a065811aee469be99eaaebe3b6c45c0c656005cbfd731a5c234be43d1,2895,Major 3.0.1 kill-map export on Defects4J 3.0.1 fixed revision
JacksonDatabind,35,testMap.csv,canonical_maps/JacksonDatabind-35/testMap.csv,canonical_included,68df3857e2867dfe621ee185785616aff3f3c95e15fb3127a803b901d2fb715c,24253,Major 3.0.1 kill-map export on Defects4J 3.0.1 fixed revision
JacksonDatabind,35,covMap.csv,canonical_maps/JacksonDatabind-35/covMap.csv,canonical_included,28af11da84b4ed595d56c3d856578c093692f5d8ceabdaa657ee4286bb01c7ff,823,Major 3.0.1 kill-map export on Defects4J 3.0.1 fixed revision
JacksonDatabind,35,killMap.csv,canonical_maps/JacksonDatabind-35/killMap.csv,canonical_included,311d2d28bd013a12d9841bcb5de2b0c19f50c036700b3240c4203abf30a71332,645,Major 3.0.1 kill-map export on Defects4J 3.0.1 fixed revision
JacksonDatabind,35,mutants.log,canonical_maps/JacksonDatabind-35/mutants.log,canonical_included,a23ce55b6ab92f3b4983ce14cc5cd4a0c91bedc186f33e24912c7ece37129dbb,5697,Major 3.0.1 kill-map export on Defects4J 3.0.1 fixed revision
JacksonDatabind,35,trigger_tests.txt,canonical_maps/JacksonDatabind-35/trigger_tests.txt,canonical_included,ada00bbc0bb27204bdadeddd945b38d654e64698eca1982d4306e7aa2976f4be,4853,Major 3.0.1 kill-map export on Defects4J 3.0.1 fixed revision
Compress,6,testMap.csv,canonical_maps/Compress-6/testMap.csv,canonical_included,4c4153993d2cf3670a5008de18949bb9dfd22f1c4e86ed43910fbfc6327ee448,6784,Major 3.0.1 kill-map export on Defects4J 3.0.1 fixed revision
Compress,6,covMap.csv,canonical_maps/Compress-6/covMap.csv,canonical_included,50abf3b30aa715fed93c63fb892b17df7dafd3d6ce1cfce1fa880dc5f85d5d42,14548,Major 3.0.1 kill-map export on Defects4J 3.0.1 fixed revision
Compress,6,killMap.csv,canonical_maps/Compress-6/killMap.csv,canonical_included,6936ccebaafa57767cb4e32bb12f4fa3ba0be9f11de8de68f6f8eb9389672d2c,7173,Major 3.0.1 kill-map export on Defects4J 3.0.1 fixed revision
Compress,6,mutants.log,canonical_maps/Compress-6/mutants.log,canonical_included,49b3235cdd9ede02dd47cd38cb8888e5e16e930504e0144a991b97812f80ee7f,25960,Major 3.0.1 kill-map export on Defects4J 3.0.1 fixed revision
Compress,6,trigger_tests.txt,canonical_maps/Compress-6/trigger_tests.txt,canonical_included,e34a64ab0e6235fcdd47598eb2fe5d79c282b409448056ca32f9b07077a37c08,2856,Major 3.0.1 kill-map export on Defects4J 3.0.1 fixed revision
JxPath,15,testMap.csv,canonical_maps/JxPath-15/testMap.csv,canonical_included,c9887f2f7cce267625e59f3eb04aae080714c210257453b80bc1204352d02e8a,29419,Major 3.0.1 kill-map export on Defects4J 3.0.1 fixed revision
JxPath,15,covMap.csv,canonical_maps/JxPath-15/covMap.csv,canonical_included,80effdd7ff11ee488a5ea44943d3a9681bcaf293aa3e877c4edf6cf0735330aa,1329,Major 3.0.1 kill-map export on Defects4J 3.0.1 fixed revision
JxPath,15,killMap.csv,canonical_maps/JxPath-15/killMap.csv,canonical_included,450ab96b0208b9ec3e63ac16298bffa1643c4e498bc898ad3e5b63b05c9160cf,1295,Major 3.0.1 kill-map export on Defects4J 3.0.1 fixed revision
JxPath,15,mutants.log,canonical_maps/JxPath-15/mutants.log,canonical_included,3964c93a62da54b073dd01c7ebb8cdb2ac0035169f642daff18ae8ddee748b7a,2677,Major 3.0.1 kill-map export on Defects4J 3.0.1 fixed revision
JxPath,15,trigger_tests.txt,canonical_maps/JxPath-15/trigger_tests.txt,canonical_included,faf695a92a659e68dcce00894b1902ce8b4eee5e67db2e0eec9bfd7274cd2014,5920,Major 3.0.1 kill-map export on Defects4J 3.0.1 fixed revision
Math,48,testMap.csv,canonical_maps/Math-48/testMap.csv,canonical_included,394134af8d60e29318d34cf28c878df6fe42a2cdf80fc6873076000fed19653e,3061,Major 3.0.1 kill-map export on Defects4J 3.0.1 fixed revision
Math,48,covMap.csv,canonical_maps/Math-48/covMap.csv,canonical_included,02fc30097c8967f8e045d3c55d319ef940232d1575c11dd434d43abccfd36758,12152,Major 3.0.1 kill-map export on Defects4J 3.0.1 fixed revision
Math,48,killMap.csv,canonical_maps/Math-48/killMap.csv,canonical_included,68418ec5c00aefc43ff305ffe65d49c55020af99ac014f77ed2613ec6c718b16,9978,Major 3.0.1 kill-map export on Defects4J 3.0.1 fixed revision
Math,48,mutants.log,canonical_maps/Math-48/mutants.log,canonical_included,9acb4e079254784a5d2285e6e9eda9c7baf21ba1ee75484d42d77479d3ff6d58,20171,Major 3.0.1 kill-map export on Defects4J 3.0.1 fixed revision
Math,48,trigger_tests.txt,canonical_maps/Math-48/trigger_tests.txt,canonical_included,7338ff6ac01bf119fa00bfed9d0ebb22a95a06ace9f695a98a58bd27b5b15d48,4486,Major 3.0.1 kill-map export on Defects4J 3.0.1 fixed revision
JxPath,20,testMap.csv,canonical_maps/JxPath-20/testMap.csv,canonical_included,01ef4a0f0923ef2e76ef7682fd91591a944d404269187b3f2c3afa26390b8a32,12630,Major 3.0.1 kill-map export on Defects4J 3.0.1 fixed revision
JxPath,20,covMap.csv,canonical_maps/JxPath-20/covMap.csv,canonical_included,25cad99d8ddc2eb95e77f4d32379a71f4340fe4f8d9ab16fc65211d4e190160e,2072,Major 3.0.1 kill-map export on Defects4J 3.0.1 fixed revision
JxPath,20,killMap.csv,canonical_maps/JxPath-20/killMap.csv,canonical_included,623d1c820d887907ba250050febb2cf29814967a6f1687928e66d062657e5e25,2084,Major 3.0.1 kill-map export on Defects4J 3.0.1 fixed revision
JxPath,20,mutants.log,canonical_maps/JxPath-20/mutants.log,canonical_included,786c73d5b0e3208f26b9d45d1ba157d0a65aa0db2ac5e11c78bf94d99e256c10,8934,Major 3.0.1 kill-map export on Defects4J 3.0.1 fixed revision
JxPath,20,trigger_tests.txt,canonical_maps/JxPath-20/trigger_tests.txt,canonical_included,14495d964d2d413d2c74bf299d3f7fa2cf16ec0afea567b9faa4d3737f80dd9b,2966,Major 3.0.1 kill-map export on Defects4J 3.0.1 fixed revision
Math,42,testMap.csv,canonical_maps/Math-42/testMap.csv,canonical_included,d8d2fb81ff4b5652a0436feaaabe691e72220e852f63451399ca3ad853d02466,2444,Major 3.0.1 kill-map export on Defects4J 3.0.1 fixed revision
Math,42,covMap.csv,canonical_maps/Math-42/covMap.csv,canonical_included,58c0835335455d548c4b78f2e140726e1ee670309c85609cbc305e16150c29a0,57221,Major 3.0.1 kill-map export on Defects4J 3.0.1 fixed revision
Math,42,killMap.csv,canonical_maps/Math-42/killMap.csv,canonical_included,388781b25c23511f5f1247407bad07abbf43018b22513d4bc9eb37160698335d,54042,Major 3.0.1 kill-map export on Defects4J 3.0.1 fixed revision
Math,42,mutants.log,canonical_maps/Math-42/mutants.log,canonical_included,15e21ab719a8a7ecdac965c2e8c03abee95d65b0914a9d43c388cc1905396660,107221,Major 3.0.1 kill-map export on Defects4J 3.0.1 fixed revision
Math,42,trigger_tests.txt,canonical_maps/Math-42/trigger_tests.txt,canonical_included,07da60035600173dd82405b2ed65bf91c51447e302bf5194b44c21401df765b9,3346,Major 3.0.1 kill-map export on Defects4J 3.0.1 fixed revision
Math,96,testMap.csv,canonical_maps/Math-96/testMap.csv,canonical_included,f669ca171f3a6a8dff97e3cefab094f7fc5403a2d95dc7c03354464ceab22fb9,12509,Major 3.0.1 kill-map export on Defects4J 3.0.1 fixed revision
Math,96,covMap.csv,canonical_maps/Math-96/covMap.csv,canonical_included,f6c37f7dd03977c261c62cff7bff68c6e0c4e19fe8f130133a7c1d6f5faae794,46232,Major 3.0.1 kill-map export on Defects4J 3.0.1 fixed revision
Math,96,killMap.csv,canonical_maps/Math-96/killMap.csv,canonical_included,4d98f913cc3ba55c21c49986be0c7b16a50a6b6a3e2f9feb7df16be2db65f1f8,30241,Major 3.0.1 kill-map export on Defects4J 3.0.1 fixed revision
Math,96,mutants.log,canonical_maps/Math-96/mutants.log,canonical_included,84a28fa352929ad2df57dd603f641135308d3e72e300e8fa25910600c71fc104,76730,Major 3.0.1 kill-map export on Defects4J 3.0.1 fixed revision
Math,96,trigger_tests.txt,canonical_maps/Math-96/trigger_tests.txt,canonical_included,065b75b523574f5ef83468deb9e8cb5b2ed2cba87a41aed33d1ce3b8a8198082,2935,Major 3.0.1 kill-map export on Defects4J 3.0.1 fixed revision
Lang,50,testMap.csv,canonical_maps/Lang-50/testMap.csv,canonical_included,7c6cec6d4e2b5c18f1597995abfa2fe08cd967bf3fc7f32ccaabede9dc396c6c,2696,Major 3.0.1 kill-map export on Defects4J 3.0.1 fixed revision
Lang,50,covMap.csv,canonical_maps/Lang-50/covMap.csv,canonical_included,2c7e5fd50c7e0ffbc166184ddad97d7d3816c57082bf071bb912aab8db51f09a,42543,Major 3.0.1 kill-map export on Defects4J 3.0.1 fixed revision
Lang,50,killMap.csv,canonical_maps/Lang-50/killMap.csv,canonical_included,6fd37cd216696b67104994e5475a6a1a38dd87832c3ba4cdf871216c858ff8a9,36057,Major 3.0.1 kill-map export on Defects4J 3.0.1 fixed revision
Lang,50,mutants.log,canonical_maps/Lang-50/mutants.log,canonical_included,4f0d47632161011f20d607e844c68f82daa1d94a661dae1c87d479c1f1f0f7c8,134009,Major 3.0.1 kill-map export on Defects4J 3.0.1 fixed revision
Lang,50,trigger_tests.txt,canonical_maps/Lang-50/trigger_tests.txt,canonical_included,a7427ef1c3a581a3e6b37eddc2f702186df6fe46fc31fc8f7f28af728b591653,5842,Major 3.0.1 kill-map export on Defects4J 3.0.1 fixed revision
Collections,17,testMap.csv,canonical_maps/Collections-17/testMap.csv,canonical_included,aa4e78618c3b26356c998166e49b393437b918d1d07a4c8e67c58c68a14745b3,15294,Major 3.0.1 kill-map export on Defects4J 3.0.1 fixed revision
Collections,17,covMap.csv,canonical_maps/Collections-17/covMap.csv,canonical_included,de9cfabeff909e798cfe5c948c69f1a1157c28f6def0420d12d3c54e80cffc1f,132,Major 3.0.1 kill-map export on Defects4J 3.0.1 fixed revision
Collections,17,killMap.csv,canonical_maps/Collections-17/killMap.csv,canonical_included,165f909119d5cf933b6021b64ab4dcc223ea5bc883044b9d7d0e1eb90d3b8742,135,Major 3.0.1 kill-map export on Defects4J 3.0.1 fixed revision
Collections,17,mutants.log,canonical_maps/Collections-17/mutants.log,canonical_included,6471b61c660de91e05899ad062ebceeb224b998550ac371ec2a49b3ce962fb99,621,Major 3.0.1 kill-map export on Defects4J 3.0.1 fixed revision
Collections,17,trigger_tests.txt,canonical_maps/Collections-17/trigger_tests.txt,canonical_included,5775bfd70565ae44eb5094f5cb4a3c73191f73533f8277e1f1fad6a6407fac66,3590,Major 3.0.1 kill-map export on Defects4J 3.0.1 fixed revision
Lang,22,testMap.csv,canonical_maps/Lang-22/testMap.csv,canonical_included,84843444d2a09259b0639b8b4970e8dad601f7871bf5c6c6d2d3fa37dd6c4bfb,1633,Major 3.0.1 kill-map export on Defects4J 3.0.1 fixed revision
Lang,22,covMap.csv,canonical_maps/Lang-22/covMap.csv,canonical_included,61a8dad8b4c2d2ca103a6f6417c11323845496289a33bc7f342b342830bc2242,28072,Major 3.0.1 kill-map export on Defects4J 3.0.1 fixed revision
Lang,22,killMap.csv,canonical_maps/Lang-22/killMap.csv,canonical_included,9e9a1a2c5714760042ffdbc6f565e3c4f386eafeb0112800b65202e4eb500835,23406,Major 3.0.1 kill-map export on Defects4J 3.0.1 fixed revision
Lang,22,mutants.log,canonical_maps/Lang-22/mutants.log,canonical_included,574b164fe564bfcf84892dc464feaa4bcdced0705378605650613f17b8ed28e1,123489,Major 3.0.1 kill-map export on Defects4J 3.0.1 fixed revision
Lang,22,trigger_tests.txt,canonical_maps/Lang-22/trigger_tests.txt,canonical_included,6a163cca857f2455ea92553cea42dfc5f9b429284e3fd4d70715025a17f2a170,5864,Major 3.0.1 kill-map export on Defects4J 3.0.1 fixed revision
JacksonXml,4,testMap.csv,canonical_maps/JacksonXml-4/testMap.csv,canonical_included,0b77ad6f2d4c71652793ee08438f8c0130c41a47cc3adc1b302e4deec0da2385,12158,Major 3.0.1 kill-map export on Defects4J 3.0.1 fixed revision
JacksonXml,4,covMap.csv,canonical_maps/JacksonXml-4/covMap.csv,canonical_included,f294f8dce44d83f1c1d9e2c83e37598755ba52e5d2cd5882cfaa20da7b8b34d1,10928,Major 3.0.1 kill-map export on Defects4J 3.0.1 fixed revision
JacksonXml,4,killMap.csv,canonical_maps/JacksonXml-4/killMap.csv,canonical_included,41c6c1cdb5052f7c8eb898cd4943d817e8aace75e7eb58e97a5de33b6aa6a5a7,6101,Major 3.0.1 kill-map export on Defects4J 3.0.1 fixed revision
JacksonXml,4,mutants.log,canonical_maps/JacksonXml-4/mutants.log,canonical_included,7c5ee2b120c71ac2a82e18d383f26940d5feeed71d426d1472dd30dd9dad66fa,20961,Major 3.0.1 kill-map export on Defects4J 3.0.1 fixed revision
JacksonXml,4,trigger_tests.txt,canonical_maps/JacksonXml-4/trigger_tests.txt,canonical_included,4c17072e3bef3992c7a8a12d637ffd490e452e440d12d458cd3458e50f28aba1,2788,Major 3.0.1 kill-map export on Defects4J 3.0.1 fixed revision
Jsoup,45,testMap.csv,canonical_maps/Jsoup-45/testMap.csv,canonical_included,3d3e938b5defd4ec5a50db5eb3f34b0e0af610213a114d5bb358cbaba76440b3,23733,Major 3.0.1 kill-map export on Defects4J 3.0.1 fixed revision
Jsoup,45,covMap.csv,canonical_maps/Jsoup-45/covMap.csv,canonical_included,313a04eb74c7335865817c5bb5452f46c591a3a2f7c6876b45b32c8ee55b0acc,339171,Major 3.0.1 kill-map export on Defects4J 3.0.1 fixed revision
Jsoup,45,killMap.csv,canonical_maps/Jsoup-45/killMap.csv,canonical_included,c3a1e99654f8c28fbd3436a91467ebbd21088d08e1edfb5124c9c1f41e1a1703,256520,Major 3.0.1 kill-map export on Defects4J 3.0.1 fixed revision
Jsoup,45,mutants.log,canonical_maps/Jsoup-45/mutants.log,canonical_included,82c14f6800dcd3f226f6bc6c3f06692d9501f4645ae436483ff18aa9f5b9284f,80949,Major 3.0.1 kill-map export on Defects4J 3.0.1 fixed revision
Jsoup,45,trigger_tests.txt,canonical_maps/Jsoup-45/trigger_tests.txt,canonical_included,8c8da593049d8b99506149eaf169a0181141c9bbaaa4e9fdddaa9b0f7b3d1923,3423,Major 3.0.1 kill-map export on Defects4J 3.0.1 fixed revision
Jsoup,1,testMap.csv,canonical_maps/Jsoup-1/testMap.csv,canonical_included,b9d2abdbb69f6f57510bee001dd739574a660641780f9ec548c70691d84869f3,6792,Major 3.0.1 kill-map export on Defects4J 3.0.1 fixed revision
Jsoup,1,covMap.csv,canonical_maps/Jsoup-1/covMap.csv,canonical_included,cf5722b1c42520d19ace8bf5dbd534bc94654d8cc356b57ef1144964e83ab360,5866,Major 3.0.1 kill-map export on Defects4J 3.0.1 fixed revision
Jsoup,1,killMap.csv,canonical_maps/Jsoup-1/killMap.csv,canonical_included,2f03bd95abfa14bda557b45d7a4ded9d4014d329fb389dfdbb870f8f01772008,581,Major 3.0.1 kill-map export on Defects4J 3.0.1 fixed revision
Jsoup,1,mutants.log,canonical_maps/Jsoup-1/mutants.log,canonical_included,4b76f8cb3f37992c66e9c522fe30b9df325a94804d40aa68b6af080a2f6d7634,3191,Major 3.0.1 kill-map export on Defects4J 3.0.1 fixed revision
Jsoup,1,trigger_tests.txt,canonical_maps/Jsoup-1/trigger_tests.txt,canonical_included,fd15fca307ca12286140abff45ea53304a9067e8da9839615dc888bc7923a9fc,3294,Major 3.0.1 kill-map export on Defects4J 3.0.1 fixed revision
Closure,163,testMap.csv,canonical_maps/Closure-163/testMap.csv,canonical_included,b6e53efa52e4ccb0255e105d392f83c44aa1e577fb876debaaf47b4df74d959e,34006,Major 3.0.1 kill-map export on Defects4J 3.0.1 fixed revision
Closure,163,covMap.csv,canonical_maps/Closure-163/covMap.csv,canonical_included,c468870fda8f8d14dd72066f6b7801e3afd0d8a42c5d61170d8969c222afe651,112273,Major 3.0.1 kill-map export on Defects4J 3.0.1 fixed revision
Closure,163,killMap.csv,canonical_maps/Closure-163/killMap.csv,canonical_included,1debc60c7313fc9816ce1619c811e2e74d844af0009697032425cda4ea36cd43,61572,Major 3.0.1 kill-map export on Defects4J 3.0.1 fixed revision
Closure,163,mutants.log,canonical_maps/Closure-163/mutants.log,canonical_included,040a06abe0b35f01233a78c8e5c36d5cbb2c3781130c38455871231d4bef9cce,87465,Major 3.0.1 kill-map export on Defects4J 3.0.1 fixed revision
Closure,163,trigger_tests.txt,canonical_maps/Closure-163/trigger_tests.txt,canonical_included,3aa77e113e3a4f8770f4ef95387303abaab66c608732f033ab9ad6a48707cb84,57466,Major 3.0.1 kill-map export on Defects4J 3.0.1 fixed revision
Closure,46,testMap.csv,canonical_maps/Closure-46/testMap.csv,canonical_included,966e6b070c6693ea08af16403223593c07764ca53733d5365dc0d3fcbcb7075c,156171,Major 3.0.1 kill-map export on Defects4J 3.0.1 fixed revision
Closure,46,covMap.csv,canonical_maps/Closure-46/covMap.csv,canonical_included,839cd17a56e8c1654f85299864de88c5281ea77d4d980b7968936613dd643423,21909,Major 3.0.1 kill-map export on Defects4J 3.0.1 fixed revision
Closure,46,killMap.csv,canonical_maps/Closure-46/killMap.csv,canonical_included,d48fd8ca08b6ec87ba39b99c4799267aec749429dcd6fd1eb2d3a822c70b6289,6795,Major 3.0.1 kill-map export on Defects4J 3.0.1 fixed revision
Closure,46,mutants.log,canonical_maps/Closure-46/mutants.log,canonical_included,8302397af3b55b70e787a7969f02bfeba5cbbcab5bade595ff84619a74ecff74,21326,Major 3.0.1 kill-map export on Defects4J 3.0.1 fixed revision
Closure,46,trigger_tests.txt,canonical_maps/Closure-46/trigger_tests.txt,canonical_included,0132ab93f2b0b9ad24dd02f8f66a8c2ea577d0a675845431df039a76f87cfc78,8974,Major 3.0.1 kill-map export on Defects4J 3.0.1 fixed revision
Closure,126,testMap.csv,canonical_maps/Closure-126/testMap.csv,canonical_included,457edd7806dfb2a608d91b11e2bfa53b38dd4b0181a0eb059374ff2892412766,24630,Major 3.0.1 kill-map export on Defects4J 3.0.1 fixed revision
Closure,126,covMap.csv,canonical_maps/Closure-126/covMap.csv,canonical_included,3dee46887303b4d9e64962baca9f3badf638b900000dcb2506fe347ab22945a7,16415,Major 3.0.1 kill-map export on Defects4J 3.0.1 fixed revision
Closure,126,killMap.csv,canonical_maps/Closure-126/killMap.csv,canonical_included,9116e95c72552be624b2e7bce93213174d9fa815ef672da191315040925a3ffe,10130,Major 3.0.1 kill-map export on Defects4J 3.0.1 fixed revision
Closure,126,mutants.log,canonical_maps/Closure-126/mutants.log,canonical_included,e87e3d3add50924815d4cb8f8f2d467c53fd71aef3ce430ba68d2d4f5ae8ea51,20404,Major 3.0.1 kill-map export on Defects4J 3.0.1 fixed revision
Closure,126,trigger_tests.txt,canonical_maps/Closure-126/trigger_tests.txt,canonical_included,3c53f7ec400ad66712d7d3f23651af701922019e5fde1aeff6d513aabae5b2f8,10870,Major 3.0.1 kill-map export on Defects4J 3.0.1 fixed revision
Chart,1,testMap.csv,canonical_maps/Chart-1/testMap.csv,canonical_included,60b1f978000ce90fa4e1bfdc0fe6842831c47d65fc7fc0789a7af67f9f36d188,34695,Major 3.0.1 kill-map export on Defects4J 3.0.1 fixed revision
Chart,1,covMap.csv,canonical_maps/Chart-1/covMap.csv,canonical_included,6b25100fd130efaeb76176e6501e2ee40bd91887f206da681777ba07e1bdb2be,55707,Major 3.0.1 kill-map export on Defects4J 3.0.1 fixed revision
Chart,1,killMap.csv,canonical_maps/Chart-1/killMap.csv,canonical_included,364bfa50e77a2ac51f578c95738b234ca6ba4b20f2f591a1cf54d903cb4ed73b,27107,Major 3.0.1 kill-map export on Defects4J 3.0.1 fixed revision
Chart,1,mutants.log,canonical_maps/Chart-1/mutants.log,canonical_included,5f21028ababcaca64bff17862852b8949a456325db5ebb933d68443820adee7c,119410,Major 3.0.1 kill-map export on Defects4J 3.0.1 fixed revision
Chart,1,trigger_tests.txt,canonical_maps/Chart-1/trigger_tests.txt,canonical_included,a994b45bae8f47d2e6ccd35a55685967b1f980e34bdeafa80f974dbd4ccc6422,2981,Major 3.0.1 kill-map export on Defects4J 3.0.1 fixed revision
Chart,8,testMap.csv,canonical_maps/Chart-8/testMap.csv,canonical_included,cf45e96e24354cc0ab63d67b991b87e28f476a676a1bcf7307ffef43ab84da58,1430,Major 3.0.1 kill-map export on Defects4J 3.0.1 fixed revision
Chart,8,covMap.csv,canonical_maps/Chart-8/covMap.csv,canonical_included,6aa85913713d46e35c340186226c232fe9b2ba89f31321f5f7f20a79e7b20a29,9444,Major 3.0.1 kill-map export on Defects4J 3.0.1 fixed revision
Chart,8,killMap.csv,canonical_maps/Chart-8/killMap.csv,canonical_included,e93f6642b04ae5213e23f91079ba6e2f5711c0f9adcc8d3f2fe86be19c56bd86,3316,Major 3.0.1 kill-map export on Defects4J 3.0.1 fixed revision
Chart,8,mutants.log,canonical_maps/Chart-8/mutants.log,canonical_included,7df57b2b5d1b8b4de1141e1a8f77760b5d33d7fe46625c614be7c68d38bcb44e,38291,Major 3.0.1 kill-map export on Defects4J 3.0.1 fixed revision
Chart,8,trigger_tests.txt,canonical_maps/Chart-8/trigger_tests.txt,canonical_included,943413acdf03602fab37d156759c0e443e7f5dbd9a775962477ef1542158022f,2891,Major 3.0.1 kill-map export on Defects4J 3.0.1 fixed revision
Compress,3,testMap.csv,canonical_maps/Compress-3/testMap.csv,canonical_included,4a9b649b41bbcf96902d7354c83417ae1a4d6cc4b17261e2535b18e13ed368bd,6696,Major 3.0.1 kill-map export on Defects4J 3.0.1 fixed revision
Compress,3,covMap.csv,canonical_maps/Compress-3/covMap.csv,canonical_included,13f1f7713914591f10ca8da1074b2b7a7142ca3d29337016ae562782ca5e78e4,3684,Major 3.0.1 kill-map export on Defects4J 3.0.1 fixed revision
Compress,3,killMap.csv,canonical_maps/Compress-3/killMap.csv,canonical_included,189dfd4ce86fa968b8a397c15aede909013c1a601a19baa1007d41365e845de6,1955,Major 3.0.1 kill-map export on Defects4J 3.0.1 fixed revision
Compress,3,mutants.log,canonical_maps/Compress-3/mutants.log,canonical_included,82513c51b9d4e87dda845a85e578a804e5c485fd436f2b0166dd325d860417ed,23119,Major 3.0.1 kill-map export on Defects4J 3.0.1 fixed revision
Compress,3,trigger_tests.txt,canonical_maps/Compress-3/trigger_tests.txt,canonical_included,987c28f7d3a8cdebd1645a7ebf799a8e2baf9308afbc8348fc3efbdc5871c5f7,2727,Major 3.0.1 kill-map export on Defects4J 3.0.1 fixed revision
Closure,5,testMap.csv,canonical_maps/Closure-5/testMap.csv,canonical_included,088943cd224749ca52aeffbe340a9200c2bf635de324bde1d2b93221acff28e3,24112,Major 3.0.1 kill-map export on Defects4J 3.0.1 fixed revision
Closure,5,covMap.csv,canonical_maps/Closure-5/covMap.csv,canonical_included,fefd3c5a5c7b5e046d631b4946b7487a5e229511cce0f6d38df2269a215696e8,36651,Major 3.0.1 kill-map export on Defects4J 3.0.1 fixed revision
Closure,5,killMap.csv,canonical_maps/Closure-5/killMap.csv,canonical_included,bf8001f8389a090da3bf850fe5eeb29a04421b4c9e8b6588d25c0b04f54f0b7d,15595,Major 3.0.1 kill-map export on Defects4J 3.0.1 fixed revision
Closure,5,mutants.log,canonical_maps/Closure-5/mutants.log,canonical_included,09e79969f2c2569989307f53aaace2dcbaa069d2ac44a14ec24c7de953378f99,54442,Major 3.0.1 kill-map export on Defects4J 3.0.1 fixed revision
Closure,5,trigger_tests.txt,canonical_maps/Closure-5/trigger_tests.txt,canonical_included,b7f76109a51077d12d8581db36a0793ac961073e904cbf814ab076fb25989ab6,5937,Major 3.0.1 kill-map export on Defects4J 3.0.1 fixed revision
Compress,13,testMap.csv,canonical_maps/Compress-13/testMap.csv,canonical_included,dea5bc278b263f364b602d646c4b24a0552be11469c579e151fe641f699a2c3a,8842,Major 3.0.1 kill-map export on Defects4J 3.0.1 fixed revision
Compress,13,covMap.csv,canonical_maps/Compress-13/covMap.csv,canonical_included,5418c4c30097d40b9a7e1f0c387b90ccd95865dfa39bd7d67e4bee821d5db6ad,35683,Major 3.0.1 kill-map export on Defects4J 3.0.1 fixed revision
Compress,13,killMap.csv,canonical_maps/Compress-13/killMap.csv,canonical_included,e1475f6d764f4b15c2d52af18c2eca0f2f829e3e4e81617ba4820dfd7410f305,13647,Major 3.0.1 kill-map export on Defects4J 3.0.1 fixed revision
Compress,13,mutants.log,canonical_maps/Compress-13/mutants.log,canonical_included,34d8a76d365e85098b17e19055572a52517900b6b110966602ca2c54847554bb,63686,Major 3.0.1 kill-map export on Defects4J 3.0.1 fixed revision
Compress,13,trigger_tests.txt,canonical_maps/Compress-13/trigger_tests.txt,canonical_included,2e4e5a4779eb4a9129fea074ea7d262d20b68a8408dde1835ca49d5caf6c3026,6260,Major 3.0.1 kill-map export on Defects4J 3.0.1 fixed revision
Collections,14,testMap.csv,canonical_maps/Collections-14/testMap.csv,canonical_included,716a142e3d09e5f45cb2e9fef61b1ccb4e4767269078eafaab2b37d943549bd6,3826,Major 3.0.1 kill-map export on Defects4J 3.0.1 fixed revision
Collections,14,covMap.csv,canonical_maps/Collections-14/covMap.csv,canonical_included,f53d6789f265b4e8c00cb5a59e16f5f04a2a9be8573d07df4307d64d018c83ea,2399,Major 3.0.1 kill-map export on Defects4J 3.0.1 fixed revision
Collections,14,killMap.csv,canonical_maps/Collections-14/killMap.csv,canonical_included,0935148d6d41c443ef1f49a828dc76ac1e60e91d8b99e6dea2ac2bd0a2127354,2720,Major 3.0.1 kill-map export on Defects4J 3.0.1 fixed revision
Collections,14,mutants.log,canonical_maps/Collections-14/mutants.log,canonical_included,4d678e67a32d99b3cf10aa4a705deedd10c17f80077271df7d5c17251c34b03a,2546,Major 3.0.1 kill-map export on Defects4J 3.0.1 fixed revision
Collections,14,trigger_tests.txt,canonical_maps/Collections-14/trigger_tests.txt,canonical_included,a7f23c01b1b7041ec5e9a7579fc69b5ec57a1bc258834f6ac570770cd7bc203f,2859,Major 3.0.1 kill-map export on Defects4J 3.0.1 fixed revision
Time,27,testMap.csv,canonical_maps/Time-27/testMap.csv,canonical_included,b486c38afe42fbb96f29dbae1b364c7fc4dfd2f2e0d0258396b8fcb13a6ee27c,50402,Major 3.0.1 kill-map export on Defects4J 3.0.1 fixed revision
Time,27,covMap.csv,canonical_maps/Time-27/covMap.csv,canonical_included,51267589215a735f379e3e36e1197bf425d92931f7b6a378e58b2b53d6ac2dce,723281,Major 3.0.1 kill-map export on Defects4J 3.0.1 fixed revision
Time,27,killMap.csv,canonical_maps/Time-27/killMap.csv,canonical_included,3c621aff7bfe4c0269b53d8297407872dfc3dfb9f41dff37928dcee7fc44381e,428638,Major 3.0.1 kill-map export on Defects4J 3.0.1 fixed revision
Time,27,mutants.log,canonical_maps/Time-27/mutants.log,canonical_included,f2804e70f1c76def88be164ae00947e0e829796dcefe2c9c187530379e830187,265295,Major 3.0.1 kill-map export on Defects4J 3.0.1 fixed revision
Time,27,trigger_tests.txt,canonical_maps/Time-27/trigger_tests.txt,canonical_included,494907d366d103c939aa1157ab92ccef8ebd3196f38f45682a2c2bb68c4667b2,2791,Major 3.0.1 kill-map export on Defects4J 3.0.1 fixed revision
JxPath,16,testMap.csv,canonical_maps/JxPath-16/testMap.csv,canonical_included,43f2456a54c3c7ab9ec6fa59e51a40d60bce4df13a57fc15fdf0e960f59dcea1,29976,Major 3.0.1 kill-map export on Defects4J 3.0.1 fixed revision
JxPath,16,covMap.csv,canonical_maps/JxPath-16/covMap.csv,canonical_included,638c4828de5a963a1f04903bef2e28406d75757e51581776b8ce0252355bdfb5,76023,Major 3.0.1 kill-map export on Defects4J 3.0.1 fixed revision
JxPath,16,killMap.csv,canonical_maps/JxPath-16/killMap.csv,canonical_included,e83685be80449b9e4b0ae0e4632e5de8a37ef9981d7d3e3b682a265b1204bcbe,58343,Major 3.0.1 kill-map export on Defects4J 3.0.1 fixed revision
JxPath,16,mutants.log,canonical_maps/JxPath-16/mutants.log,canonical_included,39b4c93aee3a7f2a9a2319012ccf26691c5f021e4a8a4ff0cf2e885064a6055a,170829,Major 3.0.1 kill-map export on Defects4J 3.0.1 fixed revision
JxPath,16,trigger_tests.txt,canonical_maps/JxPath-16/trigger_tests.txt,canonical_included,ef9ad08402784a83d3f0cdad645d1110da423608fad7d3ffc89467b3161520c5,11720,Major 3.0.1 kill-map export on Defects4J 3.0.1 fixed revision
Math,78,testMap.csv,canonical_maps/Math-78/testMap.csv,canonical_included,567741211ca9e8252632373f749ba5ed52aa90b0cd4a7d0f3ef44bc5c50f5f28,10294,Major 3.0.1 kill-map export on Defects4J 3.0.1 fixed revision
Math,78,covMap.csv,canonical_maps/Math-78/covMap.csv,canonical_included,c2f8e8451eaecf39645748858e30d0d7dac11e3ea1cf7c2bfeeca0f36ffaf806,87103,Major 3.0.1 kill-map export on Defects4J 3.0.1 fixed revision
Math,78,killMap.csv,canonical_maps/Math-78/killMap.csv,canonical_included,d1dd763e1560350b559b706712a3e65cdee725dd67d6917e1f39912f4081d05a,42118,Major 3.0.1 kill-map export on Defects4J 3.0.1 fixed revision
Math,78,mutants.log,canonical_maps/Math-78/mutants.log,canonical_included,d1c8518ee0e27fe39766c30c73df44c730e12eaff81dc5f88707bec5c4353fff,43457,Major 3.0.1 kill-map export on Defects4J 3.0.1 fixed revision
Math,78,trigger_tests.txt,canonical_maps/Math-78/trigger_tests.txt,canonical_included,7d054e8ec1459e3ca29d808736c76ef169766af4780f5c58e8d6e5c9b08aba39,3555,Major 3.0.1 kill-map export on Defects4J 3.0.1 fixed revision
Math,29,testMap.csv,canonical_maps/Math-29/testMap.csv,canonical_included,b12e4ab85400fb0f1564b2e78f26f3bd7ce16ed2d0176635f08615c33ae19ff4,6666,Major 3.0.1 kill-map export on Defects4J 3.0.1 fixed revision
Math,29,covMap.csv,canonical_maps/Math-29/covMap.csv,canonical_included,5470d7aed4b4566926ce01717849d260652564c9e3bfcd3526dd82ff1eb40564,10996,Major 3.0.1 kill-map export on Defects4J 3.0.1 fixed revision
Math,29,killMap.csv,canonical_maps/Math-29/killMap.csv,canonical_included,3beab218a24923a1975b0f639b23f033cb6a67f8fc126e6a22da43c13f215e0f,8592,Major 3.0.1 kill-map export on Defects4J 3.0.1 fixed revision
Math,29,mutants.log,canonical_maps/Math-29/mutants.log,canonical_included,d5c673f341a40f2b4cef3e4e6040c2a44b81625df747fa5c79c8b325c473d100,65644,Major 3.0.1 kill-map export on Defects4J 3.0.1 fixed revision
Math,29,trigger_tests.txt,canonical_maps/Math-29/trigger_tests.txt,canonical_included,7dfadc3d4b336bd37566ecf0fd64fdf67be8e14c5323fe11eaa26709d6bc3302,10562,Major 3.0.1 kill-map export on Defects4J 3.0.1 fixed revision
Compress,34,testMap.csv,canonical_maps/Compress-34/testMap.csv,canonical_included,25e5e1eb695b6abf5f64e4ae3eeff613840ec9c041d7e089ee76c96dd2bf1820,14458,Major 3.0.1 kill-map export on Defects4J 3.0.1 fixed revision
Compress,34,covMap.csv,canonical_maps/Compress-34/covMap.csv,canonical_included,c2a5de1df807b065f554187a115443513939cd6fcc4dfe48c30a0dd7143bc3a6,12063,Major 3.0.1 kill-map export on Defects4J 3.0.1 fixed revision
Compress,34,killMap.csv,canonical_maps/Compress-34/killMap.csv,canonical_included,3011f6349c61af51b8682ff7c85c6883c77136e12f0952687a3a5c7ecb8b42c5,6160,Major 3.0.1 kill-map export on Defects4J 3.0.1 fixed revision
Compress,34,mutants.log,canonical_maps/Compress-34/mutants.log,canonical_included,fabf8bf8be3b4dd91d6a83f1a3367614810a5cafded2cc1592ac01bf4e453e40,17883,Major 3.0.1 kill-map export on Defects4J 3.0.1 fixed revision
Compress,34,trigger_tests.txt,canonical_maps/Compress-34/trigger_tests.txt,canonical_included,e82ab2df4829e17e457fb40358374352fbc4ff1fa6629bcf81d4907f1886b4de,3643,Major 3.0.1 kill-map export on Defects4J 3.0.1 fixed revision
Compress,41,testMap.csv,canonical_maps/Compress-41/testMap.csv,canonical_included,b0098f791e4c28decb1a8eb2581d1a5aee5de0f328116d1c5992e19cab221f37,31596,Major 3.0.1 kill-map export on Defects4J 3.0.1 fixed revision
Compress,41,covMap.csv,canonical_maps/Compress-41/covMap.csv,canonical_included,547840d4c2b03143517707bc9a235872f65e0c21e260f00240c28446b0973d26,128746,Major 3.0.1 kill-map export on Defects4J 3.0.1 fixed revision
Compress,41,killMap.csv,canonical_maps/Compress-41/killMap.csv,canonical_included,fb554fe06df09629b0bcfcfea20c08fbae36fe59ba28e546bf3ad1bfbda8fe8a,69696,Major 3.0.1 kill-map export on Defects4J 3.0.1 fixed revision
Compress,41,mutants.log,canonical_maps/Compress-41/mutants.log,canonical_included,68d43f73af3dbee67d491839bf87bc9cbfc32b1b894ff6fccaae7c911d32eb77,172777,Major 3.0.1 kill-map export on Defects4J 3.0.1 fixed revision
Compress,41,trigger_tests.txt,canonical_maps/Compress-41/trigger_tests.txt,canonical_included,ed573e0f9036cad0966b6ffc45c9f83725c52989b033746dec5cac5636c65964,6911,Major 3.0.1 kill-map export on Defects4J 3.0.1 fixed revision
Closure,127,testMap.csv,canonical_maps/Closure-127/testMap.csv,canonical_included,ccdfb83acddf46fec647e9f3df093207a49a95f43b5e2123e2c6a81e8bc627d9,26405,Major 3.0.1 kill-map export on Defects4J 3.0.1 fixed revision
Closure,127,covMap.csv,canonical_maps/Closure-127/covMap.csv,canonical_included,f84d6302f0026f3c4c6c34e2a32f33e3f05405d8de623f3df631fdc58724f306,41617,Major 3.0.1 kill-map export on Defects4J 3.0.1 fixed revision
Closure,127,killMap.csv,canonical_maps/Closure-127/killMap.csv,canonical_included,3931f4e20213bc4914bdd2d63bcf8f5e1f842f5dfab9f2396e28c267e3d44582,19143,Major 3.0.1 kill-map export on Defects4J 3.0.1 fixed revision
Closure,127,mutants.log,canonical_maps/Closure-127/mutants.log,canonical_included,dd982bee05d050d843d8d206a4459bad36f1544eefc82a6f8dae7a0525db5dfa,27827,Major 3.0.1 kill-map export on Defects4J 3.0.1 fixed revision
Closure,127,trigger_tests.txt,canonical_maps/Closure-127/trigger_tests.txt,canonical_included,316fceeaf0264359819de6e8018f8df179216c7606ce0b8357e15c1a12816236,47465,Major 3.0.1 kill-map export on Defects4J 3.0.1 fixed revision
Jsoup,22,testMap.csv,canonical_maps/Jsoup-22/testMap.csv,canonical_included,78c8bd4126a920499e0e4511d7d60ddf75485de45a0dd8c024c61b58f2ef6741,16236,Major 3.0.1 kill-map export on Defects4J 3.0.1 fixed revision
Jsoup,22,covMap.csv,canonical_maps/Jsoup-22/covMap.csv,canonical_included,cf6fb12ffd355455eee7226400f2ec7b9e9a03012b9023886254a8d806d49308,182699,Major 3.0.1 kill-map export on Defects4J 3.0.1 fixed revision
Jsoup,22,killMap.csv,canonical_maps/Jsoup-22/killMap.csv,canonical_included,3cb407d2f1f8b48ab1e934283cb414c53218583b38c4c55d11a00480e6018b86,159243,Major 3.0.1 kill-map export on Defects4J 3.0.1 fixed revision
Jsoup,22,mutants.log,canonical_maps/Jsoup-22/mutants.log,canonical_included,a34d673554a6e33d3dffb1f233bd432e6d1bf7386c4f8815d6cb9cf99245cb04,77782,Major 3.0.1 kill-map export on Defects4J 3.0.1 fixed revision
Jsoup,22,trigger_tests.txt,canonical_maps/Jsoup-22/trigger_tests.txt,canonical_included,6d43380135f05ca127f5fd1d869dda436079f90c1669212528463b06c7fc878e,10002,Major 3.0.1 kill-map export on Defects4J 3.0.1 fixed revision
Closure,28,testMap.csv,canonical_maps/Closure-28/testMap.csv,canonical_included,f5d0111e6de493f182e9923b3d3fa61f789c2a9bde3e218f6f7f53935aae4752,54915,Major 3.0.1 kill-map export on Defects4J 3.0.1 fixed revision
Closure,28,covMap.csv,canonical_maps/Closure-28/covMap.csv,canonical_included,8ab13423cccc7bc8a0992ed6e9fec24c08785aad30185badad7b1525ae4a96b6,11082,Major 3.0.1 kill-map export on Defects4J 3.0.1 fixed revision
Closure,28,killMap.csv,canonical_maps/Closure-28/killMap.csv,canonical_included,5b1f16933f13942559021b474a6073f507b531f083904bcf54fb3b29fe36a720,6759,Major 3.0.1 kill-map export on Defects4J 3.0.1 fixed revision
Closure,28,mutants.log,canonical_maps/Closure-28/mutants.log,canonical_included,eafadf1b385db57e8f5bee5d59f40d0806b7b8bb6fd2b78e31dea4322566dac8,3215,Major 3.0.1 kill-map export on Defects4J 3.0.1 fixed revision
Closure,28,trigger_tests.txt,canonical_maps/Closure-28/trigger_tests.txt,canonical_included,b46c965edb22da5127a0d6377137b05515a22a112af3281e18e409ee5f0f8f91,60461,Major 3.0.1 kill-map export on Defects4J 3.0.1 fixed revision
Jsoup,28,testMap.csv,canonical_maps/Jsoup-28/testMap.csv,canonical_included,3d3da2284dccae95ffdd2f98013cfa75f6eb9d516bfde740f91afd0f44a2f082,17759,Major 3.0.1 kill-map export on Defects4J 3.0.1 fixed revision
Jsoup,28,covMap.csv,canonical_maps/Jsoup-28/covMap.csv,canonical_included,13202f39726322fe7f69ed3594f331ff64e4eda950288cdfcfd22f6dd201e3ac,144268,Major 3.0.1 kill-map export on Defects4J 3.0.1 fixed revision
Jsoup,28,killMap.csv,canonical_maps/Jsoup-28/killMap.csv,canonical_included,74a64bae4e48f9a7caafbcb3f6a9dc419bf0437128a6708bd60b9e4d5eb5ba5a,109028,Major 3.0.1 kill-map export on Defects4J 3.0.1 fixed revision
Jsoup,28,mutants.log,canonical_maps/Jsoup-28/mutants.log,canonical_included,9c636a88ca38a845d9c849996c472c31563caa6972c0388f6cf9891c52aed970,34641,Major 3.0.1 kill-map export on Defects4J 3.0.1 fixed revision
Jsoup,28,trigger_tests.txt,canonical_maps/Jsoup-28/trigger_tests.txt,canonical_included,9e9ce84c561be1cde455d1083098d0919d20a1d208a4a5766a50cef3ffc93db3,20061,Major 3.0.1 kill-map export on Defects4J 3.0.1 fixed revision
Jsoup,26,testMap.csv,canonical_maps/Jsoup-26/testMap.csv,canonical_included,03f02882f0cfff5905dc431e5619aa241d0ec590b145301229004b4468cd674e,1191,Major 3.0.1 kill-map export on Defects4J 3.0.1 fixed revision
Jsoup,26,covMap.csv,canonical_maps/Jsoup-26/covMap.csv,canonical_included,c70f8b1fa95d7ad71c7fee10df7018725b0f679f8063063ea236116fd5ee5316,2270,Major 3.0.1 kill-map export on Defects4J 3.0.1 fixed revision
Jsoup,26,killMap.csv,canonical_maps/Jsoup-26/killMap.csv,canonical_included,1b6ec04b7bf02151bbcfb1ea892781b3433d80a98d08ff75e3432e97bf5348c8,1913,Major 3.0.1 kill-map export on Defects4J 3.0.1 fixed revision
Jsoup,26,mutants.log,canonical_maps/Jsoup-26/mutants.log,canonical_included,856c152cdb36317d167a3921752fed704349279c1294cdfe254adaf3577e482a,4355,Major 3.0.1 kill-map export on Defects4J 3.0.1 fixed revision
Jsoup,26,trigger_tests.txt,canonical_maps/Jsoup-26/trigger_tests.txt,canonical_included,eba5a0097322f0db070bf0fff09e838f992c420b2f9a82b9950378caa1930fc1,3221,Major 3.0.1 kill-map export on Defects4J 3.0.1 fixed revision
Lang,6,testMap.csv,canonical_maps/Lang-6/testMap.csv,canonical_included,dd7b3d6ea7812b1f2afdc2147e3bcfe413e02d0967f12aa82396ed1dd9073325,10653,Major 3.0.1 kill-map export on Defects4J 3.0.1 fixed revision
Lang,6,covMap.csv,canonical_maps/Lang-6/covMap.csv,canonical_included,e9220c3ca4eae791c669cf24d27f9db906b2ee00e3544b56798146d4dcc961e4,7964,Major 3.0.1 kill-map export on Defects4J 3.0.1 fixed revision
Lang,6,killMap.csv,canonical_maps/Lang-6/killMap.csv,canonical_included,a72465e62d8e3e3f2c46f315a28b5b0a9bcc53f9640285a54e54d1d4b27ef970,8542,Major 3.0.1 kill-map export on Defects4J 3.0.1 fixed revision
Lang,6,mutants.log,canonical_maps/Lang-6/mutants.log,canonical_included,6a8d5461313a0ed4522e06bacb41c11a1fa43f9abc5aed64f5f8b1294f9554a4,7499,Major 3.0.1 kill-map export on Defects4J 3.0.1 fixed revision
Lang,6,trigger_tests.txt,canonical_maps/Lang-6/trigger_tests.txt,canonical_included,0adb6b9aa6233674126d3afffdbf84a7b601de5dc6d630313b80352298f7243f,3600,Major 3.0.1 kill-map export on Defects4J 3.0.1 fixed revision
Mockito,12,testMap.csv,canonical_maps/Mockito-12/testMap.csv,canonical_included,281d6d5dfd03978f5aed33c56b5afcfe813306190a788d0d941a02b6868e5078,1802,Major 3.0.1 kill-map export on Defects4J 3.0.1 fixed revision
Mockito,12,covMap.csv,canonical_maps/Mockito-12/covMap.csv,canonical_included,64e76a7f560fa7e5c145ce897e59dcca65e8a18d6f5b5d2de60bbf7264bc2015,515,Major 3.0.1 kill-map export on Defects4J 3.0.1 fixed revision
Mockito,12,killMap.csv,canonical_maps/Mockito-12/killMap.csv,canonical_included,ad2487243a5cd7dc4e05310dd1f2ad8257860a186a15baca608e2e48e402baa1,401,Major 3.0.1 kill-map export on Defects4J 3.0.1 fixed revision
Mockito,12,mutants.log,canonical_maps/Mockito-12/mutants.log,canonical_included,4b6fb63ac24bf595d7ceb23f8e26dfbc0d4528b958aeec0decb95eeb16050965,1387,Major 3.0.1 kill-map export on Defects4J 3.0.1 fixed revision
Mockito,12,trigger_tests.txt,canonical_maps/Mockito-12/trigger_tests.txt,canonical_included,93dbdf46ea35423b6f45b928a2ed98db8d283786deccd00a40e50c78ed90c17b,38341,Major 3.0.1 kill-map export on Defects4J 3.0.1 fixed revision
Cli,36,testMap.csv,canonical_maps/Cli-36/testMap.csv,canonical_included,e32438bcb4aeddafbf234269522caffc774352af263227abd4280bbf1767baf7,20183,Major 3.0.1 kill-map export on Defects4J 3.0.1 fixed revision
Cli,36,covMap.csv,canonical_maps/Cli-36/covMap.csv,canonical_included,d3ebed5d46ea45595daed197bf85637d7b1fe9964c222bf2990bf959f3e01384,29701,Major 3.0.1 kill-map export on Defects4J 3.0.1 fixed revision
Cli,36,killMap.csv,canonical_maps/Cli-36/killMap.csv,canonical_included,384b9566a80bc419d5f61214b537906ac588a3903278bec61acb3d74f44e027c,20385,Major 3.0.1 kill-map export on Defects4J 3.0.1 fixed revision
Cli,36,mutants.log,canonical_maps/Cli-36/mutants.log,canonical_included,3ed8f549e6ca1c51952cee83a42fefa63bd6db5cbf808ba70ad22a1d6a7d5c42,9873,Major 3.0.1 kill-map export on Defects4J 3.0.1 fixed revision
Cli,36,trigger_tests.txt,canonical_maps/Cli-36/trigger_tests.txt,canonical_included,453fd6724151e296167707a3aaa80ce67f1bc75a890171dbf0c49ff075b981af,3306,Major 3.0.1 kill-map export on Defects4J 3.0.1 fixed revision
Collections,10,testMap.csv,canonical_maps/Collections-10/testMap.csv,canonical_included,999036c540c8433814455d55c7b560ba49a811b79fa5615ef3fbcab4c107a57c,2669,Major 3.0.1 kill-map export on Defects4J 3.0.1 fixed revision
Collections,10,covMap.csv,canonical_maps/Collections-10/covMap.csv,canonical_included,e0f55cf02ea31002372a66df5e090c9b787a426b1ed0883e775858be6be34f51,3827,Major 3.0.1 kill-map export on Defects4J 3.0.1 fixed revision
Collections,10,killMap.csv,canonical_maps/Collections-10/killMap.csv,canonical_included,a97563de5e6526132f6621534696fe7b26a72707f811e683fafb104816c8478a,2712,Major 3.0.1 kill-map export on Defects4J 3.0.1 fixed revision
Collections,10,mutants.log,canonical_maps/Collections-10/mutants.log,canonical_included,27bcca39b25fb9dc5894a8b4f5bd986509c3ddd352f3559bc3b14c62b328d3c9,12300,Major 3.0.1 kill-map export on Defects4J 3.0.1 fixed revision
Collections,10,trigger_tests.txt,canonical_maps/Collections-10/trigger_tests.txt,canonical_included,746db6982085dabe1aab23092bf55ae6ca890cf78893c1b9705a61a3eef4bef3,6546,Major 3.0.1 kill-map export on Defects4J 3.0.1 fixed revision
Math,34,testMap.csv,canonical_maps/Math-34/testMap.csv,canonical_included,0c1b24c2a50b1fce9fb55ca4e76f15a2635866972821fd76b6b26b6cbdf80815,2133,Major 3.0.1 kill-map export on Defects4J 3.0.1 fixed revision
Math,34,covMap.csv,canonical_maps/Math-34/covMap.csv,canonical_included,d4849e1b2283da06c4d6efd883ea1872f295679a1b83bf5ee3ca06f9b9ddbef1,1940,Major 3.0.1 kill-map export on Defects4J 3.0.1 fixed revision
Math,34,killMap.csv,canonical_maps/Math-34/killMap.csv,canonical_included,0f401a3f873670418847619160e2071cf5b100dada0bf4888dbffd259edeffa1,1110,Major 3.0.1 kill-map export on Defects4J 3.0.1 fixed revision
Math,34,mutants.log,canonical_maps/Math-34/mutants.log,canonical_included,ad47f97c2f4cccb08727d7f91e12ed3803561c7b0f6376c3fc750473e5fd2210,10066,Major 3.0.1 kill-map export on Defects4J 3.0.1 fixed revision
Math,34,trigger_tests.txt,canonical_maps/Math-34/trigger_tests.txt,canonical_included,9cbbd26f82836d91c6e255d465f5f5dee6a196fc8e084dd314b28ea8c99f2451,2577,Major 3.0.1 kill-map export on Defects4J 3.0.1 fixed revision
Compress,5,testMap.csv,canonical_maps/Compress-5/testMap.csv,canonical_included,403efb944e983c28cd896a6ac0f0f8c04c20374e3b68882644cc71b23879f0ff,8311,Major 3.0.1 kill-map export on Defects4J 3.0.1 fixed revision
Compress,5,covMap.csv,canonical_maps/Compress-5/covMap.csv,canonical_included,5d45e3d1e7f8de287c2bda31a75e8a9be94ce66cc0abbda08028d5ac015a063c,31629,Major 3.0.1 kill-map export on Defects4J 3.0.1 fixed revision
Compress,5,killMap.csv,canonical_maps/Compress-5/killMap.csv,canonical_included,a3c7cc84820fadde6a9e481420a58ea116c9b2748ff432618660f891c452997a,21070,Major 3.0.1 kill-map export on Defects4J 3.0.1 fixed revision
Compress,5,mutants.log,canonical_maps/Compress-5/mutants.log,canonical_included,207f03fff462bdfc6fe27a797e36bc9f49588474be5df90d89ed71937573e5c5,48925,Major 3.0.1 kill-map export on Defects4J 3.0.1 fixed revision
Compress,5,trigger_tests.txt,canonical_maps/Compress-5/trigger_tests.txt,canonical_included,23830536e15ebaa35a1fdf81ae734c8f265ec0c5324af532620785ada7b57a22,2796,Major 3.0.1 kill-map export on Defects4J 3.0.1 fixed revision
Time,24,testMap.csv,canonical_maps/Time-24/testMap.csv,canonical_included,f4fbf1bf00406eb04e95d34472ed4e5bbcb779e293f119c3976a09b01001a526,80247,Major 3.0.1 kill-map export on Defects4J 3.0.1 fixed revision
Time,24,covMap.csv,canonical_maps/Time-24/covMap.csv,canonical_included,717f1fb39e3df1ebce50955cd97e9215b1f8d3c807a420574ee8667bb430d1ea,320745,Major 3.0.1 kill-map export on Defects4J 3.0.1 fixed revision
Time,24,killMap.csv,canonical_maps/Time-24/killMap.csv,canonical_included,acf271647bfe9067c196abbd2b845edf9a45867ca832952af0ad75add58f5e31,149049,Major 3.0.1 kill-map export on Defects4J 3.0.1 fixed revision
Time,24,mutants.log,canonical_maps/Time-24/mutants.log,canonical_included,57d3257b1fcd97c3e2aaea871f944500f4526076f38165c3b5fea4a2bc8c7c5e,38233,Major 3.0.1 kill-map export on Defects4J 3.0.1 fixed revision
Time,24,trigger_tests.txt,canonical_maps/Time-24/trigger_tests.txt,canonical_included,d1216b680a6a7462d47efdbea47505b92e1303d1f753ccb1ff519d3f561fd6bf,20485,Major 3.0.1 kill-map export on Defects4J 3.0.1 fixed revision
Math,22,testMap.csv,canonical_maps/Math-22/testMap.csv,canonical_included,87e2c09f2ce8c70db495c06c8e27efb2a1905d73ac7cf90c7752182a4cb823ee,8608,Major 3.0.1 kill-map export on Defects4J 3.0.1 fixed revision
Math,22,covMap.csv,canonical_maps/Math-22/covMap.csv,canonical_included,129d6cbf7c9bc214bd8428a5ff0bb2edbad4eebfc448d4a52b1cc766dfade136,10501,Major 3.0.1 kill-map export on Defects4J 3.0.1 fixed revision
Math,22,killMap.csv,canonical_maps/Math-22/killMap.csv,canonical_included,a91ee9605931538069f306db7575af7eeefd28941f1da63b880cbb21b16cf1e4,8059,Major 3.0.1 kill-map export on Defects4J 3.0.1 fixed revision
Math,22,mutants.log,canonical_maps/Math-22/mutants.log,canonical_included,705b7e2f4d86ed25d7a01eaf94a657e99a87fc2d36fcb3aa12163870b56b7d1b,51085,Major 3.0.1 kill-map export on Defects4J 3.0.1 fixed revision
Math,22,trigger_tests.txt,canonical_maps/Math-22/trigger_tests.txt,canonical_included,013ed334be93021d2eb20664025e41a70b06adf1f34ea49cedac2f38b3de89f6,7250,Major 3.0.1 kill-map export on Defects4J 3.0.1 fixed revision
JacksonDatabind,74,testMap.csv,canonical_maps/JacksonDatabind-74/testMap.csv,canonical_included,dc46dfa3cbc82d483ec07470ba7465d568446ec4c0808ef8e5322719adb80202,33164,Major 3.0.1 kill-map export on Defects4J 3.0.1 fixed revision
JacksonDatabind,74,covMap.csv,canonical_maps/JacksonDatabind-74/covMap.csv,canonical_included,f6038f42533ca41b6a8d032654b6525b3ce0d5154cb987511deeea24335f18ba,6974,Major 3.0.1 kill-map export on Defects4J 3.0.1 fixed revision
JacksonDatabind,74,killMap.csv,canonical_maps/JacksonDatabind-74/killMap.csv,canonical_included,89bf7ffbc6271d744ae93983ba2bb0a6b048394fe3a853551a8f86bdd79b8d36,6110,Major 3.0.1 kill-map export on Defects4J 3.0.1 fixed revision
JacksonDatabind,74,mutants.log,canonical_maps/JacksonDatabind-74/mutants.log,canonical_included,bc3160ad9cd3beca2cc3ca4952094466a864a1583841ece6b09451d7edbe39bf,12741,Major 3.0.1 kill-map export on Defects4J 3.0.1 fixed revision
JacksonDatabind,74,trigger_tests.txt,canonical_maps/JacksonDatabind-74/trigger_tests.txt,canonical_included,4cf81509a435cde072c042e61b591f611ecebb46509fbc5e6db28aaacad01552,4350,Major 3.0.1 kill-map export on Defects4J 3.0.1 fixed revision
Math,68,testMap.csv,canonical_maps/Math-68/testMap.csv,canonical_included,e664745ad1ce067def874b1b275e23e75ddb1058e780dc27a83800c2128d5c99,4107,Major 3.0.1 kill-map export on Defects4J 3.0.1 fixed revision
Math,68,covMap.csv,canonical_maps/Math-68/covMap.csv,canonical_included,61db4c2c329ea8796f736561f29c237c7842ce30db644b368703bf13657dc1af,247825,Major 3.0.1 kill-map export on Defects4J 3.0.1 fixed revision
Math,68,killMap.csv,canonical_maps/Math-68/killMap.csv,canonical_included,44724f00812663826f48dfc04c7fdadd206e6a5edd1ef39bb0ca7959f75640c9,208060,Major 3.0.1 kill-map export on Defects4J 3.0.1 fixed revision
Math,68,mutants.log,canonical_maps/Math-68/mutants.log,canonical_included,6a44fdc2ccc094d0dc79e8c93071bcd107b415d34ae7a1a728bf1d2a2967b26d,230199,Major 3.0.1 kill-map export on Defects4J 3.0.1 fixed revision
Math,68,trigger_tests.txt,canonical_maps/Math-68/trigger_tests.txt,canonical_included,a1aba98d15779ffd1c4c863aff71cd32991b16cbc622d95ec10fd529100874b6,6298,Major 3.0.1 kill-map export on Defects4J 3.0.1 fixed revision
Compress,19,testMap.csv,canonical_maps/Compress-19/testMap.csv,canonical_included,a44c44f2dfe47cab5bc4b1138453d5966993a036b891ef5f1463753f3c7c2dae,11988,Major 3.0.1 kill-map export on Defects4J 3.0.1 fixed revision
Compress,19,covMap.csv,canonical_maps/Compress-19/covMap.csv,canonical_included,0390e8de783006a0612c35b30d2d3cb4073fb5094f7a6c46f79d25deed08a830,12585,Major 3.0.1 kill-map export on Defects4J 3.0.1 fixed revision
Compress,19,killMap.csv,canonical_maps/Compress-19/killMap.csv,canonical_included,7ed651a869e5073b89c447de9a0c0be4af43dd83b39d562d2cc4ec6ed9cf5f26,9359,Major 3.0.1 kill-map export on Defects4J 3.0.1 fixed revision
Compress,19,mutants.log,canonical_maps/Compress-19/mutants.log,canonical_included,5a85e395ab860d86da96d1103111f240e3202d835972c1a993dba453e3b4c043,47611,Major 3.0.1 kill-map export on Defects4J 3.0.1 fixed revision
Compress,19,trigger_tests.txt,canonical_maps/Compress-19/trigger_tests.txt,canonical_included,a3e7870fe67d1ec27ee8b330355272e799a64bd7913828940c060e8da4ff6f9e,3415,Major 3.0.1 kill-map export on Defects4J 3.0.1 fixed revision
Lang,11,testMap.csv,canonical_maps/Lang-11/testMap.csv,canonical_included,f3aa5198e43c1f596ba729ea01ee46ffa3389c588688f4aa2e30fdd94224fb03,792,Major 3.0.1 kill-map export on Defects4J 3.0.1 fixed revision
Lang,11,covMap.csv,canonical_maps/Lang-11/covMap.csv,canonical_included,13da2fbac80b19c190f4b1f8012ccfb5cbf0375754837f4db18d28dc9699d592,2928,Major 3.0.1 kill-map export on Defects4J 3.0.1 fixed revision
Lang,11,killMap.csv,canonical_maps/Lang-11/killMap.csv,canonical_included,62b0ab63409554c688a8667b5998626b17b0ab2992314f59861c8e37e6536610,2362,Major 3.0.1 kill-map export on Defects4J 3.0.1 fixed revision
Lang,11,mutants.log,canonical_maps/Lang-11/mutants.log,canonical_included,bb446877279174a7e5ea479ddb4a8fbaf7228dd8ae93c06ea462c3fb292b67e0,33610,Major 3.0.1 kill-map export on Defects4J 3.0.1 fixed revision
Lang,11,trigger_tests.txt,canonical_maps/Lang-11/trigger_tests.txt,canonical_included,dec92ebd5916cf13f3404a3a8a77c8198d6f239f42f11918f7fbe2200ae8112c,2768,Major 3.0.1 kill-map export on Defects4J 3.0.1 fixed revision
Math,95,testMap.csv,canonical_maps/Math-95/testMap.csv,canonical_included,ac103c75bda552f343034a86871d67b3f5d89eccba9596ebede86aa63a0a5c6a,1920,Major 3.0.1 kill-map export on Defects4J 3.0.1 fixed revision
Math,95,covMap.csv,canonical_maps/Math-95/covMap.csv,canonical_included,7034fa23e981eb40136616bff2d7dc5058eceda11b55e3f1905d88d307a21bad,2924,Major 3.0.1 kill-map export on Defects4J 3.0.1 fixed revision
Math,95,killMap.csv,canonical_maps/Math-95/killMap.csv,canonical_included,a830df8e3ce8d4f3bf174bbf32f69eba047053bc7f8bfa6c8780f6a759f2cf96,2937,Major 3.0.1 kill-map export on Defects4J 3.0.1 fixed revision
Math,95,mutants.log,canonical_maps/Math-95/mutants.log,canonical_included,2344de55398b631525d840771672ec220ccf1b5d77a33c477cfe18bbac83f724,12181,Major 3.0.1 kill-map export on Defects4J 3.0.1 fixed revision
Math,95,trigger_tests.txt,canonical_maps/Math-95/trigger_tests.txt,canonical_included,2de3ac66fc4d74c6e27e4453cea69e0e4a84085705aca8c4402079855fae0bdf,3154,Major 3.0.1 kill-map export on Defects4J 3.0.1 fixed revision
Math,92,testMap.csv,canonical_maps/Math-92/testMap.csv,canonical_included,31deb7e26afb4600f5bf622c95b5b0ad445c74666bf6e0f82cf253ce2fce9f0a,42827,Major 3.0.1 kill-map export on Defects4J 3.0.1 fixed revision
Math,92,covMap.csv,canonical_maps/Math-92/covMap.csv,canonical_included,fed994d98d0ac304a843b1a82ce4a77fa3ce2ebe2b883d4bfc2ac23836257a3d,157347,Major 3.0.1 kill-map export on Defects4J 3.0.1 fixed revision
Math,92,killMap.csv,canonical_maps/Math-92/killMap.csv,canonical_included,274ceb8713aaefbabe9b2d6a8212f95edc712bba6f2f8586a7e90ec509ed2719,78051,Major 3.0.1 kill-map export on Defects4J 3.0.1 fixed revision
Math,92,mutants.log,canonical_maps/Math-92/mutants.log,canonical_included,1da74b8e2e36ba33aa4ee91c91398c4cde8b7b870d11393e4b610d7283ac7d6e,145667,Major 3.0.1 kill-map export on Defects4J 3.0.1 fixed revision
Math,92,trigger_tests.txt,canonical_maps/Math-92/trigger_tests.txt,canonical_included,411f70f9843e86a23ec465e9706fba20355f269fac613eb0a4c35731c4c6ab3c,2908,Major 3.0.1 kill-map export on Defects4J 3.0.1 fixed revision
Jsoup,69,testMap.csv,canonical_maps/Jsoup-69/testMap.csv,canonical_included,6fad3e45afea5a25234e65e93fe6ac8a7ab4a8267a62f3cdc9a3a92e1d796c5e,31973,Major 3.0.1 kill-map export on Defects4J 3.0.1 fixed revision
Jsoup,69,covMap.csv,canonical_maps/Jsoup-69/covMap.csv,canonical_included,e385adbd236a125addc26fe4514ae479631f1c529be87f9d62ca4a94b4f5bc8d,1117,Major 3.0.1 kill-map export on Defects4J 3.0.1 fixed revision
Jsoup,69,killMap.csv,canonical_maps/Jsoup-69/killMap.csv,canonical_included,af68f59a102c3ac8af7c145fdf3d5ab634230743a0737a80c0c7f5512c3d0c13,831,Major 3.0.1 kill-map export on Defects4J 3.0.1 fixed revision
Jsoup,69,mutants.log,canonical_maps/Jsoup-69/mutants.log,canonical_included,e9156e8b4d659ffe88f5b4781b6fb88fc2cb9b49341bef898c328067720dbde9,4823,Major 3.0.1 kill-map export on Defects4J 3.0.1 fixed revision
Jsoup,69,trigger_tests.txt,canonical_maps/Jsoup-69/trigger_tests.txt,canonical_included,12922436f2af106a74a89f0f6b243a74ff816ff443de26f3bd8a3e08fd785dba,3400,Major 3.0.1 kill-map export on Defects4J 3.0.1 fixed revision
Closure,100,testMap.csv,canonical_maps/Closure-100/testMap.csv,canonical_included,d35ec717e9ba4feb532be787430964e6ac65700ae412411bab6f11724d54cab4,5426,Major 3.0.1 kill-map export on Defects4J 3.0.1 fixed revision
Closure,100,covMap.csv,canonical_maps/Closure-100/covMap.csv,canonical_included,a60c65640bc44ea62924ce4790c64962cd3aa92069de0107e42395c63d70ff67,14598,Major 3.0.1 kill-map export on Defects4J 3.0.1 fixed revision
Closure,100,killMap.csv,canonical_maps/Closure-100/killMap.csv,canonical_included,200b893c0f12ac6da1f3f502c5a2f83ffaa29fc886a9c4d5c5013ac5667e5100,6603,Major 3.0.1 kill-map export on Defects4J 3.0.1 fixed revision
Closure,100,mutants.log,canonical_maps/Closure-100/mutants.log,canonical_included,3aa7643e68758d380941c90488e629e69b733efe19c369ce74e16600b4ed55ef,25889,Major 3.0.1 kill-map export on Defects4J 3.0.1 fixed revision
Closure,100,trigger_tests.txt,canonical_maps/Closure-100/trigger_tests.txt,canonical_included,b8cff339d1a7ec20d7eb4392f10b5662cbcc144b1f0567f881241858046d0cfc,30520,Major 3.0.1 kill-map export on Defects4J 3.0.1 fixed revision
Gson,12,testMap.csv,canonical_maps/Gson-12/testMap.csv,canonical_included,479040df82ee9280f661f667753dbed0148d181654b872fc5915ab912d346cd0,66825,Major 3.0.1 kill-map export on Defects4J 3.0.1 fixed revision
Gson,12,covMap.csv,canonical_maps/Gson-12/covMap.csv,canonical_included,8c3583b384cfd3888facafbb3fb09b4cc6b9a28f4842e2882351715e8621a788,28369,Major 3.0.1 kill-map export on Defects4J 3.0.1 fixed revision
Gson,12,killMap.csv,canonical_maps/Gson-12/killMap.csv,canonical_included,0e13fee3fe04913e1d057b9b616033ce539e46aa180fa2bb776a83b3c99995a2,19325,Major 3.0.1 kill-map export on Defects4J 3.0.1 fixed revision
Gson,12,mutants.log,canonical_maps/Gson-12/mutants.log,canonical_included,2deb6e34de33c0914dff3420ca5af81420ab3a84e0d1e9d48ca6ede64405decb,37517,Major 3.0.1 kill-map export on Defects4J 3.0.1 fixed revision
Gson,12,trigger_tests.txt,canonical_maps/Gson-12/trigger_tests.txt,canonical_included,fbc56704a60b5bf48ecaa92b7ff9d28bfefab890336dc0e9979c279fbbeb7bee,5362,Major 3.0.1 kill-map export on Defects4J 3.0.1 fixed revision
Math,84,testMap.csv,canonical_maps/Math-84/testMap.csv,canonical_included,e14fbaa9ece73385c46aab91f2779c16014019f48fa2aa2e39c30c96ced67779,466,Major 3.0.1 kill-map export on Defects4J 3.0.1 fixed revision
Math,84,covMap.csv,canonical_maps/Math-84/covMap.csv,canonical_included,1aea94f3d2135e0beebe99e0410aa93c678eb0ba44fde72ab8f7fb5c4bb4ad47,1450,Major 3.0.1 kill-map export on Defects4J 3.0.1 fixed revision
Math,84,killMap.csv,canonical_maps/Math-84/killMap.csv,canonical_included,1647074fb1d2a3de035b6e97de89898d2ac3b9128caca68862473b7bb8b05c8c,1847,Major 3.0.1 kill-map export on Defects4J 3.0.1 fixed revision
Math,84,mutants.log,canonical_maps/Math-84/mutants.log,canonical_included,25e7077666e9df335bd7330d2714763dfbe38f7922615b7e85b31a71b8f6d42e,19457,Major 3.0.1 kill-map export on Defects4J 3.0.1 fixed revision
Math,84,trigger_tests.txt,canonical_maps/Math-84/trigger_tests.txt,canonical_included,21499a6340d336bdeb3fefe6d59ab8e160287dc03422c5f505da624dbc35abc4,7121,Major 3.0.1 kill-map export on Defects4J 3.0.1 fixed revision
Math,32,testMap.csv,canonical_maps/Math-32/testMap.csv,canonical_included,634ba62b4d44cfb10da76f10948c8520bab9a6daba1994d7726da2b6d23bd49f,2038,Major 3.0.1 kill-map export on Defects4J 3.0.1 fixed revision
Math,32,covMap.csv,canonical_maps/Math-32/covMap.csv,canonical_included,e1c36f744da575e416583c9e053548810beab4d2f76e05095d2a8d57a43b94e5,18434,Major 3.0.1 kill-map export on Defects4J 3.0.1 fixed revision
Math,32,killMap.csv,canonical_maps/Math-32/killMap.csv,canonical_included,012ea2f14088aeebd754286855c75a50f8fd31b0f1a7006831d1963b5bb2d1bc,19742,Major 3.0.1 kill-map export on Defects4J 3.0.1 fixed revision
Math,32,mutants.log,canonical_maps/Math-32/mutants.log,canonical_included,25c4a6d6aa32549a0b0f927a8097fddd5a0259d3ab109413541b8de21238d941,71930,Major 3.0.1 kill-map export on Defects4J 3.0.1 fixed revision
Math,32,trigger_tests.txt,canonical_maps/Math-32/trigger_tests.txt,canonical_included,0a051212aad9742d2bd45aeb86954612011e90327f63dee8a730a4ee1afcfb67,4336,Major 3.0.1 kill-map export on Defects4J 3.0.1 fixed revision
Closure,15,testMap.csv,canonical_maps/Closure-15/testMap.csv,canonical_included,497116fa8c756fe4fe6d53ef75e3cb0b74b2e2360c03df12539eb63f1ab4ecb6,26761,Major 3.0.1 kill-map export on Defects4J 3.0.1 fixed revision
Closure,15,covMap.csv,canonical_maps/Closure-15/covMap.csv,canonical_included,9c8c7e5b2998ba5c0ff0a532beeaf177d82f8ddc92af15be66889ce91f08ff34,61217,Major 3.0.1 kill-map export on Defects4J 3.0.1 fixed revision
Closure,15,killMap.csv,canonical_maps/Closure-15/killMap.csv,canonical_included,5ae9cef64d9813b951188f79cee7beadb0d1b633ab38b32c450337b421a82226,35146,Major 3.0.1 kill-map export on Defects4J 3.0.1 fixed revision
Closure,15,mutants.log,canonical_maps/Closure-15/mutants.log,canonical_included,51be3423a2aacbeaf13f13b2b80f8c0341359d0aa497e56aca2c6d07ed03ce71,46463,Major 3.0.1 kill-map export on Defects4J 3.0.1 fixed revision
Closure,15,trigger_tests.txt,canonical_maps/Closure-15/trigger_tests.txt,canonical_included,e7b8f43d955a5f3bd704ab8ee303e18a14d521868f2f5953dab6e2d2b5dec2ba,5835,Major 3.0.1 kill-map export on Defects4J 3.0.1 fixed revision
Codec,6,testMap.csv,canonical_maps/Codec-6/testMap.csv,canonical_included,e98b3c0ac364e6c324f70be6a680453e9e8be4dbd7ea4db479b86fda7137b93d,846,Major 3.0.1 kill-map export on Defects4J 3.0.1 fixed revision
Codec,6,covMap.csv,canonical_maps/Codec-6/covMap.csv,canonical_included,eda509e3a3dd6de5c62286bd16ec07f6900238f704a783ba662fba9f050a8154,3097,Major 3.0.1 kill-map export on Defects4J 3.0.1 fixed revision
Codec,6,killMap.csv,canonical_maps/Codec-6/killMap.csv,canonical_included,7491361c98a1581145157581883ae17e36dfede1cc75aaaa91e22f5ef81b6637,2456,Major 3.0.1 kill-map export on Defects4J 3.0.1 fixed revision
Codec,6,mutants.log,canonical_maps/Codec-6/mutants.log,canonical_included,da4eac3cbfa0cd4114e2ed6e903593421336b575fd06c47fdcd7ff16ca86eb12,14449,Major 3.0.1 kill-map export on Defects4J 3.0.1 fixed revision
Codec,6,trigger_tests.txt,canonical_maps/Codec-6/trigger_tests.txt,canonical_included,f6ac26c71b117dd328c5afe0968662ebcf85aea73648dd3ac6a5d7fc1ebd0ce9,2767,Major 3.0.1 kill-map export on Defects4J 3.0.1 fixed revision
Chart,21,testMap.csv,canonical_maps/Chart-21/testMap.csv,canonical_included,06602df25899c7287da48c76913678542d1597b44492a9a3e2c47cb2a1ab459c,1599,Major 3.0.1 kill-map export on Defects4J 3.0.1 fixed revision
Chart,21,covMap.csv,canonical_maps/Chart-21/covMap.csv,canonical_included,70f2805868492e83a643dc33eeeb286efd59cb7035cf45d1f7beb70871c46697,4471,Major 3.0.1 kill-map export on Defects4J 3.0.1 fixed revision
Chart,21,killMap.csv,canonical_maps/Chart-21/killMap.csv,canonical_included,0416fdec4005f81e6e5b372b4931fe3fbd20d752212052bdfedaf1ef031c5591,1296,Major 3.0.1 kill-map export on Defects4J 3.0.1 fixed revision
Chart,21,mutants.log,canonical_maps/Chart-21/mutants.log,canonical_included,8d6d97a5972641f3fbdadba0d3254d51a070a75cdf0f7f41e617bb52e1b75f28,33466,Major 3.0.1 kill-map export on Defects4J 3.0.1 fixed revision
Chart,21,trigger_tests.txt,canonical_maps/Chart-21/trigger_tests.txt,canonical_included,dd3adbe171ceff8e80304a0e5df24de06be2dd51125f71ecaa54b21b4f893e71,2968,Major 3.0.1 kill-map export on Defects4J 3.0.1 fixed revision
Jsoup,17,testMap.csv,canonical_maps/Jsoup-17/testMap.csv,canonical_included,d9b5fd9a1c3434da84af1f6db94ece87e7962bc08173afafbe83f369d636d3c1,12690,Major 3.0.1 kill-map export on Defects4J 3.0.1 fixed revision
Jsoup,17,covMap.csv,canonical_maps/Jsoup-17/covMap.csv,canonical_included,f3eab66d873fa63bbe70962900b564ba04435d6db9c743cffd7dcb12942b0abe,334770,Major 3.0.1 kill-map export on Defects4J 3.0.1 fixed revision
Jsoup,17,killMap.csv,canonical_maps/Jsoup-17/killMap.csv,canonical_included,cde1a0f4fb08f12fdbbe91119370862a02156765568b39f2755759b2fb94823e,189932,Major 3.0.1 kill-map export on Defects4J 3.0.1 fixed revision
Jsoup,17,mutants.log,canonical_maps/Jsoup-17/mutants.log,canonical_included,261e5820ee858a9474ee36e9ac5ae738a06f4c6228848b11719adfb9560ed06d,255448,Major 3.0.1 kill-map export on Defects4J 3.0.1 fixed revision
Jsoup,17,trigger_tests.txt,canonical_maps/Jsoup-17/trigger_tests.txt,canonical_included,010fb0e8dd3c4bf105acbffebfb9eaac62a78df48004ec4026a6073277f592c3,3273,Major 3.0.1 kill-map export on Defects4J 3.0.1 fixed revision
Jsoup,47,testMap.csv,canonical_maps/Jsoup-47/testMap.csv,canonical_included,e71c47b39198cfb9b959e4c8b7a5ce20e3d4e957342f97077b218fb4cfd69833,23598,Major 3.0.1 kill-map export on Defects4J 3.0.1 fixed revision
Jsoup,47,covMap.csv,canonical_maps/Jsoup-47/covMap.csv,canonical_included,100df7bd74392df9c6783cd1619213c09803dade2f640c4876e779bafbeef8cf,102272,Major 3.0.1 kill-map export on Defects4J 3.0.1 fixed revision
Jsoup,47,killMap.csv,canonical_maps/Jsoup-47/killMap.csv,canonical_included,caeceae6ddb65d6928796c81d2383c41c938454f5cff4cb82620b0ed0a455d46,46586,Major 3.0.1 kill-map export on Defects4J 3.0.1 fixed revision
Jsoup,47,mutants.log,canonical_maps/Jsoup-47/mutants.log,canonical_included,0acc2ee5cfe9e5a1c7e97abcfcfb935b45897379659865e639e77636b9815366,19025,Major 3.0.1 kill-map export on Defects4J 3.0.1 fixed revision
Jsoup,47,trigger_tests.txt,canonical_maps/Jsoup-47/trigger_tests.txt,canonical_included,69000218a627a54936212c337b770cbbf5e950eee3ca850569a0f6a36265f331,3350,Major 3.0.1 kill-map export on Defects4J 3.0.1 fixed revision
Time,3,testMap.csv,canonical_maps/Time-3/testMap.csv,canonical_included,8c3b3b18be04a5515522b7a74bde8ec15dae401d993ae0f31929f6b245a69a38,91442,Major 3.0.1 kill-map export on Defects4J 3.0.1 fixed revision
Time,3,covMap.csv,canonical_maps/Time-3/covMap.csv,canonical_included,9a650a5466a3c0e3dbfe5804158e57609a0e093996000da578c38c7700d8ebfc,8831,Major 3.0.1 kill-map export on Defects4J 3.0.1 fixed revision
Time,3,killMap.csv,canonical_maps/Time-3/killMap.csv,canonical_included,60dd9606ba60bf7c4c409b6faae8032bbaf3151b8662548c774730a3f710c03b,8180,Major 3.0.1 kill-map export on Defects4J 3.0.1 fixed revision
Time,3,mutants.log,canonical_maps/Time-3/mutants.log,canonical_included,480078da8aa5f7af385b1c952d8360f74afdb4b54e2d3baa717de55714577bb2,23267,Major 3.0.1 kill-map export on Defects4J 3.0.1 fixed revision
Time,3,trigger_tests.txt,canonical_maps/Time-3/trigger_tests.txt,canonical_included,fbde8d319191b69f361e633ce76d45e7484252a2fd6772bf874353cae59b6fb6,14291,Major 3.0.1 kill-map export on Defects4J 3.0.1 fixed revision
JacksonCore,1,testMap.csv,canonical_maps/JacksonCore-1/testMap.csv,canonical_included,643b0211d93a24a711a348829d32cd43799ef7530c3e461da2615c58e452e8ba,12942,Major 3.0.1 kill-map export on Defects4J 3.0.1 fixed revision
JacksonCore,1,covMap.csv,canonical_maps/JacksonCore-1/covMap.csv,canonical_included,eacc49a3d7a1cd38dd2ba9fd24b56ed9f51543bb19adc3a5e85758f6ff72b859,75635,Major 3.0.1 kill-map export on Defects4J 3.0.1 fixed revision
JacksonCore,1,killMap.csv,canonical_maps/JacksonCore-1/killMap.csv,canonical_included,1ced1147eda76418ee548941b572aed21eb294e59b436197322265c533e8844c,57543,Major 3.0.1 kill-map export on Defects4J 3.0.1 fixed revision
JacksonCore,1,mutants.log,canonical_maps/JacksonCore-1/mutants.log,canonical_included,cb3d187ea71b0ac13c96b9f82220c30cab6a4b0c62c158b987a369ad0a3a3d4f,125742,Major 3.0.1 kill-map export on Defects4J 3.0.1 fixed revision
JacksonCore,1,trigger_tests.txt,canonical_maps/JacksonCore-1/trigger_tests.txt,canonical_included,9f7359fb85aac181401c357fcb31ecb0a8b373f8a1d0a170d4c80dad0457d971,2963,Major 3.0.1 kill-map export on Defects4J 3.0.1 fixed revision
Jsoup,73,testMap.csv,canonical_maps/Jsoup-73/testMap.csv,canonical_included,faa6c95c205f3211ae76dbbd76bd2625aed670448c5a22b0f50f54e48992da42,298,Major 3.0.1 kill-map export on Defects4J 3.0.1 fixed revision
Jsoup,73,covMap.csv,canonical_maps/Jsoup-73/covMap.csv,canonical_included,4071291447a50b88d8ab0503877d83af2b5644b8511f823760cf6a78e071cc2d,923,Major 3.0.1 kill-map export on Defects4J 3.0.1 fixed revision
Jsoup,73,killMap.csv,canonical_maps/Jsoup-73/killMap.csv,canonical_included,8b9d21f977ae2f5a934d62505614e46260899ff3c350bc1acb3a0b2908a75807,827,Major 3.0.1 kill-map export on Defects4J 3.0.1 fixed revision
Jsoup,73,mutants.log,canonical_maps/Jsoup-73/mutants.log,canonical_included,955feb4cde9b4382922e67c0de273fa132fd7d213bbd611f10af7eb528d1e7f5,6510,Major 3.0.1 kill-map export on Defects4J 3.0.1 fixed revision
Jsoup,73,trigger_tests.txt,canonical_maps/Jsoup-73/trigger_tests.txt,canonical_included,546b34cd0b6462ad33b3ff7923ef051df8cebcf25633570d1dc858809b4d843f,3303,Major 3.0.1 kill-map export on Defects4J 3.0.1 fixed revision
Closure,99,testMap.csv,canonical_maps/Closure-99/testMap.csv,canonical_included,02a394929a694e288886c8e534b70d0f26ce2b104548bcd3bc0ebcc22b3c4e3d,5705,Major 3.0.1 kill-map export on Defects4J 3.0.1 fixed revision
Closure,99,covMap.csv,canonical_maps/Closure-99/covMap.csv,canonical_included,49bdfe21bc80d848082ab01c120634a9aeb2c3970d68fb9730e10e9c15d60743,17632,Major 3.0.1 kill-map export on Defects4J 3.0.1 fixed revision
Closure,99,killMap.csv,canonical_maps/Closure-99/killMap.csv,canonical_included,1376af17c72c3eb049cdf29e8da67611bd3ae6819f138f413b858d657efcd9b8,7822,Major 3.0.1 kill-map export on Defects4J 3.0.1 fixed revision
Closure,99,mutants.log,canonical_maps/Closure-99/mutants.log,canonical_included,96c56d9e5db3d8def38787c8a72ef3108b16de1e15339900015af6ac0510ffd5,31084,Major 3.0.1 kill-map export on Defects4J 3.0.1 fixed revision
Closure,99,trigger_tests.txt,canonical_maps/Closure-99/trigger_tests.txt,canonical_included,8e757eea2005f0048fe369c1266dc5d504b455fbffd56508a2d0343e773eb4fd,10260,Major 3.0.1 kill-map export on Defects4J 3.0.1 fixed revision
Collections,23,testMap.csv,canonical_maps/Collections-23/testMap.csv,canonical_included,a07c1f56ea2d5673e347072c749138b3a83c215a46f8197a8f591a470981e556,4544,Major 3.0.1 kill-map export on Defects4J 3.0.1 fixed revision
Collections,23,covMap.csv,canonical_maps/Collections-23/covMap.csv,canonical_included,220032a219c37101ed9efd344903308bf659db1c31edf6a67c438e4fc208ebfb,234,Major 3.0.1 kill-map export on Defects4J 3.0.1 fixed revision
Collections,23,killMap.csv,canonical_maps/Collections-23/killMap.csv,canonical_included,45b7aba3dbf29f0b9f83ae7d595afb85f6f3a286d25f97bac95130bf80f55070,55,Major 3.0.1 kill-map export on Defects4J 3.0.1 fixed revision
Collections,23,mutants.log,canonical_maps/Collections-23/mutants.log,canonical_included,2d8fd8e9dff6d1b9f749b2a83aff6009d39681574ddfdde24dd3271adc4a6037,231,Major 3.0.1 kill-map export on Defects4J 3.0.1 fixed revision
Collections,23,trigger_tests.txt,canonical_maps/Collections-23/trigger_tests.txt,canonical_included,bdeeeb4bea6b767e67423134e6a3fa58fb7c3471407297017d7fd1fc259be0e2,9756,Major 3.0.1 kill-map export on Defects4J 3.0.1 fixed revision
Jsoup,25,testMap.csv,canonical_maps/Jsoup-25/testMap.csv,canonical_included,d3265dcabe98da70147bc3610f23138301757a6c501b30df1189c017a6bcf5ee,16410,Major 3.0.1 kill-map export on Defects4J 3.0.1 fixed revision
Jsoup,25,covMap.csv,canonical_maps/Jsoup-25/covMap.csv,canonical_included,9e8e9810cf228ce3b25506ddedef93370697640bbb46611b155c0e02cec92b20,82577,Major 3.0.1 kill-map export on Defects4J 3.0.1 fixed revision
Jsoup,25,killMap.csv,canonical_maps/Jsoup-25/killMap.csv,canonical_included,edbb389915e068d3eb340419784b7a41faee6038195d5bb35953d6f9e23577bf,22918,Major 3.0.1 kill-map export on Defects4J 3.0.1 fixed revision
Jsoup,25,mutants.log,canonical_maps/Jsoup-25/mutants.log,canonical_included,962c63ef36015685c251e4ca2dce74e85b99137e4c9d290b3d72882bf3c1c744,21197,Major 3.0.1 kill-map export on Defects4J 3.0.1 fixed revision
Jsoup,25,trigger_tests.txt,canonical_maps/Jsoup-25/trigger_tests.txt,canonical_included,31ed4aece0df77d01c320e7aa8711f4a07079a89bbd60d4e6e6a6dd47d0c1196,3298,Major 3.0.1 kill-map export on Defects4J 3.0.1 fixed revision
Collections,1,testMap.csv,canonical_maps/Collections-1/testMap.csv,canonical_included,e3780b562403cd34c9355e47b0aaf149bd8649f71f349ab6c56c0064190c3ae4,3986,Major 3.0.1 kill-map export on Defects4J 3.0.1 fixed revision
Collections,1,covMap.csv,canonical_maps/Collections-1/covMap.csv,canonical_included,498b8c97a0617c73b8a2fe01a239156d01acaae0ec409498f8fc8ca9f7fc3f95,24815,Major 3.0.1 kill-map export on Defects4J 3.0.1 fixed revision
Collections,1,killMap.csv,canonical_maps/Collections-1/killMap.csv,canonical_included,f61afbcb75a99f51c2cd9dd57639ee6f546719b6a897de8f45abe040b34ad68d,14492,Major 3.0.1 kill-map export on Defects4J 3.0.1 fixed revision
Collections,1,mutants.log,canonical_maps/Collections-1/mutants.log,canonical_included,9f2c40684d5f3c80a0d3832c898f5aebad810f1c2d47113a3490ca1766e71932,91494,Major 3.0.1 kill-map export on Defects4J 3.0.1 fixed revision
Collections,1,trigger_tests.txt,canonical_maps/Collections-1/trigger_tests.txt,canonical_included,a7834ae0ef916f59e157e9ff39128d1893c0882fd85383974081593e08b275c0,11544,Major 3.0.1 kill-map export on Defects4J 3.0.1 fixed revision
Jsoup,34,testMap.csv,canonical_maps/Jsoup-34/testMap.csv,canonical_included,c4d75a04f31315ff34355c70e7424a16b7a02b01d9facfec0724ba8be1624b50,20128,Major 3.0.1 kill-map export on Defects4J 3.0.1 fixed revision
Jsoup,34,covMap.csv,canonical_maps/Jsoup-34/covMap.csv,canonical_included,9cfe6785898bd99321f570298f9361be21528b021ea1de7f41222f814aa5ba89,182007,Major 3.0.1 kill-map export on Defects4J 3.0.1 fixed revision
Jsoup,34,killMap.csv,canonical_maps/Jsoup-34/killMap.csv,canonical_included,459a0f7937afffecd5688ef68d45889284e3f59c9ba699e075aa185196f8c017,141581,Major 3.0.1 kill-map export on Defects4J 3.0.1 fixed revision
Jsoup,34,mutants.log,canonical_maps/Jsoup-34/mutants.log,canonical_included,6578574c46ed9c3669e6b661415cc3b92d0b5058f7de31311549c1be598ef0f7,50187,Major 3.0.1 kill-map export on Defects4J 3.0.1 fixed revision
Jsoup,34,trigger_tests.txt,canonical_maps/Jsoup-34/trigger_tests.txt,canonical_included,a08dcd022c5425259ca76c219d8df6d0683853e91b3684e31ed2710913b2e8e5,6933,Major 3.0.1 kill-map export on Defects4J 3.0.1 fixed revision
Cli,34,testMap.csv,canonical_maps/Cli-34/testMap.csv,canonical_included,e0c6e2f23396c0a7be5a06aa853251ea7262d2949fbe8a2a8c67ea16cbf7f747,24784,Major 3.0.1 kill-map export on Defects4J 3.0.1 fixed revision
Cli,34,covMap.csv,canonical_maps/Cli-34/covMap.csv,canonical_included,2fb49c9d10a1525b88359605dae312a884af09df594d10011152373bc8a4f7bf,127835,Major 3.0.1 kill-map export on Defects4J 3.0.1 fixed revision
Cli,34,killMap.csv,canonical_maps/Cli-34/killMap.csv,canonical_included,ff4cbbbc11f17a47a60a71b33fc58f852d38b23d17b33cd088207ae30357927a,50542,Major 3.0.1 kill-map export on Defects4J 3.0.1 fixed revision
Cli,34,mutants.log,canonical_maps/Cli-34/mutants.log,canonical_included,8f8e3a5555109747fcc6d54526ef93762d7a526aeb52d4b19ebbb325fee26f91,30801,Major 3.0.1 kill-map export on Defects4J 3.0.1 fixed revision
Cli,34,trigger_tests.txt,canonical_maps/Cli-34/trigger_tests.txt,canonical_included,41c868b773114559773386136584ea67872dee04cba73c5078cdea84d54dc837,5751,Major 3.0.1 kill-map export on Defects4J 3.0.1 fixed revision
Csv,1,testMap.csv,canonical_maps/Csv-1/testMap.csv,canonical_included,4d4c6a1f21319ee7d1e6cafad8dc2806c7296eaff14babf54ef9a14c313dc02a,3087,Major 3.0.1 kill-map export on Defects4J 3.0.1 fixed revision
Csv,1,covMap.csv,canonical_maps/Csv-1/covMap.csv,canonical_included,4d485432bbfa1a5d2416ed65f0b7492ae2d3d2de427db9d64f21367d4361bef9,4508,Major 3.0.1 kill-map export on Defects4J 3.0.1 fixed revision
Csv,1,killMap.csv,canonical_maps/Csv-1/killMap.csv,canonical_included,d5ac9f835c8049ea432290fa89487fdb84c0a810f1f9beced525dcbf62951e89,1804,Major 3.0.1 kill-map export on Defects4J 3.0.1 fixed revision
Csv,1,mutants.log,canonical_maps/Csv-1/mutants.log,canonical_included,894128ee6e6a55455323799db2fcaecd534529a84a95295e656dd8045d8a8c33,12499,Major 3.0.1 kill-map export on Defects4J 3.0.1 fixed revision
Csv,1,trigger_tests.txt,canonical_maps/Csv-1/trigger_tests.txt,canonical_included,9e27753922114914e01ca1765397df256e1d11b1d611a7f9bd1276d235695ec8,3420,Major 3.0.1 kill-map export on Defects4J 3.0.1 fixed revision
Collections,27,testMap.csv,canonical_maps/Collections-27/testMap.csv,canonical_included,15e385c7932569842f778d54c51df94ac1cbf73a550332a14ff765b8cfd6cb29,8542,Major 3.0.1 kill-map export on Defects4J 3.0.1 fixed revision
Collections,27,covMap.csv,canonical_maps/Collections-27/covMap.csv,canonical_included,1ca8221bb4321fe551ce15944b8d15249856d75a15b44cc48c4c9ea1e950474b,6916,Major 3.0.1 kill-map export on Defects4J 3.0.1 fixed revision
Collections,27,killMap.csv,canonical_maps/Collections-27/killMap.csv,canonical_included,1e5628ea7ee442293994b48923e3c8e98278475a9e7541a6ad986faee73c38aa,4200,Major 3.0.1 kill-map export on Defects4J 3.0.1 fixed revision
Collections,27,mutants.log,canonical_maps/Collections-27/mutants.log,canonical_included,41864a5d281c71385efa0b054410f495a134d0658163b78812f49a97aa18f4e9,13950,Major 3.0.1 kill-map export on Defects4J 3.0.1 fixed revision
Collections,27,trigger_tests.txt,canonical_maps/Collections-27/trigger_tests.txt,canonical_included,0c733605b892092e73990813546eb46bc574000919a5dd7527f3521488c9d63e,2748,Major 3.0.1 kill-map export on Defects4J 3.0.1 fixed revision
JacksonCore,18,testMap.csv,canonical_maps/JacksonCore-18/testMap.csv,canonical_included,8172478efb4fcd2db31451216c936983ad748f8ff53d0885052c20fc4f8a7481,25967,Major 3.0.1 kill-map export on Defects4J 3.0.1 fixed revision
JacksonCore,18,covMap.csv,canonical_maps/JacksonCore-18/covMap.csv,canonical_included,61cf012e815dcf333814588d7c2c608eaa5dce10b198e1f5810d405b4b7c4c54,234668,Major 3.0.1 kill-map export on Defects4J 3.0.1 fixed revision
JacksonCore,18,killMap.csv,canonical_maps/JacksonCore-18/killMap.csv,canonical_included,caf5ac2b97b93f5d1e2c788de822a85caf2895e62f1a1bf61067cef4fec091d3,123187,Major 3.0.1 kill-map export on Defects4J 3.0.1 fixed revision
JacksonCore,18,mutants.log,canonical_maps/JacksonCore-18/mutants.log,canonical_included,813d222e892f7d5e6d1b1b6efdd44eef6f8fbad97aadd93e863bb3db1d075529,755589,Major 3.0.1 kill-map export on Defects4J 3.0.1 fixed revision
JacksonCore,18,trigger_tests.txt,canonical_maps/JacksonCore-18/trigger_tests.txt,canonical_included,f667eaaf9824844c34a2e115c55a269cffba16abea32223dbb7b9531a7f408bb,2750,Major 3.0.1 kill-map export on Defects4J 3.0.1 fixed revision
Compress,14,testMap.csv,canonical_maps/Compress-14/testMap.csv,canonical_included,f64a3197ea6c1a97a5dc8e1b94363c881f869b94251eaac8a51d0c48f31f3d5b,6857,Major 3.0.1 kill-map export on Defects4J 3.0.1 fixed revision
Compress,14,covMap.csv,canonical_maps/Compress-14/covMap.csv,canonical_included,4322eaa6f89eef2207503f549cd3ce5ba0acc2837ff784b70e2b6b64640318bb,43306,Major 3.0.1 kill-map export on Defects4J 3.0.1 fixed revision
Compress,14,killMap.csv,canonical_maps/Compress-14/killMap.csv,canonical_included,60e6f9384d4a1cc88c48526471df3a7a9158a009dcb09cebad32d3a346913910,37267,Major 3.0.1 kill-map export on Defects4J 3.0.1 fixed revision
Compress,14,mutants.log,canonical_maps/Compress-14/mutants.log,canonical_included,13609554600ddb2a69081f5b7b387a481a5a659da70f130178a2f8479a427b48,59417,Major 3.0.1 kill-map export on Defects4J 3.0.1 fixed revision
Compress,14,trigger_tests.txt,canonical_maps/Compress-14/trigger_tests.txt,canonical_included,01a48d594d423357f9f13bc83c10dba16e3e6c17c02d63337d7f6f57c1eb967b,3881,Major 3.0.1 kill-map export on Defects4J 3.0.1 fixed revision
Mockito,30,testMap.csv,canonical_maps/Mockito-30/testMap.csv,canonical_included,a40c5cfa10cf9347f07e1214d56cbda5aa2dfef1e6733cb90d6f0e6eb4191f8f,94104,Major 3.0.1 kill-map export on Defects4J 3.0.1 fixed revision
Mockito,30,covMap.csv,canonical_maps/Mockito-30/covMap.csv,canonical_included,57656175334dc593f63cf277d0508ae6a5a29ac6538c5b46368fcfd3622cf790,2342,Major 3.0.1 kill-map export on Defects4J 3.0.1 fixed revision
Mockito,30,killMap.csv,canonical_maps/Mockito-30/killMap.csv,canonical_included,f1f102b5269aad3ab07147293889f2c1411b32d2eb4795f381dff8c70e4026ee,1387,Major 3.0.1 kill-map export on Defects4J 3.0.1 fixed revision
Mockito,30,mutants.log,canonical_maps/Mockito-30/mutants.log,canonical_included,f2cc3365c4d79ccb22632c4cb9ae54cc5f39912c365424afa97244bacc71d01a,4507,Major 3.0.1 kill-map export on Defects4J 3.0.1 fixed revision
Mockito,30,trigger_tests.txt,canonical_maps/Mockito-30/trigger_tests.txt,canonical_included,319b58210c96f9d74d527a5ebaf0f4d41d8e16a81f3b45f2f9e1fabd16e680bf,3740,Major 3.0.1 kill-map export on Defects4J 3.0.1 fixed revision
Jsoup,42,testMap.csv,canonical_maps/Jsoup-42/testMap.csv,canonical_included,7674567b319234a8498228743d521e5d496dde8969502c9f1b827266b0a27a00,22230,Major 3.0.1 kill-map export on Defects4J 3.0.1 fixed revision
Jsoup,42,covMap.csv,canonical_maps/Jsoup-42/covMap.csv,canonical_included,a563db694bb5c03429688cae9a270e5f73ce7287e2ac7f2607b687b90a7ff12c,794,Major 3.0.1 kill-map export on Defects4J 3.0.1 fixed revision
Jsoup,42,killMap.csv,canonical_maps/Jsoup-42/killMap.csv,canonical_included,b7060e656279b892a413798728748d0468c98fd05bfb3fe45539f45c3546515e,615,Major 3.0.1 kill-map export on Defects4J 3.0.1 fixed revision
Jsoup,42,mutants.log,canonical_maps/Jsoup-42/mutants.log,canonical_included,326e6d3d57c2139a1fccd1826ad0d5f1bb8c366a2e4e8e093ecf22a8a0ac9c21,4561,Major 3.0.1 kill-map export on Defects4J 3.0.1 fixed revision
Jsoup,42,trigger_tests.txt,canonical_maps/Jsoup-42/trigger_tests.txt,canonical_included,fd63c2101d448872614f1d6a735624e5f287cf817df042262b671601c2181544,6688,Major 3.0.1 kill-map export on Defects4J 3.0.1 fixed revision
Cli,32,testMap.csv,canonical_maps/Cli-32/testMap.csv,canonical_included,438911f67736fedf7e7289dc7bec725301a3d92400310865ae13c25baf449f57,3029,Major 3.0.1 kill-map export on Defects4J 3.0.1 fixed revision
Cli,32,covMap.csv,canonical_maps/Cli-32/covMap.csv,canonical_included,cafe05adf284bf3f91120deb3368e280a46036ac05938607c46893c05914f050,26562,Major 3.0.1 kill-map export on Defects4J 3.0.1 fixed revision
Cli,32,killMap.csv,canonical_maps/Cli-32/killMap.csv,canonical_included,8d38538264cb8b8ffccf339e70345c39a601b26be5f2e216672bd54d88a2ecc6,19359,Major 3.0.1 kill-map export on Defects4J 3.0.1 fixed revision
Cli,32,mutants.log,canonical_maps/Cli-32/mutants.log,canonical_included,55ec791236a9fd310c1ae92bf0ac8fc04094a5a2a2c748a591856851ba57ce31,64701,Major 3.0.1 kill-map export on Defects4J 3.0.1 fixed revision
Cli,32,trigger_tests.txt,canonical_maps/Cli-32/trigger_tests.txt,canonical_included,5e627c2a39058d966b67d5e3081f5d94af8b16a74dc0432a778144948400bf48,5675,Major 3.0.1 kill-map export on Defects4J 3.0.1 fixed revision
Jsoup,37,testMap.csv,canonical_maps/Jsoup-37/testMap.csv,canonical_included,ee0b9c16cfc6aa10cbc15a53108ebd0e60eab234ddd7b6536016b1728383b06c,21073,Major 3.0.1 kill-map export on Defects4J 3.0.1 fixed revision
Jsoup,37,covMap.csv,canonical_maps/Jsoup-37/covMap.csv,canonical_included,a2c8a97f84541ebfef1b7d0d5c25da765e1425cf1df17ee2ef915fc03b417d53,109872,Major 3.0.1 kill-map export on Defects4J 3.0.1 fixed revision
Jsoup,37,killMap.csv,canonical_maps/Jsoup-37/killMap.csv,canonical_included,2dc933b89dcbd672d5feedb0b0d8c77f251be3ea4c1153e59b66613c2a2011ab,41076,Major 3.0.1 kill-map export on Defects4J 3.0.1 fixed revision
Jsoup,37,mutants.log,canonical_maps/Jsoup-37/mutants.log,canonical_included,a25280c8cebb419301460b7cf4b96f40e9ef517351885b42624ddaa8b6973df9,56783,Major 3.0.1 kill-map export on Defects4J 3.0.1 fixed revision
Jsoup,37,trigger_tests.txt,canonical_maps/Jsoup-37/trigger_tests.txt,canonical_included,0228c512d6802854995afb62f71ba0fa5b4a06c1abfb06d5357d9ab045e46151,3281,Major 3.0.1 kill-map export on Defects4J 3.0.1 fixed revision
Collections,11,testMap.csv,canonical_maps/Collections-11/testMap.csv,canonical_included,54d4fc309d21650d3ee4be88c549110865c175889786260c2654ae776ee5ea6d,4880,Major 3.0.1 kill-map export on Defects4J 3.0.1 fixed revision
Collections,11,covMap.csv,canonical_maps/Collections-11/covMap.csv,canonical_included,46ed28e605a9aaf4bb6ae04459818842722acaeb1fe32076fe4e238ddd956f1f,4698,Major 3.0.1 kill-map export on Defects4J 3.0.1 fixed revision
Collections,11,killMap.csv,canonical_maps/Collections-11/killMap.csv,canonical_included,3b84c55a3a40ff1727399ad84f588db558e3a2aa7bf0e572cd2f60bc4e831f03,1648,Major 3.0.1 kill-map export on Defects4J 3.0.1 fixed revision
Collections,11,mutants.log,canonical_maps/Collections-11/mutants.log,canonical_included,884fd895c91e6ac801d7a2bb876cde5bae157f64f219134c4f61031b543e2073,3078,Major 3.0.1 kill-map export on Defects4J 3.0.1 fixed revision
Collections,11,trigger_tests.txt,canonical_maps/Collections-11/trigger_tests.txt,canonical_included,3e2ab196053b6d20f3642b92a19b344680c02933f1a03af50239cbd993046212,2897,Major 3.0.1 kill-map export on Defects4J 3.0.1 fixed revision
Jsoup,2,testMap.csv,canonical_maps/Jsoup-2/testMap.csv,canonical_included,fd3a844a45f2b4729eb6af08f95ea86a31121ce9b97fbf9d2f532033ade45738,6800,Major 3.0.1 kill-map export on Defects4J 3.0.1 fixed revision
Jsoup,2,covMap.csv,canonical_maps/Jsoup-2/covMap.csv,canonical_included,dc7c3e1ea9868e92c3deaa3d252eec27b40ccf770f429e4d09e8c89f2dc5e674,103827,Major 3.0.1 kill-map export on Defects4J 3.0.1 fixed revision
Jsoup,2,killMap.csv,canonical_maps/Jsoup-2/killMap.csv,canonical_included,fea446662bae0cec5a74b48e993b5feb7e7f107bdf63f091d50115ba28733e64,73710,Major 3.0.1 kill-map export on Defects4J 3.0.1 fixed revision
Jsoup,2,mutants.log,canonical_maps/Jsoup-2/mutants.log,canonical_included,468dd007a259d1e004d45876ff571eb424419964f969e86f628f348f2e946e3f,23558,Major 3.0.1 kill-map export on Defects4J 3.0.1 fixed revision
Jsoup,2,trigger_tests.txt,canonical_maps/Jsoup-2/trigger_tests.txt,canonical_included,39ef826319e28c456ae98c689103dee833ddb390608388d16363c81fb656d008,3350,Major 3.0.1 kill-map export on Defects4J 3.0.1 fixed revision
Compress,7,testMap.csv,canonical_maps/Compress-7/testMap.csv,canonical_included,af3d496bfc5b33b873009ce7e3bf93c81d430f45198553b9ea19ef565db26e03,4794,Major 3.0.1 kill-map export on Defects4J 3.0.1 fixed revision
Compress,7,covMap.csv,canonical_maps/Compress-7/covMap.csv,canonical_included,4f75ff64b06e9facee022f58bf9b46320977a3c34f7b635ab7ec5655ba352e2a,20211,Major 3.0.1 kill-map export on Defects4J 3.0.1 fixed revision
Compress,7,killMap.csv,canonical_maps/Compress-7/killMap.csv,canonical_included,54de03b642256c09b63bf5615bcb6d420fa21d81c3b44ffac6aae7e8527d8349,18138,Major 3.0.1 kill-map export on Defects4J 3.0.1 fixed revision
Compress,7,mutants.log,canonical_maps/Compress-7/mutants.log,canonical_included,0a7d53f2434c574667dc96271d6c1285b050d893935cb70ed6349773d97ad09d,36590,Major 3.0.1 kill-map export on Defects4J 3.0.1 fixed revision
Compress,7,trigger_tests.txt,canonical_maps/Compress-7/trigger_tests.txt,canonical_included,b696aa7817bd37c482380a76e093549f992ed6bd8ebe33cf64da129abb5b34dc,3076,Major 3.0.1 kill-map export on Defects4J 3.0.1 fixed revision
Jsoup,43,testMap.csv,canonical_maps/Jsoup-43/testMap.csv,canonical_included,94161226aa0588a775d9b65e7026c23fae2f0a7d0f788e9177afb5c114441727,23840,Major 3.0.1 kill-map export on Defects4J 3.0.1 fixed revision
Jsoup,43,covMap.csv,canonical_maps/Jsoup-43/covMap.csv,canonical_included,69ebeedc1e8332b2b071e3074cad62469fc7958637275d9115cdee38de31d706,145912,Major 3.0.1 kill-map export on Defects4J 3.0.1 fixed revision
Jsoup,43,killMap.csv,canonical_maps/Jsoup-43/killMap.csv,canonical_included,0734cd57eda85a62c045137cc70d4803e03cb6006301e475432ef86c4c903da6,77922,Major 3.0.1 kill-map export on Defects4J 3.0.1 fixed revision
Jsoup,43,mutants.log,canonical_maps/Jsoup-43/mutants.log,canonical_included,25a93a4d1a05f429786696fa3673c1dbe42867aff53afbd4b2c75f52dc649143,65173,Major 3.0.1 kill-map export on Defects4J 3.0.1 fixed revision
Jsoup,43,trigger_tests.txt,canonical_maps/Jsoup-43/trigger_tests.txt,canonical_included,4ccb385f0737d5704e4ec99ebe9c586a5c6a5a13e9f0ed4e8c8ee9386f4f3a73,6574,Major 3.0.1 kill-map export on Defects4J 3.0.1 fixed revision
Chart,23,testMap.csv,canonical_maps/Chart-23/testMap.csv,canonical_included,493684666f2813802af41014b776d228648a2d86466bede174d4b2ab527795e8,466,Major 3.0.1 kill-map export on Defects4J 3.0.1 fixed revision
Chart,23,covMap.csv,canonical_maps/Chart-23/covMap.csv,canonical_included,c84611f28f735953028b661408ddb05e3395ae128bd3cf5b376ef7eceb33c291,1696,Major 3.0.1 kill-map export on Defects4J 3.0.1 fixed revision
Chart,23,killMap.csv,canonical_maps/Chart-23/killMap.csv,canonical_included,926cd49f0283f541ad93f0218f5d3d6c70b63bfdc67d6f787385fcca524b0dea,422,Major 3.0.1 kill-map export on Defects4J 3.0.1 fixed revision
Chart,23,mutants.log,canonical_maps/Chart-23/mutants.log,canonical_included,aa6a19dcb95e150ac752c58113a694b309883bd9229e50c8c2be4e5650f9affb,54612,Major 3.0.1 kill-map export on Defects4J 3.0.1 fixed revision
Chart,23,trigger_tests.txt,canonical_maps/Chart-23/trigger_tests.txt,canonical_included,7dea10d972ea2fc1b84d5ecdf1122934db802713033a4a45af4ab7d38057abb6,2869,Major 3.0.1 kill-map export on Defects4J 3.0.1 fixed revision
Math,72,testMap.csv,canonical_maps/Math-72/testMap.csv,canonical_included,f3974dde252effd5e05de57070d96e7bcf9475e888d1c0282f278ecec74fa94c,19215,Major 3.0.1 kill-map export on Defects4J 3.0.1 fixed revision
Math,72,covMap.csv,canonical_maps/Math-72/covMap.csv,canonical_included,7b7408ec6df5676ff1ab2afb96266422b3a928fe9927abcc85551977943bb333,186972,Major 3.0.1 kill-map export on Defects4J 3.0.1 fixed revision
Math,72,killMap.csv,canonical_maps/Math-72/killMap.csv,canonical_included,61ef10237bd2bad2a5186384112dc36e03c688bc20b52dbb99ed43c2bfe7a44e,79114,Major 3.0.1 kill-map export on Defects4J 3.0.1 fixed revision
Math,72,mutants.log,canonical_maps/Math-72/mutants.log,canonical_included,3e107a88afe05af5f6e4c4edd0e1a502ddba28295f63fa8958b0dbd326a70441,83635,Major 3.0.1 kill-map export on Defects4J 3.0.1 fixed revision
Math,72,trigger_tests.txt,canonical_maps/Math-72/trigger_tests.txt,canonical_included,fc8eff497bbd674cc88e90dc2e1024fc934b2d97420dd7ba934c47819f4106cb,2922,Major 3.0.1 kill-map export on Defects4J 3.0.1 fixed revision
Math,46,testMap.csv,canonical_maps/Math-46/testMap.csv,canonical_included,a5a1378222c2b70521152a24a39959d317823fc4854d7e178dce3781e1ced068,14426,Major 3.0.1 kill-map export on Defects4J 3.0.1 fixed revision
Math,46,covMap.csv,canonical_maps/Math-46/covMap.csv,canonical_included,006fb8482a6e43b6dd01d63903781518730f6fa3399c04ccf47216b20084bda4,80969,Major 3.0.1 kill-map export on Defects4J 3.0.1 fixed revision
Math,46,killMap.csv,canonical_maps/Math-46/killMap.csv,canonical_included,b5c8b9ccb646aec197f21be63f5f36be8eafc7d317bbbad5abd8b6b3849b605f,35666,Major 3.0.1 kill-map export on Defects4J 3.0.1 fixed revision
Math,46,mutants.log,canonical_maps/Math-46/mutants.log,canonical_included,24ee4c640c10738aeec33757f1e1521b216a910826f5e8d86102571ad8f2f1e3,90759,Major 3.0.1 kill-map export on Defects4J 3.0.1 fixed revision
Math,46,trigger_tests.txt,canonical_maps/Math-46/trigger_tests.txt,canonical_included,d5604644c529df31546da51d0d52a07633d67b4ae2c1e1fe0241bb06b5abaad4,6660,Major 3.0.1 kill-map export on Defects4J 3.0.1 fixed revision
Compress,30,testMap.csv,canonical_maps/Compress-30/testMap.csv,canonical_included,eaf86b432e8e5d4ccf7ccaae808baaf09da8ea9eb60d0f9822f84caeaa04824c,8659,Major 3.0.1 kill-map export on Defects4J 3.0.1 fixed revision
Compress,30,covMap.csv,canonical_maps/Compress-30/covMap.csv,canonical_included,a921d733a648c388807dbd4d777bdc1b3bc203aefacaa1abe32025221089ed49,110089,Major 3.0.1 kill-map export on Defects4J 3.0.1 fixed revision
Compress,30,killMap.csv,canonical_maps/Compress-30/killMap.csv,canonical_included,40688e63602fb52f2943ea09fd843ecf9b522c0e5960dec87707fdf57243e3e5,106427,Major 3.0.1 kill-map export on Defects4J 3.0.1 fixed revision
Compress,30,mutants.log,canonical_maps/Compress-30/mutants.log,canonical_included,0ceba4bcb3e59e53695f41027d12b1656b778ec42ae694552222ff84f2d1a597,221174,Major 3.0.1 kill-map export on Defects4J 3.0.1 fixed revision
Compress,30,trigger_tests.txt,canonical_maps/Compress-30/trigger_tests.txt,canonical_included,1993d9c738037abf78581522191a4567432a9f177243f4156ef2e5387cc90b17,3523,Major 3.0.1 kill-map export on Defects4J 3.0.1 fixed revision
Cli,39,testMap.csv,canonical_maps/Cli-39/testMap.csv,canonical_included,b3f6f01adf6fff56e34e63c481d37cf91758d76fb027f6c811cae272a9f6b89f,1310,Major 3.0.1 kill-map export on Defects4J 3.0.1 fixed revision
Cli,39,covMap.csv,canonical_maps/Cli-39/covMap.csv,canonical_included,0a9844701f5a02b9ea045eebaf0ef23e55d67cb5a707f79d66065a43f9a3fcf0,361,Major 3.0.1 kill-map export on Defects4J 3.0.1 fixed revision
Cli,39,killMap.csv,canonical_maps/Cli-39/killMap.csv,canonical_included,a583da465c31642e56c3b4ff0880ffbc41d885990507890edcb6a6234f46e985,281,Major 3.0.1 kill-map export on Defects4J 3.0.1 fixed revision
Cli,39,mutants.log,canonical_maps/Cli-39/mutants.log,canonical_included,cb3cf6e0c81c8b519e26493c12bc6806a96c8269fbad44231752cc07bdc3d34a,2571,Major 3.0.1 kill-map export on Defects4J 3.0.1 fixed revision
Cli,39,trigger_tests.txt,canonical_maps/Cli-39/trigger_tests.txt,canonical_included,7cdaa8ef7c8a353d2f131130a0901c64ae0cfbcd2c5d58bb6dbb819650e03cef,6705,Major 3.0.1 kill-map export on Defects4J 3.0.1 fixed revision
JacksonCore,3,testMap.csv,canonical_maps/JacksonCore-3/testMap.csv,canonical_included,1c6e26530230690e5f398f7f352d7f11bd81dc8fcb187811ce1e0de620c8c648,10547,Major 3.0.1 kill-map export on Defects4J 3.0.1 fixed revision
JacksonCore,3,covMap.csv,canonical_maps/JacksonCore-3/covMap.csv,canonical_included,cf6e1a94d8faa577b00a78328c570f1dc49a73c1c629a366ad4d6642bbba3f82,219120,Major 3.0.1 kill-map export on Defects4J 3.0.1 fixed revision
JacksonCore,3,killMap.csv,canonical_maps/JacksonCore-3/killMap.csv,canonical_included,a6844062ea7e840f9b39bf9b9b0200a585a2d0aadae37602ac263a5b0dcb5db5,157302,Major 3.0.1 kill-map export on Defects4J 3.0.1 fixed revision
JacksonCore,3,mutants.log,canonical_maps/JacksonCore-3/mutants.log,canonical_included,a8fd8548f5d74d27ccacc0bcff5edd102eb7a7d1fdac89d08183e8efe351d315,557390,Major 3.0.1 kill-map export on Defects4J 3.0.1 fixed revision
JacksonCore,3,trigger_tests.txt,canonical_maps/JacksonCore-3/trigger_tests.txt,canonical_included,b3bb42b6ad59689e4d71b117293d5723994b19fe59e17d2187782ece63e739c2,2929,Major 3.0.1 kill-map export on Defects4J 3.0.1 fixed revision
Collections,20,testMap.csv,canonical_maps/Collections-20/testMap.csv,canonical_included,15713cce9edf6846d400e216eb8b0dc583743c94bbb657834f8751176f5344f3,5069,Major 3.0.1 kill-map export on Defects4J 3.0.1 fixed revision
Collections,20,covMap.csv,canonical_maps/Collections-20/covMap.csv,canonical_included,0cfd14630f99a3d725b0e0b6fa0e3971a7c4f4b1fe108835c5e077e1fcbcf216,57067,Major 3.0.1 kill-map export on Defects4J 3.0.1 fixed revision
Collections,20,killMap.csv,canonical_maps/Collections-20/killMap.csv,canonical_included,6307b8124d411aa7c9f6521ce54a9ace6113340ccf56ac615b64ba9349ae0cc2,50741,Major 3.0.1 kill-map export on Defects4J 3.0.1 fixed revision
Collections,20,mutants.log,canonical_maps/Collections-20/mutants.log,canonical_included,2d435783909e3a734476e5758dbed53b211be69d83c3b71badea3881115f8e98,70620,Major 3.0.1 kill-map export on Defects4J 3.0.1 fixed revision
Collections,20,trigger_tests.txt,canonical_maps/Collections-20/trigger_tests.txt,canonical_included,7f1559290e0725577a3855e8846a3ecd923a5ad397603400c61227a946088658,2769,Major 3.0.1 kill-map export on Defects4J 3.0.1 fixed revision
Math,28,testMap.csv,canonical_maps/Math-28/testMap.csv,canonical_included,4bea73691bc6e0107d58b19d9dd8aa30f1fef8eea69726f4c2a6d6615aeb7831,2351,Major 3.0.1 kill-map export on Defects4J 3.0.1 fixed revision
Math,28,covMap.csv,canonical_maps/Math-28/covMap.csv,canonical_included,0aab2224b9c650214c55d951dba1e4498d0b953051dcfaa9ba6b40d4304cdff0,14467,Major 3.0.1 kill-map export on Defects4J 3.0.1 fixed revision
Math,28,killMap.csv,canonical_maps/Math-28/killMap.csv,canonical_included,914fd417a4856af0496f792fd4becb82bd189dc6070ca51000ecba60faf8d5d9,12365,Major 3.0.1 kill-map export on Defects4J 3.0.1 fixed revision
Math,28,mutants.log,canonical_maps/Math-28/mutants.log,canonical_included,ad79473cb6e294471c68facaf496a421ee23794e84e4884a6b0268da13a1d17a,29462,Major 3.0.1 kill-map export on Defects4J 3.0.1 fixed revision
Math,28,trigger_tests.txt,canonical_maps/Math-28/trigger_tests.txt,canonical_included,ddb652227fc65ee0389287d490395e97662f3d6c803908dea655a01eea8d1a92,3704,Major 3.0.1 kill-map export on Defects4J 3.0.1 fixed revision
Math,61,testMap.csv,canonical_maps/Math-61/testMap.csv,canonical_included,1200025b85b05dad251ffe017be46aafe4414ee8ab8b8633fabfe08e1485d490,1155,Major 3.0.1 kill-map export on Defects4J 3.0.1 fixed revision
Math,61,covMap.csv,canonical_maps/Math-61/covMap.csv,canonical_included,4967e8c57ee17e8b769e533fdf357988da03c15e057b388eca7ec2c6c3319c8f,1241,Major 3.0.1 kill-map export on Defects4J 3.0.1 fixed revision
Math,61,killMap.csv,canonical_maps/Math-61/killMap.csv,canonical_included,cb5c003d284f1378b8fa604a5960ad5db7685b2b3df9517955b5203d9fe44b5f,1338,Major 3.0.1 kill-map export on Defects4J 3.0.1 fixed revision
Math,61,mutants.log,canonical_maps/Math-61/mutants.log,canonical_included,0bdd5d22fffdd6ccd3b5cf350035db4ae0af2a8c742ebb30d86bafd4f296bdda,11258,Major 3.0.1 kill-map export on Defects4J 3.0.1 fixed revision
Math,61,trigger_tests.txt,canonical_maps/Math-61/trigger_tests.txt,canonical_included,ea32edfa32de3e021e523668e871bae7e413b69b5886113972614d16b1d88425,2947,Major 3.0.1 kill-map export on Defects4J 3.0.1 fixed revision
Jsoup,14,testMap.csv,canonical_maps/Jsoup-14/testMap.csv,canonical_included,020ae2c64d60f8ab229d947a417603b726651368098171a85a34328866e3024f,12141,Major 3.0.1 kill-map export on Defects4J 3.0.1 fixed revision
Jsoup,14,covMap.csv,canonical_maps/Jsoup-14/covMap.csv,canonical_included,7ce6e4dab4e1c612f8531316d15813c94af91602ef3b4506cb6491bce8a4ed5d,125506,Major 3.0.1 kill-map export on Defects4J 3.0.1 fixed revision
Jsoup,14,killMap.csv,canonical_maps/Jsoup-14/killMap.csv,canonical_included,5d50bd8de185f1012e66f0c0579c5914b46e470d71c5a4342778416f737e03b7,121781,Major 3.0.1 kill-map export on Defects4J 3.0.1 fixed revision
Jsoup,14,mutants.log,canonical_maps/Jsoup-14/mutants.log,canonical_included,44cf911dca9015639b67778ca927b6c3b58164c15e1772ccc08b178f3bdb5f31,164989,Major 3.0.1 kill-map export on Defects4J 3.0.1 fixed revision
Jsoup,14,trigger_tests.txt,canonical_maps/Jsoup-14/trigger_tests.txt,canonical_included,a74e469cec3d9640cbcd18b72f2912d21e42d0e71a74fa7be82bf62d235ac3d3,6547,Major 3.0.1 kill-map export on Defects4J 3.0.1 fixed revision
Mockito,32,testMap.csv,canonical_maps/Mockito-32/testMap.csv,canonical_included,ce16713518249e842f9350255aaaeb9b381f2fedff03dd68dd9eb31a4348e4a5,91533,Major 3.0.1 kill-map export on Defects4J 3.0.1 fixed revision
Mockito,32,covMap.csv,canonical_maps/Mockito-32/covMap.csv,canonical_included,e864d0fdc57cb6d9a7e254dd5ccd24a678d43820df468ebffb7667a62472017c,9911,Major 3.0.1 kill-map export on Defects4J 3.0.1 fixed revision
Mockito,32,killMap.csv,canonical_maps/Mockito-32/killMap.csv,canonical_included,167d683450b6ed9f347738538fe6ac9f8bc7911f07c50e1f216cd1025dd3cbea,7061,Major 3.0.1 kill-map export on Defects4J 3.0.1 fixed revision
Mockito,32,mutants.log,canonical_maps/Mockito-32/mutants.log,canonical_included,e33f32eb85759465b299a3936be16689e7c9f4ffc0cb5d560a411221d0b16906,2947,Major 3.0.1 kill-map export on Defects4J 3.0.1 fixed revision
Mockito,32,trigger_tests.txt,canonical_maps/Mockito-32/trigger_tests.txt,canonical_included,0a4fe59f8ba35349b3716bb45b6bd055e4ab6161faf6367c2bf430fec456ea58,3805,Major 3.0.1 kill-map export on Defects4J 3.0.1 fixed revision
Closure,111,testMap.csv,canonical_maps/Closure-111/testMap.csv,canonical_included,cf289ac29222fec62fcce1607cbabc2eb6b2c62065973f21977bf186b7a1bf76,184554,Major 3.0.1 kill-map export on Defects4J 3.0.1 fixed revision
Closure,111,covMap.csv,canonical_maps/Closure-111/covMap.csv,canonical_included,006bcb6f6f3ad57ff5e51617ccb8662f0b9ab3098a14f7742f692dddd0536933,18309,Major 3.0.1 kill-map export on Defects4J 3.0.1 fixed revision
Closure,111,killMap.csv,canonical_maps/Closure-111/killMap.csv,canonical_included,680426cfd2ca6983189f3737a716a11fa2e5f711c0e247b5f978d1dcd09aaccb,8930,Major 3.0.1 kill-map export on Defects4J 3.0.1 fixed revision
Closure,111,mutants.log,canonical_maps/Closure-111/mutants.log,canonical_included,7c8dbd9d5ddb6dfa4c823244afc63b39c9a67ed69499e2abef6de25294566aef,14779,Major 3.0.1 kill-map export on Defects4J 3.0.1 fixed revision
Closure,111,trigger_tests.txt,canonical_maps/Closure-111/trigger_tests.txt,canonical_included,0449566cc0fa55b3243d5b78fa9a783aa74f537f0c62290afc0aa955c54dfccb,3053,Major 3.0.1 kill-map export on Defects4J 3.0.1 fixed revision
JacksonDatabind,110,testMap.csv,canonical_maps/JacksonDatabind-110/testMap.csv,canonical_included,f3eaa6cafee684aba388570e79208e9a4bbe63c829c7a766b90bbfa60cbfec67,19616,Major 3.0.1 kill-map export on Defects4J 3.0.1 fixed revision
JacksonDatabind,110,covMap.csv,canonical_maps/JacksonDatabind-110/covMap.csv,canonical_included,2674e4f04809370ba723e36d93046ba483fa777a2cd60182b9e658f7b4c2a281,1971,Major 3.0.1 kill-map export on Defects4J 3.0.1 fixed revision
JacksonDatabind,110,killMap.csv,canonical_maps/JacksonDatabind-110/killMap.csv,canonical_included,725b071496802c32af91447e2f13118634a6c129a63f69f4af33003ac361b43e,1342,Major 3.0.1 kill-map export on Defects4J 3.0.1 fixed revision
JacksonDatabind,110,mutants.log,canonical_maps/JacksonDatabind-110/mutants.log,canonical_included,5db3255b605dd356a99e33349d8f52786974e0fe18e317b228a3779aae8b8001,7028,Major 3.0.1 kill-map export on Defects4J 3.0.1 fixed revision
JacksonDatabind,110,trigger_tests.txt,canonical_maps/JacksonDatabind-110/trigger_tests.txt,canonical_included,eb23bf6c975c424ba6592f0fbc622be3907a2d1da0ea22bbd3a1c8c207bc7709,4621,Major 3.0.1 kill-map export on Defects4J 3.0.1 fixed revision
Chart,22,testMap.csv,canonical_maps/Chart-22/testMap.csv,canonical_included,7a808fa5926c2c0047d794090a66f51c75d78836e6bd1d8c6ae500f178dc5013,4517,Major 3.0.1 kill-map export on Defects4J 3.0.1 fixed revision
Chart,22,covMap.csv,canonical_maps/Chart-22/covMap.csv,canonical_included,2ce3732e3b0d1bc22d8ac8a0b813e4db8a7c99dd134b32efa16eef393fdeed23,7989,Major 3.0.1 kill-map export on Defects4J 3.0.1 fixed revision
Chart,22,killMap.csv,canonical_maps/Chart-22/killMap.csv,canonical_included,3d45ea1318451ba709b2fd90c66f2308e9de94d8e922c4a05201a1d08e9e87c4,5524,Major 3.0.1 kill-map export on Defects4J 3.0.1 fixed revision
Chart,22,mutants.log,canonical_maps/Chart-22/mutants.log,canonical_included,8fa4677ddbcfbbb4e00e413c5fddc0938336afd20e48080e891759b885100b0d,24362,Major 3.0.1 kill-map export on Defects4J 3.0.1 fixed revision
Chart,22,trigger_tests.txt,canonical_maps/Chart-22/trigger_tests.txt,canonical_included,e21f32eaf2c2de84b2ce068f302ec422c3f5351063502f7a81da684e7a70d24d,16668,Major 3.0.1 kill-map export on Defects4J 3.0.1 fixed revision
Jsoup,79,testMap.csv,canonical_maps/Jsoup-79/testMap.csv,canonical_included,2f653acc5fb3c8f952e793524d8868c1a39e0955b7e68959b3f96a0b593fb058,35303,Major 3.0.1 kill-map export on Defects4J 3.0.1 fixed revision
Jsoup,79,covMap.csv,canonical_maps/Jsoup-79/covMap.csv,canonical_included,df5981e4650a0276aad986851f8e58f387761291e2079bf9c4fbc1529005fcec,20379,Major 3.0.1 kill-map export on Defects4J 3.0.1 fixed revision
Jsoup,79,killMap.csv,canonical_maps/Jsoup-79/killMap.csv,canonical_included,15a30b261f9ceac16f96cbb2625d55654be4806ba82e5feb476dfee83781875d,15180,Major 3.0.1 kill-map export on Defects4J 3.0.1 fixed revision
Jsoup,79,mutants.log,canonical_maps/Jsoup-79/mutants.log,canonical_included,b0ee2d0ec7b7eed31f04dd912cf4376cd06857ce95e45e355b95f443ce2b0da9,3335,Major 3.0.1 kill-map export on Defects4J 3.0.1 fixed revision
Jsoup,79,trigger_tests.txt,canonical_maps/Jsoup-79/trigger_tests.txt,canonical_included,a00c328fb1387fafbad1db602d3bda2e2840751b3fb9adf6704f8fde774825c2,3292,Major 3.0.1 kill-map export on Defects4J 3.0.1 fixed revision
Cli,33,testMap.csv,canonical_maps/Cli-33/testMap.csv,canonical_included,7029de78878b4c015343faaa56b5856ef144a11df9f36aeb4546d3a145040882,3104,Major 3.0.1 kill-map export on Defects4J 3.0.1 fixed revision
Cli,33,covMap.csv,canonical_maps/Cli-33/covMap.csv,canonical_included,ec9bb8a4a67dd7a62c49876590db51da00b5645be42a2a8e96a190328df7a6f8,27928,Major 3.0.1 kill-map export on Defects4J 3.0.1 fixed revision
Cli,33,killMap.csv,canonical_maps/Cli-33/killMap.csv,canonical_included,91118041cf85a73fd0831ccba5054f9911b622856c064dfaa4c99a15f68c9d94,20365,Major 3.0.1 kill-map export on Defects4J 3.0.1 fixed revision
Cli,33,mutants.log,canonical_maps/Cli-33/mutants.log,canonical_included,dacfd7482f43acc7ddf21c7e46e8a7d31d6e1e4c987b2f5627aca24555122b11,65946,Major 3.0.1 kill-map export on Defects4J 3.0.1 fixed revision
Cli,33,trigger_tests.txt,canonical_maps/Cli-33/trigger_tests.txt,canonical_included,47ba856b4f16dc0ef94703403c5b159cc7eb36de413fd4735dd9accbd4e06192,2872,Major 3.0.1 kill-map export on Defects4J 3.0.1 fixed revision
Lang,26,testMap.csv,canonical_maps/Lang-26/testMap.csv,canonical_included,a13045d59f2dfd2e1a561398c2c87ad43d745eed70aaa5d72b52389c2883d979,6788,Major 3.0.1 kill-map export on Defects4J 3.0.1 fixed revision
Lang,26,covMap.csv,canonical_maps/Lang-26/covMap.csv,canonical_included,06dbe6239239cc1388a446454cb32164e232c36c8258d84043afda5e1cc00145,99209,Major 3.0.1 kill-map export on Defects4J 3.0.1 fixed revision
Lang,26,killMap.csv,canonical_maps/Lang-26/killMap.csv,canonical_included,d31282245fe1fb3428864330de4ff15568393b8ee9ab0ed76b8f3f00f05a7c91,66416,Major 3.0.1 kill-map export on Defects4J 3.0.1 fixed revision
Lang,26,mutants.log,canonical_maps/Lang-26/mutants.log,canonical_included,f6a85479edf97ba4b6f2ec8d3c666c547d372d1e81e9723794662395e028f699,134952,Major 3.0.1 kill-map export on Defects4J 3.0.1 fixed revision
Lang,26,trigger_tests.txt,canonical_maps/Lang-26/trigger_tests.txt,canonical_included,626811cc7187286fe7fb6cd8651dada3974e5a8a19bb0506cba69b892f8494f2,2783,Major 3.0.1 kill-map export on Defects4J 3.0.1 fixed revision
Gson,2,testMap.csv,canonical_maps/Gson-2/testMap.csv,canonical_included,a745a9ea9b83931c5a608221eb94f58be3745ba994788ca36767a821cdd32698,62191,Major 3.0.1 kill-map export on Defects4J 3.0.1 fixed revision
Gson,2,covMap.csv,canonical_maps/Gson-2/covMap.csv,canonical_included,6ed8ed1cb4f8f9f58076d9c1a8babfbb707e5bea727119a95b499d386e3f94fa,91322,Major 3.0.1 kill-map export on Defects4J 3.0.1 fixed revision
Gson,2,killMap.csv,canonical_maps/Gson-2/killMap.csv,canonical_included,961775a4114375fbea9fe0da870270cc9e43d674f10e17a55cbbe5fe62a0d913,48038,Major 3.0.1 kill-map export on Defects4J 3.0.1 fixed revision
Gson,2,mutants.log,canonical_maps/Gson-2/mutants.log,canonical_included,0473b29add308ef86e603a26ee515ec806e32d8784b936f4b3107cf3eb4ae110,48507,Major 3.0.1 kill-map export on Defects4J 3.0.1 fixed revision
Gson,2,trigger_tests.txt,canonical_maps/Gson-2/trigger_tests.txt,canonical_included,3fcd1b3aca86038a491d664c0a418eaeceebc81c4c0059959b2c860f353ef80f,2750,Major 3.0.1 kill-map export on Defects4J 3.0.1 fixed revision
JxPath,8,testMap.csv,canonical_maps/JxPath-8/testMap.csv,canonical_included,4d99c7fe47f3c36d610d2be73ea73094ae4a1c01998a08765943cc79e5114384,12445,Major 3.0.1 kill-map export on Defects4J 3.0.1 fixed revision
JxPath,8,covMap.csv,canonical_maps/JxPath-8/covMap.csv,canonical_included,65b5924d62ae58dfb400161eea78dcbe30faaa660605299175a0908472318aad,1517,Major 3.0.1 kill-map export on Defects4J 3.0.1 fixed revision
JxPath,8,killMap.csv,canonical_maps/JxPath-8/killMap.csv,canonical_included,057dc63f764220080579cca8499b26eeb4c3c7d05a7a0a85cf2f9e88dbbfc8cb,1683,Major 3.0.1 kill-map export on Defects4J 3.0.1 fixed revision
JxPath,8,mutants.log,canonical_maps/JxPath-8/mutants.log,canonical_included,4d363aaffd0c73597610642d258910c38414aec9da9014fb747c57d952e5aee5,8441,Major 3.0.1 kill-map export on Defects4J 3.0.1 fixed revision
JxPath,8,trigger_tests.txt,canonical_maps/JxPath-8/trigger_tests.txt,canonical_included,b0bc363d1313cf2e09d035ed3d22eef02b062f8c80e5cc5ff1369b300e1972e7,2925,Major 3.0.1 kill-map export on Defects4J 3.0.1 fixed revision
Lang,24,testMap.csv,canonical_maps/Lang-24/testMap.csv,canonical_included,8620dcd0c863ee4fe2edc95f56d0afc82d54416acc2d64200058696a85796c60,8262,Major 3.0.1 kill-map export on Defects4J 3.0.1 fixed revision
Lang,24,covMap.csv,canonical_maps/Lang-24/covMap.csv,canonical_included,16263ddf45801106075ebcedd1e92343f4cccf2728346ad6d9fd92245dfa66dd,17888,Major 3.0.1 kill-map export on Defects4J 3.0.1 fixed revision
Lang,24,killMap.csv,canonical_maps/Lang-24/killMap.csv,canonical_included,6c9581e8315f709922e13dba3e66fc50b9d5e04cc43bd9269ec1f3a2bbc6dcb3,8338,Major 3.0.1 kill-map export on Defects4J 3.0.1 fixed revision
Lang,24,mutants.log,canonical_maps/Lang-24/mutants.log,canonical_included,1b3023086e9f0f7f1e764483347f235882b535c8627427ee3a1aacaa6e343779,123050,Major 3.0.1 kill-map export on Defects4J 3.0.1 fixed revision
Lang,24,trigger_tests.txt,canonical_maps/Lang-24/trigger_tests.txt,canonical_included,ec16b1c7452eb44600e92b094444e82c74e1c55d1fbd584df40c51f982ac6e73,2798,Major 3.0.1 kill-map export on Defects4J 3.0.1 fixed revision
Lang,16,testMap.csv,canonical_maps/Lang-16/testMap.csv,canonical_included,6e32b5516d52e7be98d049df7b3a465e4abbaea416390a98cc6aab999e6d4349,12695,Major 3.0.1 kill-map export on Defects4J 3.0.1 fixed revision
Lang,16,covMap.csv,canonical_maps/Lang-16/covMap.csv,canonical_included,071d8c375e950c1424dda104da690546826408d37c107a3d40db11e131e6ce05,23408,Major 3.0.1 kill-map export on Defects4J 3.0.1 fixed revision
Lang,16,killMap.csv,canonical_maps/Lang-16/killMap.csv,canonical_included,99e3fc95bd4c2bfd2e62818cbf676b252be50c1c78b372c260b847eab4ec052f,8855,Major 3.0.1 kill-map export on Defects4J 3.0.1 fixed revision
Lang,16,mutants.log,canonical_maps/Lang-16/mutants.log,canonical_included,e03b566680f18281a09723a41c169e7c8cbfce4091f1b9e78a2b0329ccaf19ae,126012,Major 3.0.1 kill-map export on Defects4J 3.0.1 fixed revision
Lang,16,trigger_tests.txt,canonical_maps/Lang-16/trigger_tests.txt,canonical_included,aaaab4dfb2b3b7423d066800cacbf84b1eacc40f207a777339591795a6dd4d62,3260,Major 3.0.1 kill-map export on Defects4J 3.0.1 fixed revision
Lang,1,testMap.csv,canonical_maps/Lang-1/testMap.csv,canonical_included,bba189c5f03c15c41b586467d2886c02be521ac4c6c7994f3cbce0e63befc950,13403,Major 3.0.1 kill-map export on Defects4J 3.0.1 fixed revision
Lang,1,covMap.csv,canonical_maps/Lang-1/covMap.csv,canonical_included,319bee05935e433bec6eb01528b0577aa1eeadd207c7a4bfd1786c040f4dbd51,33508,Major 3.0.1 kill-map export on Defects4J 3.0.1 fixed revision
Lang,1,killMap.csv,canonical_maps/Lang-1/killMap.csv,canonical_included,a8b0abfbc2a257b5dde7202212e4647b09a60ac1f82c2ba00b016a1f9dc88e48,13409,Major 3.0.1 kill-map export on Defects4J 3.0.1 fixed revision
Lang,1,mutants.log,canonical_maps/Lang-1/mutants.log,canonical_included,fe518eb5f1a305d61fbb4c35af63f1d46aecc01c1f6f9ef5b0891d3cdee58110,136968,Major 3.0.1 kill-map export on Defects4J 3.0.1 fixed revision
Lang,1,trigger_tests.txt,canonical_maps/Lang-1/trigger_tests.txt,canonical_included,81aec28487b7356604abc3c5ef85f6b016667bc3531dd114f97315490aaa7177,3558,Major 3.0.1 kill-map export on Defects4J 3.0.1 fixed revision
Math,101,testMap.csv,canonical_maps/Math-101/testMap.csv,canonical_included,f7735b44bf7a8f7799be907dfb2e37a07897e8e8e0ec05c7242f428ba5e4e4c6,5745,Major 3.0.1 kill-map export on Defects4J 3.0.1 fixed revision
Math,101,covMap.csv,canonical_maps/Math-101/covMap.csv,canonical_included,3816a4b099d4534bc0150ca28fa38719e699392fd79e36c9af37c0411dbfe534,24379,Major 3.0.1 kill-map export on Defects4J 3.0.1 fixed revision
Math,101,killMap.csv,canonical_maps/Math-101/killMap.csv,canonical_included,67b8d841372c618c5d62df846a00a84f2d04ab3f81c6ac62ac8445c23f6dd4d8,19092,Major 3.0.1 kill-map export on Defects4J 3.0.1 fixed revision
Math,101,mutants.log,canonical_maps/Math-101/mutants.log,canonical_included,d5903f901dd3fc9f329cf1d8b1800ce65e39a36f429289525ca2dd29f7d44e6f,32299,Major 3.0.1 kill-map export on Defects4J 3.0.1 fixed revision
Math,101,trigger_tests.txt,canonical_maps/Math-101/trigger_tests.txt,canonical_included,1d27acf13f2f586648c128093aa0d7dae3efb28b42ed0932c02cde3bf323711d,5554,Major 3.0.1 kill-map export on Defects4J 3.0.1 fixed revision
Compress,46,testMap.csv,canonical_maps/Compress-46/testMap.csv,canonical_included,03e809cf1f0329902c3826f78e9528836423c360b1f8d1d4b15cb8d9718ee791,17243,Major 3.0.1 kill-map export on Defects4J 3.0.1 fixed revision
Compress,46,covMap.csv,canonical_maps/Compress-46/covMap.csv,canonical_included,2cbd00679840cefe3a00d3fbe44b7b5403ca47984ac8c472dabbf9ec3cee4871,28129,Major 3.0.1 kill-map export on Defects4J 3.0.1 fixed revision
Compress,46,killMap.csv,canonical_maps/Compress-46/killMap.csv,canonical_included,3f5d7397dc9f941b8e6ae1a1ca9752927580f451e2c2796bc97e10c40cc373ca,14393,Major 3.0.1 kill-map export on Defects4J 3.0.1 fixed revision
Compress,46,mutants.log,canonical_maps/Compress-46/mutants.log,canonical_included,d931c9df13060d45fd760385ea4ffb5afea71ea3ee402d33f42d7b5f7c35dede,66315,Major 3.0.1 kill-map export on Defects4J 3.0.1 fixed revision
Compress,46,trigger_tests.txt,canonical_maps/Compress-46/trigger_tests.txt,canonical_included,c00ef69e3dfe7189681f368befbf61975e195b0bcd50b5fd82f6c5491e0ea56e,3448,Major 3.0.1 kill-map export on Defects4J 3.0.1 fixed revision
Time,4,testMap.csv,canonical_maps/Time-4/testMap.csv,canonical_included,3342753ea80dc09a2a372bc3173c267a05274294cc7c137086770697052f53e3,52558,Major 3.0.1 kill-map export on Defects4J 3.0.1 fixed revision
Time,4,covMap.csv,canonical_maps/Time-4/covMap.csv,canonical_included,01c5aeaed233a037d69e6f131b89273c15f0d538ece5081855b2a7adf48d1286,86871,Major 3.0.1 kill-map export on Defects4J 3.0.1 fixed revision
Time,4,killMap.csv,canonical_maps/Time-4/killMap.csv,canonical_included,2ee68942eb74394dea8866446f55466f94a48d063581d36fdf8e41d6e8e095b2,51728,Major 3.0.1 kill-map export on Defects4J 3.0.1 fixed revision
Time,4,mutants.log,canonical_maps/Time-4/mutants.log,canonical_included,d4f87099542b1081fee7059031e8584b8143256eccf9b127bbc919da06b3e4a6,50785,Major 3.0.1 kill-map export on Defects4J 3.0.1 fixed revision
Time,4,trigger_tests.txt,canonical_maps/Time-4/trigger_tests.txt,canonical_included,0b503a181d2ce394946038150539cede87e3a845e5cf294b53223fe4f120d5e3,2666,Major 3.0.1 kill-map export on Defects4J 3.0.1 fixed revision
Compress,38,testMap.csv,canonical_maps/Compress-38/testMap.csv,canonical_included,c624469476a0fedeeb7370b909b1d94abb7ce42a833916ef0176ebf2faf64f5a,12970,Major 3.0.1 kill-map export on Defects4J 3.0.1 fixed revision
Compress,38,covMap.csv,canonical_maps/Compress-38/covMap.csv,canonical_included,f13b2eafbe25f41acdcc21b83e5cf7650e2395f030d37ffab36e0df15dca62c9,75759,Major 3.0.1 kill-map export on Defects4J 3.0.1 fixed revision
Compress,38,killMap.csv,canonical_maps/Compress-38/killMap.csv,canonical_included,8a3356b43f77c103c736387cf1a46df2e2d18b31e2089831909b64acc5b2d972,37556,Major 3.0.1 kill-map export on Defects4J 3.0.1 fixed revision
Compress,38,mutants.log,canonical_maps/Compress-38/mutants.log,canonical_included,0fe51b46c76ac46c2b8ff91ca15e3339733b55152b54e2e728f0425c6278bb93,83534,Major 3.0.1 kill-map export on Defects4J 3.0.1 fixed revision
Compress,38,trigger_tests.txt,canonical_maps/Compress-38/trigger_tests.txt,canonical_included,caa6c5a571a13140ea671bade95d85b210999da23be0cd241c92a11f9ac17552,4431,Major 3.0.1 kill-map export on Defects4J 3.0.1 fixed revision
Compress,4,testMap.csv,canonical_maps/Compress-4/testMap.csv,canonical_included,c6dae016267a3958ab6bea315a55d9727bc6f679385a0746a30234775ac92612,6785,Major 3.0.1 kill-map export on Defects4J 3.0.1 fixed revision
Compress,4,covMap.csv,canonical_maps/Compress-4/covMap.csv,canonical_included,7182666d2faa2f9ee1dd60f1ef35adff1fc78d195e04ee3236b728dd03179782,82331,Major 3.0.1 kill-map export on Defects4J 3.0.1 fixed revision
Compress,4,killMap.csv,canonical_maps/Compress-4/killMap.csv,canonical_included,58ee206cfec3281ac7ec08b505c6fd1b3840929b64d25b6c6ed958f75f0dc110,40217,Major 3.0.1 kill-map export on Defects4J 3.0.1 fixed revision
Compress,4,mutants.log,canonical_maps/Compress-4/mutants.log,canonical_included,6bb8f3bc046eef284da285085da49c3e6764a3f3f308291dd845b7e9f868f07f,186739,Major 3.0.1 kill-map export on Defects4J 3.0.1 fixed revision
Compress,4,trigger_tests.txt,canonical_maps/Compress-4/trigger_tests.txt,canonical_included,2a7c82324b6921fc91f4d137900c72e25306453e14751c6e4bcf6f3a55b72793,30341,Major 3.0.1 kill-map export on Defects4J 3.0.1 fixed revision
Lang,36,testMap.csv,canonical_maps/Lang-36/testMap.csv,canonical_included,aee4b81530b98ae3db02add709243b3e21bf7a432d8f6c29da035c5c32438b6d,8262,Major 3.0.1 kill-map export on Defects4J 3.0.1 fixed revision
Lang,36,covMap.csv,canonical_maps/Lang-36/covMap.csv,canonical_included,132d2f21b767149e5348237834c1c64c6df43dc25fae4717e3017ccf09019eb3,16984,Major 3.0.1 kill-map export on Defects4J 3.0.1 fixed revision
Lang,36,killMap.csv,canonical_maps/Lang-36/killMap.csv,canonical_included,67f8cc6c9a286e57f3ac183108eaf4db7b060ccd7143d220fd99ec466980a266,7770,Major 3.0.1 kill-map export on Defects4J 3.0.1 fixed revision
Lang,36,mutants.log,canonical_maps/Lang-36/mutants.log,canonical_included,246786d0a15ebc1cf95b4affc45859f4a5b495b5d42d729d86c88ec1d14be2c9,120519,Major 3.0.1 kill-map export on Defects4J 3.0.1 fixed revision
Lang,36,trigger_tests.txt,canonical_maps/Lang-36/trigger_tests.txt,canonical_included,4ec998db50f12aa5d78e12e9c1ce2f695e3529cfed14bc6494bb40fb2e29ccbc,5399,Major 3.0.1 kill-map export on Defects4J 3.0.1 fixed revision
Lang,29,testMap.csv,canonical_maps/Lang-29/testMap.csv,canonical_included,453efe6498dc68a8f21e7ec88a532a97222b3dffa9d50e78558a28d606a3f9aa,48798,Major 3.0.1 kill-map export on Defects4J 3.0.1 fixed revision
Lang,29,covMap.csv,canonical_maps/Lang-29/covMap.csv,canonical_included,e67d3197f3f5aa775c1a4c6fb1e3d35aafdbea5fe38c41fffac1b96d6ab64add,248928,Major 3.0.1 kill-map export on Defects4J 3.0.1 fixed revision
Lang,29,killMap.csv,canonical_maps/Lang-29/killMap.csv,canonical_included,d8b73555159e5873be6a7b11b40c1440ed57eee07b2e2d725da9793b1682b349,32873,Major 3.0.1 kill-map export on Defects4J 3.0.1 fixed revision
Lang,29,mutants.log,canonical_maps/Lang-29/mutants.log,canonical_included,0943a1d31c9db51c8591fa101237a98d9ce7593e0cedc8c2bf4fbba51ddb1d94,24490,Major 3.0.1 kill-map export on Defects4J 3.0.1 fixed revision
Lang,29,trigger_tests.txt,canonical_maps/Lang-29/trigger_tests.txt,canonical_included,5a6260e54d8e86cb69824e951d0da1ffad9166020823b42f57b2f31bdc125bf9,2859,Major 3.0.1 kill-map export on Defects4J 3.0.1 fixed revision
Closure,124,testMap.csv,canonical_maps/Closure-124/testMap.csv,canonical_included,82d53430e087f0a60b68865ef484b25f895902667fbf2392ca83ac4298dd5e04,24355,Major 3.0.1 kill-map export on Defects4J 3.0.1 fixed revision
Closure,124,covMap.csv,canonical_maps/Closure-124/covMap.csv,canonical_included,03898f5f883af57d1cb95608d8cd471cf65e20c6a1aec5e7075acb8d510e8230,10594,Major 3.0.1 kill-map export on Defects4J 3.0.1 fixed revision
Closure,124,killMap.csv,canonical_maps/Closure-124/killMap.csv,canonical_included,d55bfc7ee2271738ef841d75fd9a796cd97c172f0455914b23f54114668ac67f,9183,Major 3.0.1 kill-map export on Defects4J 3.0.1 fixed revision
Closure,124,mutants.log,canonical_maps/Closure-124/mutants.log,canonical_included,2659dba0b82c32c032fc6ac680c4589f1b8ab784327c8eb68bf2d37f44213aa1,23701,Major 3.0.1 kill-map export on Defects4J 3.0.1 fixed revision
Closure,124,trigger_tests.txt,canonical_maps/Closure-124/trigger_tests.txt,canonical_included,4652d26270ba5af62f8264018a1d5bba27f530ccb1a7f8c672e7f01383914f8b,6566,Major 3.0.1 kill-map export on Defects4J 3.0.1 fixed revision
JacksonCore,15,testMap.csv,canonical_maps/JacksonCore-15/testMap.csv,canonical_included,afc1bb8629c56a6024637aeaaf27b512a98e802341057abf9d5f00bf840b4439,1320,Major 3.0.1 kill-map export on Defects4J 3.0.1 fixed revision
JacksonCore,15,covMap.csv,canonical_maps/JacksonCore-15/covMap.csv,canonical_included,fb05e60d141409c603b06a08d41dd4a9be373dfc59de9e1ca31d3764c6906aab,10548,Major 3.0.1 kill-map export on Defects4J 3.0.1 fixed revision
JacksonCore,15,killMap.csv,canonical_maps/JacksonCore-15/killMap.csv,canonical_included,f785b7b9f26860056405f2ef46157aa3a9cf7bc5a05940006e7ea8ffe5c310f2,4828,Major 3.0.1 kill-map export on Defects4J 3.0.1 fixed revision
JacksonCore,15,mutants.log,canonical_maps/JacksonCore-15/mutants.log,canonical_included,96df8d2d502c7320df6c6af0d281fcf86fb1550693be74bd2eb92c575dff8677,66692,Major 3.0.1 kill-map export on Defects4J 3.0.1 fixed revision
JacksonCore,15,trigger_tests.txt,canonical_maps/JacksonCore-15/trigger_tests.txt,canonical_included,9dcdd8bf4f3f9486f088641de60f4b7a291100d6a9f1d07ca4637617c13ee509,2815,Major 3.0.1 kill-map export on Defects4J 3.0.1 fixed revision
JacksonCore,16,testMap.csv,canonical_maps/JacksonCore-16/testMap.csv,canonical_included,2e937fcf0fd42eef62f830297aec89445b0fd995a7d457e10dc05b0f1eb0bfcd,163,Major 3.0.1 kill-map export on Defects4J 3.0.1 fixed revision
JacksonCore,16,covMap.csv,canonical_maps/JacksonCore-16/covMap.csv,canonical_included,0ce6158c2d2ed7ff6179890c7a267456bf8683ebf7a939ab8a9178d9383f67c1,288,Major 3.0.1 kill-map export on Defects4J 3.0.1 fixed revision
JacksonCore,16,killMap.csv,canonical_maps/JacksonCore-16/killMap.csv,canonical_included,6498e0cb619bd3b2e9c572b5c3d0186b6a99f6b1df3e4adfdb88af23a685c402,373,Major 3.0.1 kill-map export on Defects4J 3.0.1 fixed revision
JacksonCore,16,mutants.log,canonical_maps/JacksonCore-16/mutants.log,canonical_included,d5701ceb2791129142ecdf4a00bd43173301487c38430a1cdecac91f570d81b2,8224,Major 3.0.1 kill-map export on Defects4J 3.0.1 fixed revision
JacksonCore,16,trigger_tests.txt,canonical_maps/JacksonCore-16/trigger_tests.txt,canonical_included,5a865e05c88e9643b3818c4fbdaa2ed624bdf5dc5a55a2f3a0749398afb209fe,2927,Major 3.0.1 kill-map export on Defects4J 3.0.1 fixed revision
Collections,6,testMap.csv,canonical_maps/Collections-6/testMap.csv,canonical_included,dfeeee210bf7654d453271414b315ac29b8c9de12ce40f05d11fdf61912175be,4059,Major 3.0.1 kill-map export on Defects4J 3.0.1 fixed revision
Collections,6,covMap.csv,canonical_maps/Collections-6/covMap.csv,canonical_included,6b96822024de785d101eb589f09e912e384c3613594637728ef8aa85271fb7f5,25647,Major 3.0.1 kill-map export on Defects4J 3.0.1 fixed revision
Collections,6,killMap.csv,canonical_maps/Collections-6/killMap.csv,canonical_included,f4d6c78f25b51364a24607a8287dd7cc9ce65784607675dd589271f64f9c0944,14977,Major 3.0.1 kill-map export on Defects4J 3.0.1 fixed revision
Collections,6,mutants.log,canonical_maps/Collections-6/mutants.log,canonical_included,b8641ea3c9ab629cd5a1a2dbd58efbfcd126da2ad131b97f8afc0f6b9e18ea34,91502,Major 3.0.1 kill-map export on Defects4J 3.0.1 fixed revision
Collections,6,trigger_tests.txt,canonical_maps/Collections-6/trigger_tests.txt,canonical_included,7418abf9945d766f337b18eb03c7863125315c8aa7ad8ec1f50f36245054c063,2864,Major 3.0.1 kill-map export on Defects4J 3.0.1 fixed revision
Closure,161,testMap.csv,canonical_maps/Closure-161/testMap.csv,canonical_included,02106080592b9137a6d8f94d5d3cc7c3a0d92dc387f645d17924a75bee119b7f,14674,Major 3.0.1 kill-map export on Defects4J 3.0.1 fixed revision
Closure,161,covMap.csv,canonical_maps/Closure-161/covMap.csv,canonical_included,1a1bcd140ea73496554fcfa3aeabf38b7bcf5951f76d7c29ecf5ca1cd10e66a3,45728,Major 3.0.1 kill-map export on Defects4J 3.0.1 fixed revision
Closure,161,killMap.csv,canonical_maps/Closure-161/killMap.csv,canonical_included,4876f0ccdeb0a1c50a3829be8a5b4c23afc16e03cb0e9891bbfcab205e37638c,24547,Major 3.0.1 kill-map export on Defects4J 3.0.1 fixed revision
Closure,161,mutants.log,canonical_maps/Closure-161/mutants.log,canonical_included,a531fafa50ac1ff95cd831691a640768815a8f51fb41574776d2d3fb9f27f707,206922,Major 3.0.1 kill-map export on Defects4J 3.0.1 fixed revision
Closure,161,trigger_tests.txt,canonical_maps/Closure-161/trigger_tests.txt,canonical_included,8fc85c60e10c68a35b9c9ff5415153aa188f74400896815a9bfdf540ff692ee2,3515,Major 3.0.1 kill-map export on Defects4J 3.0.1 fixed revision
Math,90,testMap.csv,canonical_maps/Math-90/testMap.csv,canonical_included,38498cf0911c6bb98302cbfd191a88344efd0cd2553535ac8f79f8ac8b233255,455,Major 3.0.1 kill-map export on Defects4J 3.0.1 fixed revision
Math,90,covMap.csv,canonical_maps/Math-90/covMap.csv,canonical_included,a4cd9724f6f0d6b31a10b67e1b763b2b3341ed17824f3a06f4f3f69df5a7efd8,1757,Major 3.0.1 kill-map export on Defects4J 3.0.1 fixed revision
Math,90,killMap.csv,canonical_maps/Math-90/killMap.csv,canonical_included,d6c62d3948b63787db612dece6915837a7943643812523031fe6b7813bbba123,1856,Major 3.0.1 kill-map export on Defects4J 3.0.1 fixed revision
Math,90,mutants.log,canonical_maps/Math-90/mutants.log,canonical_included,b091afa9b5ac7c56c30f9f2246c95a3a7a1ce38be8192643c848a7eb634d4790,11568,Major 3.0.1 kill-map export on Defects4J 3.0.1 fixed revision
Math,90,trigger_tests.txt,canonical_maps/Math-90/trigger_tests.txt,canonical_included,c15fee2b69fa34d46b0a9e198bc6d5c981c17cbb2ee092cc44bf1f185c044ae1,2666,Major 3.0.1 kill-map export on Defects4J 3.0.1 fixed revision
Lang,44,testMap.csv,canonical_maps/Lang-44/testMap.csv,canonical_included,77a4582c24cdeb7cc37b90b6636eb1177cf86087b6307af4c676a6f410a1c4dc,1292,Major 3.0.1 kill-map export on Defects4J 3.0.1 fixed revision
Lang,44,covMap.csv,canonical_maps/Lang-44/covMap.csv,canonical_included,bf49216a6a7ea8b99174a27b49bc2899c0361eb9061a666562746c6ff4284648,7149,Major 3.0.1 kill-map export on Defects4J 3.0.1 fixed revision
Lang,44,killMap.csv,canonical_maps/Lang-44/killMap.csv,canonical_included,4bc158629161c4e437e45a36665941a1550b33410a4960df38834047a2c37128,5479,Major 3.0.1 kill-map export on Defects4J 3.0.1 fixed revision
Lang,44,mutants.log,canonical_maps/Lang-44/mutants.log,canonical_included,89eb94b571d551849b22cde89d9e287757666992d1f75ab6f266319d8833d1d8,89300,Major 3.0.1 kill-map export on Defects4J 3.0.1 fixed revision
Lang,44,trigger_tests.txt,canonical_maps/Lang-44/trigger_tests.txt,canonical_included,6572edb2d43fe06e81ed10b956ac00adf5eb23d5167f15fcd08cb3ec58e728df,2687,Major 3.0.1 kill-map export on Defects4J 3.0.1 fixed revision
Lang,5,testMap.csv,canonical_maps/Lang-5/testMap.csv,canonical_included,47c1a7200468216bd6ff790d7f87fe25d2e31eedbc7afa88ab36d1c16657f104,902,Major 3.0.1 kill-map export on Defects4J 3.0.1 fixed revision
Lang,5,covMap.csv,canonical_maps/Lang-5/covMap.csv,canonical_included,b0420892f90973d37b139acfdeedbc29e1b95ac8756c2d595a03ede0bce6acca,1824,Major 3.0.1 kill-map export on Defects4J 3.0.1 fixed revision
Lang,5,killMap.csv,canonical_maps/Lang-5/killMap.csv,canonical_included,ffe3692947d27d83cc570284445691b5440514b684387dd494d9724ceb3dae39,2129,Major 3.0.1 kill-map export on Defects4J 3.0.1 fixed revision
Lang,5,mutants.log,canonical_maps/Lang-5/mutants.log,canonical_included,b4a20af46587b0a0c2a856d1af5dffddd54a5dbcda7f9968f2b84e7d65654727,24869,Major 3.0.1 kill-map export on Defects4J 3.0.1 fixed revision
Lang,5,trigger_tests.txt,canonical_maps/Lang-5/trigger_tests.txt,canonical_included,4f58345460b4708754e130966f2d31f637f5c60d3999df0241cef7017a7eecfd,3403,Major 3.0.1 kill-map export on Defects4J 3.0.1 fixed revision
Closure,67,testMap.csv,canonical_maps/Closure-67/testMap.csv,canonical_included,b339222343bea05574d2f9432cb66339233ae9022c1465dd40c071e92a64ecc8,11360,Major 3.0.1 kill-map export on Defects4J 3.0.1 fixed revision
Closure,67,covMap.csv,canonical_maps/Closure-67/covMap.csv,canonical_included,da8efe3a6d89c3936f7b1c32f7f4b1fbc6333af5068eed5c4412da296df765d8,82476,Major 3.0.1 kill-map export on Defects4J 3.0.1 fixed revision
Closure,67,killMap.csv,canonical_maps/Closure-67/killMap.csv,canonical_included,8a3f8d62076dc832eae89501b4d465bad479b500dde1126007b901a8aa350d51,54560,Major 3.0.1 kill-map export on Defects4J 3.0.1 fixed revision
Closure,67,mutants.log,canonical_maps/Closure-67/mutants.log,canonical_included,79423c3d188b7e4f7f299f3c5cb63f5983c8f43fbec522f4724a33def697157b,81512,Major 3.0.1 kill-map export on Defects4J 3.0.1 fixed revision
Closure,67,trigger_tests.txt,canonical_maps/Closure-67/trigger_tests.txt,canonical_included,93585f316eeac41a7c094d5f9dae67f14e3b7c5d4cab3d47992ece23311d9aec,10642,Major 3.0.1 kill-map export on Defects4J 3.0.1 fixed revision
Math,27,testMap.csv,canonical_maps/Math-27/testMap.csv,canonical_included,705b6adc3575fd5c8a1a94445164505ffd8bb893eca363c7abfc7bd079b2c65a,16019,Major 3.0.1 kill-map export on Defects4J 3.0.1 fixed revision
Math,27,covMap.csv,canonical_maps/Math-27/covMap.csv,canonical_included,47c46e9e89b556582ce0e0da23bf7b7e80b9ade6d671107b4e1eb5703b43e8f5,195831,Major 3.0.1 kill-map export on Defects4J 3.0.1 fixed revision
Math,27,killMap.csv,canonical_maps/Math-27/killMap.csv,canonical_included,4ecf2d083712956f1867806e81971d31e63662f94ac3dbd6e35fd4953283714b,97806,Major 3.0.1 kill-map export on Defects4J 3.0.1 fixed revision
Math,27,mutants.log,canonical_maps/Math-27/mutants.log,canonical_included,0934a9be8d384bc0d40a1670cf4c230d84a75affdee1c74565466d837a66e9c3,65324,Major 3.0.1 kill-map export on Defects4J 3.0.1 fixed revision
Math,27,trigger_tests.txt,canonical_maps/Math-27/trigger_tests.txt,canonical_included,6063e739559a9fa5a205c437714ded26132ad1a1caab83098bb456543a4f162a,3387,Major 3.0.1 kill-map export on Defects4J 3.0.1 fixed revision
Gson,3,testMap.csv,canonical_maps/Gson-3/testMap.csv,canonical_included,a7119b649e5cd864684203d24b2707416fa23d2bf4c55bbf857cedb23929de8b,57826,Major 3.0.1 kill-map export on Defects4J 3.0.1 fixed revision
Gson,3,covMap.csv,canonical_maps/Gson-3/covMap.csv,canonical_included,c7882ccb85470adb020fcaefdeb6f10d1a33b0a27c191bf121ed298a0dd2d66a,28810,Major 3.0.1 kill-map export on Defects4J 3.0.1 fixed revision
Gson,3,killMap.csv,canonical_maps/Gson-3/killMap.csv,canonical_included,2a7c67e6c940d8d92b0926145f3d2a482d95b832870114a05fc7b9ad5dbd7741,10345,Major 3.0.1 kill-map export on Defects4J 3.0.1 fixed revision
Gson,3,mutants.log,canonical_maps/Gson-3/mutants.log,canonical_included,56555189d138b4c164dc3ac3bee2e3a085046caeccbe8cf0216c0881a3de11e1,8065,Major 3.0.1 kill-map export on Defects4J 3.0.1 fixed revision
Gson,3,trigger_tests.txt,canonical_maps/Gson-3/trigger_tests.txt,canonical_included,1cf75de7117d532c2576ce9a0d4558d270d9d9b1597a31c39d6cf732d129a1e1,5213,Major 3.0.1 kill-map export on Defects4J 3.0.1 fixed revision
Chart,20,testMap.csv,canonical_maps/Chart-20/testMap.csv,canonical_included,7c135f08a07ea975a88681f97389cc18374b94a84be37a3de4d9f9facd3b7693,22420,Major 3.0.1 kill-map export on Defects4J 3.0.1 fixed revision
Chart,20,covMap.csv,canonical_maps/Chart-20/covMap.csv,canonical_included,60534bbf6bc173e0783f91ec54badf09725a9c4d874d61f921b7785254fe3c49,1406,Major 3.0.1 kill-map export on Defects4J 3.0.1 fixed revision
Chart,20,killMap.csv,canonical_maps/Chart-20/killMap.csv,canonical_included,9cb11220626f4d8c386817e94bd260626279c0360b44f37cc489d038dcf2031d,804,Major 3.0.1 kill-map export on Defects4J 3.0.1 fixed revision
Chart,20,mutants.log,canonical_maps/Chart-20/mutants.log,canonical_included,5d4d5a0cd431a64772ae4adaf53e090362897afa00e51285b79f61e42269a28f,2026,Major 3.0.1 kill-map export on Defects4J 3.0.1 fixed revision
Chart,20,trigger_tests.txt,canonical_maps/Chart-20/trigger_tests.txt,canonical_included,5fbd04cbc90d5b26c43dcbf1165839f9bdfa1ca352c9dbbfd2f31466f147d4e7,2902,Major 3.0.1 kill-map export on Defects4J 3.0.1 fixed revision
Math,44,testMap.csv,canonical_maps/Math-44/testMap.csv,canonical_included,3686ed1f3d26c9229cb3279f63615fba7cb410babb7bbb75637d62f841f522cb,14316,Major 3.0.1 kill-map export on Defects4J 3.0.1 fixed revision
Math,44,covMap.csv,canonical_maps/Math-44/covMap.csv,canonical_included,8fca245e260fe88d78030631d508b4304cf988379a72c62a1ef90c207a0c36e9,70380,Major 3.0.1 kill-map export on Defects4J 3.0.1 fixed revision
Math,44,killMap.csv,canonical_maps/Math-44/killMap.csv,canonical_included,5f2b7847e3ce4101cbf3ff6889388437aba3ad730f10540dc7e37853e4ee8a6a,49429,Major 3.0.1 kill-map export on Defects4J 3.0.1 fixed revision
Math,44,mutants.log,canonical_maps/Math-44/mutants.log,canonical_included,9f551d5290306ee3e6b6125593637400150cbedf50cbc01908cda04ff42d258b,26606,Major 3.0.1 kill-map export on Defects4J 3.0.1 fixed revision
Math,44,trigger_tests.txt,canonical_maps/Math-44/trigger_tests.txt,canonical_included,286d1c8c1ae16df864e4e421fa9d485cb5f367f1d98f2138c417fab4da8313cd,3774,Major 3.0.1 kill-map export on Defects4J 3.0.1 fixed revision
Gson,11,testMap.csv,canonical_maps/Gson-11/testMap.csv,canonical_included,612af1068f6868ec91b84d52f9c56ab5efd314aa0aec4fe428249be3b10f33c6,66593,Major 3.0.1 kill-map export on Defects4J 3.0.1 fixed revision
Gson,11,covMap.csv,canonical_maps/Gson-11/covMap.csv,canonical_included,8bd773e3d8eb0de5d9b8463aed625af1a2a8cc13968647640eaccfce0fb5c443,96383,Major 3.0.1 kill-map export on Defects4J 3.0.1 fixed revision
Gson,11,killMap.csv,canonical_maps/Gson-11/killMap.csv,canonical_included,c3f1670af246c857fff4a9a90cf5733006571fceff4ca5f487d59395903ad4f9,50717,Major 3.0.1 kill-map export on Defects4J 3.0.1 fixed revision
Gson,11,mutants.log,canonical_maps/Gson-11/mutants.log,canonical_included,d11fe8ca57a36dd3474cdedda812120c7baf083717e8b28f748c50cb43c96253,51556,Major 3.0.1 kill-map export on Defects4J 3.0.1 fixed revision
Gson,11,trigger_tests.txt,canonical_maps/Gson-11/trigger_tests.txt,canonical_included,ff945a530dd47df1d5c5329a0168673571af98f5bd07c5d2549736c0b43f6c59,2958,Major 3.0.1 kill-map export on Defects4J 3.0.1 fixed revision
Compress,36,testMap.csv,canonical_maps/Compress-36/testMap.csv,canonical_included,be699070385900eb6252954eeecbcfedb2ae937823739116d7b45723430cbfa9,10633,Major 3.0.1 kill-map export on Defects4J 3.0.1 fixed revision
Compress,36,covMap.csv,canonical_maps/Compress-36/covMap.csv,canonical_included,f68158cb29ca8ae029bb570edc8b24d8e8383a92011a24be54b6012ab836a68b,210678,Major 3.0.1 kill-map export on Defects4J 3.0.1 fixed revision
Compress,36,killMap.csv,canonical_maps/Compress-36/killMap.csv,canonical_included,8e22086f05a865cc62642540f0150e66f666250ebf0bcc3bab2037576dafcc6d,194451,Major 3.0.1 kill-map export on Defects4J 3.0.1 fixed revision
Compress,36,mutants.log,canonical_maps/Compress-36/mutants.log,canonical_included,78763cf6e33aadab7984ae7497bc054e87f725df0382bf4b7608f2bcf4a5d0a9,185952,Major 3.0.1 kill-map export on Defects4J 3.0.1 fixed revision
Compress,36,trigger_tests.txt,canonical_maps/Compress-36/trigger_tests.txt,canonical_included,e152fbe730a9c74ff83ab38ca2c4b814b728cb90e2a8b88928f791d9e30d22ba,3575,Major 3.0.1 kill-map export on Defects4J 3.0.1 fixed revision
Csv,2,testMap.csv,canonical_maps/Csv-2/testMap.csv,canonical_included,f3733af1e203914d7e92724d31b2070cb9f798f0683645a975b28a7d9634c9e0,4258,Major 3.0.1 kill-map export on Defects4J 3.0.1 fixed revision
Csv,2,covMap.csv,canonical_maps/Csv-2/covMap.csv,canonical_included,467e759d3f7c1842ab037e3a175c085593850ed52a1965040f9567505490c4d2,909,Major 3.0.1 kill-map export on Defects4J 3.0.1 fixed revision
Csv,2,killMap.csv,canonical_maps/Csv-2/killMap.csv,canonical_included,575a8baaf3223083487e11f93d24637b9cad2faaf02164f8f8b84b4a9ac12f56,630,Major 3.0.1 kill-map export on Defects4J 3.0.1 fixed revision
Csv,2,mutants.log,canonical_maps/Csv-2/mutants.log,canonical_included,47a5e542b43d427d4d4b8224da2c1b4c4c59f7f25c1867396b96518169b5aae4,3105,Major 3.0.1 kill-map export on Defects4J 3.0.1 fixed revision
Csv,2,trigger_tests.txt,canonical_maps/Csv-2/trigger_tests.txt,canonical_included,e9ef748c7ae9b9b3021e04cb6c1809fdab1d011aac24e72d64ae0197627dccc5,3657,Major 3.0.1 kill-map export on Defects4J 3.0.1 fixed revision
Jsoup,13,testMap.csv,canonical_maps/Jsoup-13/testMap.csv,canonical_included,86774eaa5142059f9e46457c9b7373313e8d4d056796926286ec5eb42290a2b8,12110,Major 3.0.1 kill-map export on Defects4J 3.0.1 fixed revision
Jsoup,13,covMap.csv,canonical_maps/Jsoup-13/covMap.csv,canonical_included,05cb0f7978164c3e5c5b997721185d7f331ab483366b81c7310936fe2ae1d5d2,81472,Major 3.0.1 kill-map export on Defects4J 3.0.1 fixed revision
Jsoup,13,killMap.csv,canonical_maps/Jsoup-13/killMap.csv,canonical_included,3ac48b775770bd846a5d313903b4e205bb079f8fc4ae3e9034c753e6565d5dda,95115,Major 3.0.1 kill-map export on Defects4J 3.0.1 fixed revision
Jsoup,13,mutants.log,canonical_maps/Jsoup-13/mutants.log,canonical_included,d2117042ed18c266ef04f67846ff0933bd8416ab855e037c126f9a9a61728b84,27576,Major 3.0.1 kill-map export on Defects4J 3.0.1 fixed revision
Jsoup,13,trigger_tests.txt,canonical_maps/Jsoup-13/trigger_tests.txt,canonical_included,29e75c64ac1f4b2b8f8a57a01ea7bec00bb44555a6b58b2c41b9ce7f3dd7373b,12988,Major 3.0.1 kill-map export on Defects4J 3.0.1 fixed revision
JacksonCore,22,testMap.csv,canonical_maps/JacksonCore-22/testMap.csv,canonical_included,50d39a1e666a7be0967c5c2d1089704fbfe45b10dc4191da1c4de49bcb2cdd59,1939,Major 3.0.1 kill-map export on Defects4J 3.0.1 fixed revision
JacksonCore,22,covMap.csv,canonical_maps/JacksonCore-22/covMap.csv,canonical_included,70d95fe0ba17c51d9b93668cd6e57af791dc5390f1832f48db6c8a9c9560fc6a,18028,Major 3.0.1 kill-map export on Defects4J 3.0.1 fixed revision
JacksonCore,22,killMap.csv,canonical_maps/JacksonCore-22/killMap.csv,canonical_included,ad05e37c4694a2586c0512b726236d10ade6d8c2b85559504eafd64ab92abb49,9849,Major 3.0.1 kill-map export on Defects4J 3.0.1 fixed revision
JacksonCore,22,mutants.log,canonical_maps/JacksonCore-22/mutants.log,canonical_included,25f57f2b571f207d64628f286cf9d866f5a4a47abcecf437558921bd55cf1819,71487,Major 3.0.1 kill-map export on Defects4J 3.0.1 fixed revision
JacksonCore,22,trigger_tests.txt,canonical_maps/JacksonCore-22/trigger_tests.txt,canonical_included,ed5bc72a5a3b722991ce97415828e769aa024520093f9f0806c6433caf7aa5b2,35674,Major 3.0.1 kill-map export on Defects4J 3.0.1 fixed revision
Math,45,testMap.csv,canonical_maps/Math-45/testMap.csv,canonical_included,920a091e5e6f73b609e08c11ce8b89fe8209565a9980fd64fd0969290a980d99,38677,Major 3.0.1 kill-map export on Defects4J 3.0.1 fixed revision
Math,45,covMap.csv,canonical_maps/Math-45/covMap.csv,canonical_included,4e7f7e2b51d5c8ba1b5f3fb8c80fe5c7bd5a956ac0a81692afdb16ff0f6d34c0,8197,Major 3.0.1 kill-map export on Defects4J 3.0.1 fixed revision
Math,45,killMap.csv,canonical_maps/Math-45/killMap.csv,canonical_included,80eddd5433b2f80c7172b7de27e23b07d45ca8c592d7b0dd85e2456692151c88,6347,Major 3.0.1 kill-map export on Defects4J 3.0.1 fixed revision
Math,45,mutants.log,canonical_maps/Math-45/mutants.log,canonical_included,e94d32438e311e0b6578a905f85f3df4881972ea8b5ef0979133502584d8072e,26476,Major 3.0.1 kill-map export on Defects4J 3.0.1 fixed revision
Math,45,trigger_tests.txt,canonical_maps/Math-45/trigger_tests.txt,canonical_included,673df3e7d7bd37d285366784cf8ec78b9f1a3e9242bef69c5b1c56b685630e42,2596,Major 3.0.1 kill-map export on Defects4J 3.0.1 fixed revision
Jsoup,50,testMap.csv,canonical_maps/Jsoup-50/testMap.csv,canonical_included,9cac07db9b30fc1ca9560b250f48e71dac0aa6f60b2e166fac454c03ad909a63,10033,Major 3.0.1 kill-map export on Defects4J 3.0.1 fixed revision
Jsoup,50,covMap.csv,canonical_maps/Jsoup-50/covMap.csv,canonical_included,6dbbf6bb8c88a3199c5182e102369e7f7f746ae4b8d79502a2fb0025a7085d35,17001,Major 3.0.1 kill-map export on Defects4J 3.0.1 fixed revision
Jsoup,50,killMap.csv,canonical_maps/Jsoup-50/killMap.csv,canonical_included,44b32805b820bfb071ccb8b8f73dd926596e76bfad7b1e82df3eca07a01e0454,7037,Major 3.0.1 kill-map export on Defects4J 3.0.1 fixed revision
Jsoup,50,mutants.log,canonical_maps/Jsoup-50/mutants.log,canonical_included,fc30a63f1cd6720e5fabf9e4f6d298f270d564817e7ff496514db52dc87d0ae9,50070,Major 3.0.1 kill-map export on Defects4J 3.0.1 fixed revision
Jsoup,50,trigger_tests.txt,canonical_maps/Jsoup-50/trigger_tests.txt,canonical_included,a05c2f514263df8eb82797fe8e179be22b9e5c0fd8ee02780474b99937693bfc,3260,Major 3.0.1 kill-map export on Defects4J 3.0.1 fixed revision
Jsoup,36,testMap.csv,canonical_maps/Jsoup-36/testMap.csv,canonical_included,6b2dbcfe9c42aebb295e5c561b55dccfd18238a7757eb280bafefc0b89155798,1663,Major 3.0.1 kill-map export on Defects4J 3.0.1 fixed revision
Jsoup,36,covMap.csv,canonical_maps/Jsoup-36/covMap.csv,canonical_included,1378941024cdfedbfff4cc160f880a82f02a3e306f86188d7e275b9281554182,4437,Major 3.0.1 kill-map export on Defects4J 3.0.1 fixed revision
Jsoup,36,killMap.csv,canonical_maps/Jsoup-36/killMap.csv,canonical_included,918a2e3310a5d95eca0740af96b80666b8158c01b46b60d3b64cc456fcf5a660,3061,Major 3.0.1 kill-map export on Defects4J 3.0.1 fixed revision
Jsoup,36,mutants.log,canonical_maps/Jsoup-36/mutants.log,canonical_included,ba299a9b514122929885ee9f41cfaa33d55cd2b6bf1e2da63859b0c5c3aa070e,18048,Major 3.0.1 kill-map export on Defects4J 3.0.1 fixed revision
Jsoup,36,trigger_tests.txt,canonical_maps/Jsoup-36/trigger_tests.txt,canonical_included,f6a0ab51dd0303209d98bdf01a821f499feb25f38cc2b4b5c6991f7a3f96d2b8,20977,Major 3.0.1 kill-map export on Defects4J 3.0.1 fixed revision
Collections,24,testMap.csv,canonical_maps/Collections-24/testMap.csv,canonical_included,cec3adccd534cc25f1817e6afc1ddd9618c8896d3c62e2a627fe8cf4556c0a8c,10600,Major 3.0.1 kill-map export on Defects4J 3.0.1 fixed revision
Collections,24,covMap.csv,canonical_maps/Collections-24/covMap.csv,canonical_included,df7d95e4c652941ae50eb3f09a3e72dbbad7d35a419dd78e82890de7507592e5,145,Major 3.0.1 kill-map export on Defects4J 3.0.1 fixed revision
Collections,24,killMap.csv,canonical_maps/Collections-24/killMap.csv,canonical_included,fc0d1942857bb5b11689a4eeb551f26eb4ab4d92211873808d3c9a6020bc0794,120,Major 3.0.1 kill-map export on Defects4J 3.0.1 fixed revision
Collections,24,mutants.log,canonical_maps/Collections-24/mutants.log,canonical_included,50548909fb8cf88db1b72e94e9093e1286c1a3ffe270e97fa15a302eb6e2cfb5,2764,Major 3.0.1 kill-map export on Defects4J 3.0.1 fixed revision
Collections,24,trigger_tests.txt,canonical_maps/Collections-24/trigger_tests.txt,canonical_included,2e6f58953c0922073ca76e733657b78596f65662e965191925d73e0959450d67,5979,Major 3.0.1 kill-map export on Defects4J 3.0.1 fixed revision
Compress,35,testMap.csv,canonical_maps/Compress-35/testMap.csv,canonical_included,ada19bbe62d971a4762320568c0849ff963c107d15eeaad6b6c9ced4ad4fabd0,13762,Major 3.0.1 kill-map export on Defects4J 3.0.1 fixed revision
Compress,35,covMap.csv,canonical_maps/Compress-35/covMap.csv,canonical_included,808c23b24f334ecbfed39408b92039afbe1e7249fcdfd7c50057986fb49f52ba,114477,Major 3.0.1 kill-map export on Defects4J 3.0.1 fixed revision
Compress,35,killMap.csv,canonical_maps/Compress-35/killMap.csv,canonical_included,30912374603ec2ad2a810a1dbb9afed994a6ffef66a42b4de682b91d5e32163f,85890,Major 3.0.1 kill-map export on Defects4J 3.0.1 fixed revision
Compress,35,mutants.log,canonical_maps/Compress-35/mutants.log,canonical_included,0ee883763a9cdd643f1017ba768443a9745651d5a343d4253e5b54e4acd9ba76,91368,Major 3.0.1 kill-map export on Defects4J 3.0.1 fixed revision
Compress,35,trigger_tests.txt,canonical_maps/Compress-35/trigger_tests.txt,canonical_included,9c21b989b7533dc6488e379d71c87a88383e0b177d6b53acfc1f675282871363,3611,Major 3.0.1 kill-map export on Defects4J 3.0.1 fixed revision
Chart,7,testMap.csv,canonical_maps/Chart-7/testMap.csv,canonical_included,7293658442a7880cd75f1dea6186d0db29afb4dd9a6d716a966be9016548ea60,1219,Major 3.0.1 kill-map export on Defects4J 3.0.1 fixed revision
Chart,7,covMap.csv,canonical_maps/Chart-7/covMap.csv,canonical_included,c73c5d789e57d749776b1f5950f2d272b979fc5c1f0c916ce9a9d594ffaa02ba,10186,Major 3.0.1 kill-map export on Defects4J 3.0.1 fixed revision
Chart,7,killMap.csv,canonical_maps/Chart-7/killMap.csv,canonical_included,cc1427c4e2db32b134d274ee72c543cc3f536adb768b6208e8c91a36348bfa94,5172,Major 3.0.1 kill-map export on Defects4J 3.0.1 fixed revision
Chart,7,mutants.log,canonical_maps/Chart-7/mutants.log,canonical_included,b98287004a4b763147f74dc8b97ce5b9192aa2577244c695e94219e272eac35e,41740,Major 3.0.1 kill-map export on Defects4J 3.0.1 fixed revision
Chart,7,trigger_tests.txt,canonical_maps/Chart-7/trigger_tests.txt,canonical_included,adf68cca8a0d1d14cb325dc1a4ec55094622610ea316a34b2b3f8d09de8675d1,2937,Major 3.0.1 kill-map export on Defects4J 3.0.1 fixed revision
Math,105,testMap.csv,canonical_maps/Math-105/testMap.csv,canonical_included,40055ef89a4d039de11c5f24a9c1d5606aff73d01ee15cef6930dcee5daeec03,733,Major 3.0.1 kill-map export on Defects4J 3.0.1 fixed revision
Math,105,covMap.csv,canonical_maps/Math-105/covMap.csv,canonical_included,af5d48ad75efc2ebab39b921caa732cec0d57c401db002b369e88eef3aab67ef,9442,Major 3.0.1 kill-map export on Defects4J 3.0.1 fixed revision
Math,105,killMap.csv,canonical_maps/Math-105/killMap.csv,canonical_included,51cb789dc63fc61c9092d2e5dcdf8c57acc64c384af2cfd39ffb23f39ca5f784,10181,Major 3.0.1 kill-map export on Defects4J 3.0.1 fixed revision
Math,105,mutants.log,canonical_maps/Math-105/mutants.log,canonical_included,7b6d515b4d826b7c40e9eecfd8935a3108c92a2ba72f8a4b29691ac3e7f81bb1,50533,Major 3.0.1 kill-map export on Defects4J 3.0.1 fixed revision
Math,105,trigger_tests.txt,canonical_maps/Math-105/trigger_tests.txt,canonical_included,c38231c69f6c5230625d44328400968e6a1d23c20e79a51954bf0ed46f46b702,2808,Major 3.0.1 kill-map export on Defects4J 3.0.1 fixed revision
Math,47,testMap.csv,canonical_maps/Math-47/testMap.csv,canonical_included,96f7066aad1f5f88c7b232523dd0becd16d7ae9e9af36b017df1c08a990acfd2,14426,Major 3.0.1 kill-map export on Defects4J 3.0.1 fixed revision
Math,47,covMap.csv,canonical_maps/Math-47/covMap.csv,canonical_included,383c2ebb1aaf5572bf93277b2ed22a23b486167c75681def52c07f7f9219b355,81105,Major 3.0.1 kill-map export on Defects4J 3.0.1 fixed revision
Math,47,killMap.csv,canonical_maps/Math-47/killMap.csv,canonical_included,0bb409bc513e73a9d27ad405650969076d503055556301245c096944b4cf81aa,35963,Major 3.0.1 kill-map export on Defects4J 3.0.1 fixed revision
Math,47,mutants.log,canonical_maps/Math-47/mutants.log,canonical_included,c1a49458f1131b3e25fb447be06af3cfb9df791539826553df1f21f380d8e9b0,91283,Major 3.0.1 kill-map export on Defects4J 3.0.1 fixed revision
Math,47,trigger_tests.txt,canonical_maps/Math-47/trigger_tests.txt,canonical_included,aa088e66093411df4ab939d9c231eaa097884edc7569595947e6c7d2679b1a9b,6660,Major 3.0.1 kill-map export on Defects4J 3.0.1 fixed revision
Jsoup,31,testMap.csv,canonical_maps/Jsoup-31/testMap.csv,canonical_included,eb8c6f7aec527b56b974c96478a4d798e3ba2dd040177561399a078ee5889f17,17655,Major 3.0.1 kill-map export on Defects4J 3.0.1 fixed revision
Jsoup,31,covMap.csv,canonical_maps/Jsoup-31/covMap.csv,canonical_included,4d24be15e2dfec8fc9b76367cda1188fec1a8a86648bba3bee49ec9c701a3216,127215,Major 3.0.1 kill-map export on Defects4J 3.0.1 fixed revision
Jsoup,31,killMap.csv,canonical_maps/Jsoup-31/killMap.csv,canonical_included,a77265beddf6f35d949bcb4c7a7829365fa3fd0dfdb10ad8feb927c64c9f0fd7,129991,Major 3.0.1 kill-map export on Defects4J 3.0.1 fixed revision
Jsoup,31,mutants.log,canonical_maps/Jsoup-31/mutants.log,canonical_included,cbd60c1818cf3e34f94c3cb625968f7b90b909a7118e189e7b992b3d7fc1710b,150006,Major 3.0.1 kill-map export on Defects4J 3.0.1 fixed revision
Jsoup,31,trigger_tests.txt,canonical_maps/Jsoup-31/trigger_tests.txt,canonical_included,74bb9845cc01e6bef86f78af1af2880ffc1b0cc19f6b9490a6ff38ffcffe824c,3401,Major 3.0.1 kill-map export on Defects4J 3.0.1 fixed revision
Lang,28,testMap.csv,canonical_maps/Lang-28/testMap.csv,canonical_included,a2010c776f024bfb15f92b0dd7e3405d484ca58cca6c266737357f7d6f2ab472,1504,Major 3.0.1 kill-map export on Defects4J 3.0.1 fixed revision
Lang,28,covMap.csv,canonical_maps/Lang-28/covMap.csv,canonical_included,99122384cde7ccd633e3047de89873ea42c0b28a5c084664da241ecea560f45c,1918,Major 3.0.1 kill-map export on Defects4J 3.0.1 fixed revision
Lang,28,killMap.csv,canonical_maps/Lang-28/killMap.csv,canonical_included,3614e9ab5a33372629c6536fb95fc28be3cd1adf276a20d44804caaa93c9c49a,2072,Major 3.0.1 kill-map export on Defects4J 3.0.1 fixed revision
Lang,28,mutants.log,canonical_maps/Lang-28/mutants.log,canonical_included,3e910c59f92d172a469784bf0dbfecf20399361ebbbccad71a4e59bb2f28d840,16086,Major 3.0.1 kill-map export on Defects4J 3.0.1 fixed revision
Lang,28,trigger_tests.txt,canonical_maps/Lang-28/trigger_tests.txt,canonical_included,fb2dc4b5377329701c3dc0efda445e698158e044e6e312ffa8c4daf12dfa09e7,2839,Major 3.0.1 kill-map export on Defects4J 3.0.1 fixed revision
Compress,17,testMap.csv,canonical_maps/Compress-17/testMap.csv,canonical_included,f9ba0f17bf5d041cf1d1c683d3dfa2877e02de8a89a770a870d71e66f4b68e0d,8470,Major 3.0.1 kill-map export on Defects4J 3.0.1 fixed revision
Compress,17,covMap.csv,canonical_maps/Compress-17/covMap.csv,canonical_included,445d2db7610c82d834437546522181e204ac84dc397bf15a596775402ad39909,77433,Major 3.0.1 kill-map export on Defects4J 3.0.1 fixed revision
Compress,17,killMap.csv,canonical_maps/Compress-17/killMap.csv,canonical_included,d4167fb092b2c85fd30684578398e213975a972a035a7b37dedf879918a85c6d,50781,Major 3.0.1 kill-map export on Defects4J 3.0.1 fixed revision
Compress,17,mutants.log,canonical_maps/Compress-17/mutants.log,canonical_included,58e07c89b7bba438fccee477101a8465a25b2603e7d76370e122c837fcb6813c,104003,Major 3.0.1 kill-map export on Defects4J 3.0.1 fixed revision
Compress,17,trigger_tests.txt,canonical_maps/Compress-17/trigger_tests.txt,canonical_included,6229d205d218c73c0451416dc75683597e4f053043530fc160eada58f5305731,3296,Major 3.0.1 kill-map export on Defects4J 3.0.1 fixed revision
Collections,22,testMap.csv,canonical_maps/Collections-22/testMap.csv,canonical_included,ddd929100b9fd63e815401bf5cf315a1469f1acff3e0c8d2fd4862908b1e3c23,22325,Major 3.0.1 kill-map export on Defects4J 3.0.1 fixed revision
Collections,22,covMap.csv,canonical_maps/Collections-22/covMap.csv,canonical_included,6191c3fa3d26a6f37975e06b693752b4997cc183610fee8565db14b5de806b5b,9979,Major 3.0.1 kill-map export on Defects4J 3.0.1 fixed revision
Collections,22,killMap.csv,canonical_maps/Collections-22/killMap.csv,canonical_included,68c733ab42100abc1111214e9fc0e2371222cf647d4c276f32f4e39025dc9ee2,8296,Major 3.0.1 kill-map export on Defects4J 3.0.1 fixed revision
Collections,22,mutants.log,canonical_maps/Collections-22/mutants.log,canonical_included,6968cfdf7c4e2b83dba9a029b40437496b215969a1ac765f3f816dbf1e773b02,23320,Major 3.0.1 kill-map export on Defects4J 3.0.1 fixed revision
Collections,22,trigger_tests.txt,canonical_maps/Collections-22/trigger_tests.txt,canonical_included,759cab67de459210f25b0dd37cee59365ce303ac1d22f0dd5629d06495172f43,2901,Major 3.0.1 kill-map export on Defects4J 3.0.1 fixed revision
Math,94,testMap.csv,canonical_maps/Math-94/testMap.csv,canonical_included,aa0884a45025bb7ea295d592edac13d32f46d71b6f286188b197a9dc2671992a,42586,Major 3.0.1 kill-map export on Defects4J 3.0.1 fixed revision
Math,94,covMap.csv,canonical_maps/Math-94/covMap.csv,canonical_included,e771073abc7125c0c13e9cdfa35f0e922f628c8f9a97a9c9dc515286dd066e8f,77633,Major 3.0.1 kill-map export on Defects4J 3.0.1 fixed revision
Math,94,killMap.csv,canonical_maps/Math-94/killMap.csv,canonical_included,9a39e4b1f8db64d4f5bf3120bd8bfada3a1026789e4110ee535969fd69d453dc,69696,Major 3.0.1 kill-map export on Defects4J 3.0.1 fixed revision
Math,94,mutants.log,canonical_maps/Math-94/mutants.log,canonical_included,dcb8a0de0eab8d1b0aa8a0a43d819b5f73b414510b5cd57dd3c6e062c97595cd,114796,Major 3.0.1 kill-map export on Defects4J 3.0.1 fixed revision
Math,94,trigger_tests.txt,canonical_maps/Math-94/trigger_tests.txt,canonical_included,f0b310068692a03ccb9684d8f1b4f6f4dafb91d9c868a97cdcc7921ec2d1f3a1,2901,Major 3.0.1 kill-map export on Defects4J 3.0.1 fixed revision
Jsoup,41,testMap.csv,canonical_maps/Jsoup-41/testMap.csv,canonical_included,9b2423b4a0eda0c94bd1fedf48f7f5976dff532427b5f0de40ad6da8a6ece96c,22595,Major 3.0.1 kill-map export on Defects4J 3.0.1 fixed revision
Jsoup,41,covMap.csv,canonical_maps/Jsoup-41/covMap.csv,canonical_included,287e9dcf2eed707eb1ce6c73d9129a17d62a40a4245c1b2e54910033b5379007,139505,Major 3.0.1 kill-map export on Defects4J 3.0.1 fixed revision
Jsoup,41,killMap.csv,canonical_maps/Jsoup-41/killMap.csv,canonical_included,0f730c126aba37d3252d2f43f775516d7ce27e3ddef8c7eb56b7586bf4b566e0,72676,Major 3.0.1 kill-map export on Defects4J 3.0.1 fixed revision
Jsoup,41,mutants.log,canonical_maps/Jsoup-41/mutants.log,canonical_included,c04f42ec40f6932ad6616a8a6f4dc33d8d98826a4aa063e118784c973554a668,63993,Major 3.0.1 kill-map export on Defects4J 3.0.1 fixed revision
Jsoup,41,trigger_tests.txt,canonical_maps/Jsoup-41/trigger_tests.txt,canonical_included,933057c8cee6b0dd860763c7de78a87b9af3b188a28dc7252822d23072bab246,3427,Major 3.0.1 kill-map export on Defects4J 3.0.1 fixed revision
Csv,11,testMap.csv,canonical_maps/Csv-11/testMap.csv,canonical_included,6bfb502d3ec228df0b032a49a31b90550ca8ed82ed4cf6892859b1042c58b1d6,11120,Major 3.0.1 kill-map export on Defects4J 3.0.1 fixed revision
Csv,11,covMap.csv,canonical_maps/Csv-11/covMap.csv,canonical_included,5748032ea2ddb404a766a8456ca83113348b59d11396b27a2f367215cc160a83,10762,Major 3.0.1 kill-map export on Defects4J 3.0.1 fixed revision
Csv,11,killMap.csv,canonical_maps/Csv-11/killMap.csv,canonical_included,4b3846df109786ef0c1be1409670d806f00c6ddd692362617fe13caabafbaf16,10036,Major 3.0.1 kill-map export on Defects4J 3.0.1 fixed revision
Csv,11,mutants.log,canonical_maps/Csv-11/mutants.log,canonical_included,1823115a7b70d25800b0fce16777c44f999f96adb0737623666684cb381b6bf4,13070,Major 3.0.1 kill-map export on Defects4J 3.0.1 fixed revision
Csv,11,trigger_tests.txt,canonical_maps/Csv-11/trigger_tests.txt,canonical_included,1b852255c624dc0b50dde2f0fb385f703f3ebb21af9222e33085aa587f11f696,3346,Major 3.0.1 kill-map export on Defects4J 3.0.1 fixed revision
JacksonCore,4,testMap.csv,canonical_maps/JacksonCore-4/testMap.csv,canonical_included,17981b650e501ae04f8ce18c705b099f2c8652d7450c5df1c067139d1ccad2a9,15190,Major 3.0.1 kill-map export on Defects4J 3.0.1 fixed revision
JacksonCore,4,covMap.csv,canonical_maps/JacksonCore-4/covMap.csv,canonical_included,84277589b1b27b3395ece75e4413fde65d48c9af74f75122bda541546f55e3b3,62762,Major 3.0.1 kill-map export on Defects4J 3.0.1 fixed revision
JacksonCore,4,killMap.csv,canonical_maps/JacksonCore-4/killMap.csv,canonical_included,a198bb383f3c3dbc7529871c87d1a62ffed3051dfb91f2b7419aad7fcf36b038,33969,Major 3.0.1 kill-map export on Defects4J 3.0.1 fixed revision
JacksonCore,4,mutants.log,canonical_maps/JacksonCore-4/mutants.log,canonical_included,233f22d40aefbe5c12ed0e97f41a8999327dc1bec541821856975c3eb4de7127,63221,Major 3.0.1 kill-map export on Defects4J 3.0.1 fixed revision
JacksonCore,4,trigger_tests.txt,canonical_maps/JacksonCore-4/trigger_tests.txt,canonical_included,79966092ff20291e17b6e0e715aa1094f841606bc6883fdf1283bb37df238a78,2708,Major 3.0.1 kill-map export on Defects4J 3.0.1 fixed revision
Math,75,testMap.csv,canonical_maps/Math-75/testMap.csv,canonical_included,c234fc4bf42a741b048d5ccef47173a4bbdc3e5b28effc3dec9b21e3193e74b3,514,Major 3.0.1 kill-map export on Defects4J 3.0.1 fixed revision
Math,75,covMap.csv,canonical_maps/Math-75/covMap.csv,canonical_included,1ec2965c98e7c0d42873057d934e986278134f1a810f9131a87a56cea1906790,1841,Major 3.0.1 kill-map export on Defects4J 3.0.1 fixed revision
Math,75,killMap.csv,canonical_maps/Math-75/killMap.csv,canonical_included,eef0c8f0d058875569a09a92d9800530bb5d2d5c069268a98c756ad5f9aca997,1867,Major 3.0.1 kill-map export on Defects4J 3.0.1 fixed revision
Math,75,mutants.log,canonical_maps/Math-75/mutants.log,canonical_included,9acd473304ba091c09d19a1429173b75775459189a3b7ac590aaea435e91571a,15553,Major 3.0.1 kill-map export on Defects4J 3.0.1 fixed revision
Math,75,trigger_tests.txt,canonical_maps/Math-75/trigger_tests.txt,canonical_included,fc6a6e8db5db388275de78c9e8ff7f08bfe2a11444c42040ec0e9e694adb2216,2803,Major 3.0.1 kill-map export on Defects4J 3.0.1 fixed revision
Math,23,testMap.csv,canonical_maps/Math-23/testMap.csv,canonical_included,e8121cd1ca9d13f141bd0d4643f0f29118f3a0baaade53550cec4413dc2952c6,1602,Major 3.0.1 kill-map export on Defects4J 3.0.1 fixed revision
Math,23,covMap.csv,canonical_maps/Math-23/covMap.csv,canonical_included,43181136cc61182d0f5e3a3d6bfff70fdcdd2756d08ba03dbdab42c0fe3d9892,33197,Major 3.0.1 kill-map export on Defects4J 3.0.1 fixed revision
Math,23,killMap.csv,canonical_maps/Math-23/killMap.csv,canonical_included,cdb7d10a05ce315bbf2c2ab8a7285fc5e96070d09b57fcdb6c842d9c12096544,24546,Major 3.0.1 kill-map export on Defects4J 3.0.1 fixed revision
Math,23,mutants.log,canonical_maps/Math-23/mutants.log,canonical_included,d493518c87aa3c5a9577f2e41176c4c9761f3c8899bb9221063a41a5778b3866,59891,Major 3.0.1 kill-map export on Defects4J 3.0.1 fixed revision
Math,23,trigger_tests.txt,canonical_maps/Math-23/trigger_tests.txt,canonical_included,37da5837a0c7b3d1d89411944268a29809b5e6262b0a8ad42582c2fc950c543e,3319,Major 3.0.1 kill-map export on Defects4J 3.0.1 fixed revision
Jsoup,74,testMap.csv,canonical_maps/Jsoup-74/testMap.csv,canonical_included,d4f0590e09e2049ed7c31130bce01e845cbc7528ef43cb5836c8a61e4c4bccb0,33022,Major 3.0.1 kill-map export on Defects4J 3.0.1 fixed revision
Jsoup,74,covMap.csv,canonical_maps/Jsoup-74/covMap.csv,canonical_included,49d5639fdaa055ece26a104471dab88dcc7cda7c1e4f88742321b212ce6591aa,244520,Major 3.0.1 kill-map export on Defects4J 3.0.1 fixed revision
Jsoup,74,killMap.csv,canonical_maps/Jsoup-74/killMap.csv,canonical_included,6163d050017c2c82ad8093fa33077039e26990aa56a67215ba41abc902832a26,141854,Major 3.0.1 kill-map export on Defects4J 3.0.1 fixed revision
Jsoup,74,mutants.log,canonical_maps/Jsoup-74/mutants.log,canonical_included,b0f85632e3919bdc3cfb1616141de22ecf3365cbc9034ec95e89e25d12ba58c3,32119,Major 3.0.1 kill-map export on Defects4J 3.0.1 fixed revision
Jsoup,74,trigger_tests.txt,canonical_maps/Jsoup-74/trigger_tests.txt,canonical_included,a809a7afb52abf3440e2ae850855f0457a2f1c409bd42236065e869e5400344b,3317,Major 3.0.1 kill-map export on Defects4J 3.0.1 fixed revision
Gson,15,testMap.csv,canonical_maps/Gson-15/testMap.csv,canonical_included,fed8a32528c8e19420be94686d9a1cd6a1e7e81c82313cea858169136843f196,70661,Major 3.0.1 kill-map export on Defects4J 3.0.1 fixed revision
Gson,15,covMap.csv,canonical_maps/Gson-15/covMap.csv,canonical_included,a9a9e88890a15f100ae09b54730319bf77bd395f3461cb5ed769853a93a90858,342434,Major 3.0.1 kill-map export on Defects4J 3.0.1 fixed revision
Gson,15,killMap.csv,canonical_maps/Gson-15/killMap.csv,canonical_included,0febbd46d240f1dda98da343d82ad76b26a3d9d1a8f25440f715a1853dc97fc0,236563,Major 3.0.1 kill-map export on Defects4J 3.0.1 fixed revision
Gson,15,mutants.log,canonical_maps/Gson-15/mutants.log,canonical_included,5d16141c1a2afcc2abd9aaf6e45fb75f0e93a895feb5b2daef9167472cdbdd28,34471,Major 3.0.1 kill-map export on Defects4J 3.0.1 fixed revision
Gson,15,trigger_tests.txt,canonical_maps/Gson-15/trigger_tests.txt,canonical_included,10a3809fc6b8b957e2ce8177f1b1bdd6266d0e274fc8464e393403cc547bfffa,2674,Major 3.0.1 kill-map export on Defects4J 3.0.1 fixed revision
JacksonCore,8,testMap.csv,canonical_maps/JacksonCore-8/testMap.csv,canonical_included,a1699345f570a29e0dcfa3df59b86a6ccb86fb2f5e1c4a295ebdb76305bf298c,16361,Major 3.0.1 kill-map export on Defects4J 3.0.1 fixed revision
JacksonCore,8,covMap.csv,canonical_maps/JacksonCore-8/covMap.csv,canonical_included,3dde982be1274a4be070014a97927c4a788133b13c7246de34c7367069f979a3,68969,Major 3.0.1 kill-map export on Defects4J 3.0.1 fixed revision
JacksonCore,8,killMap.csv,canonical_maps/JacksonCore-8/killMap.csv,canonical_included,525f8d369743ad3dff6875aa29f80475a575d172eef4b0b585257615afa4d7d0,35669,Major 3.0.1 kill-map export on Defects4J 3.0.1 fixed revision
JacksonCore,8,mutants.log,canonical_maps/JacksonCore-8/mutants.log,canonical_included,4fac8dfafaed67a21985dccf0273ae2baa6fd726f25a13d053ffc2eacdab8b83,65634,Major 3.0.1 kill-map export on Defects4J 3.0.1 fixed revision
JacksonCore,8,trigger_tests.txt,canonical_maps/JacksonCore-8/trigger_tests.txt,canonical_included,5fd6db0fdf96af9976c0b83eb1cea1fed0ee0a6c262b792e9a41165bf5447fae,2534,Major 3.0.1 kill-map export on Defects4J 3.0.1 fixed revision
Lang,53,testMap.csv,canonical_maps/Lang-53/testMap.csv,canonical_included,2fd13812cdc723218eeaff2470341d6816d1dd7c01930c5b421bb5b4517761f4,2062,Major 3.0.1 kill-map export on Defects4J 3.0.1 fixed revision
Lang,53,covMap.csv,canonical_maps/Lang-53/covMap.csv,canonical_included,e25b015dad384ee584dced591b9fe298e0f452dd15b1f81a731d39ace0c71a08,7879,Major 3.0.1 kill-map export on Defects4J 3.0.1 fixed revision
Lang,53,killMap.csv,canonical_maps/Lang-53/killMap.csv,canonical_included,db0d96cdcbcb08155417d7372fa8a8f35329d232b8069fe396a8c7412976268a,7327,Major 3.0.1 kill-map export on Defects4J 3.0.1 fixed revision
Lang,53,mutants.log,canonical_maps/Lang-53/mutants.log,canonical_included,0786807d8c325a8e0c99638c5b530df955c7af1230fa5549de8f30d3efb86515,88635,Major 3.0.1 kill-map export on Defects4J 3.0.1 fixed revision
Lang,53,trigger_tests.txt,canonical_maps/Lang-53/trigger_tests.txt,canonical_included,924d40da236c4a916c12b8a87034359fbb05380f5b08e888811b98829d506352,2872,Major 3.0.1 kill-map export on Defects4J 3.0.1 fixed revision
Math,62,testMap.csv,canonical_maps/Math-62/testMap.csv,canonical_included,c88ed20cb084cf991d39ecf836ae310f29383ac1c8b6b0cb49ffb8e1ed3d14af,234,Major 3.0.1 kill-map export on Defects4J 3.0.1 fixed revision
Math,62,covMap.csv,canonical_maps/Math-62/covMap.csv,canonical_included,17f5782dbd0f39f6db5bb2658b9c3787deebd3b673f241974205b30549de7b36,594,Major 3.0.1 kill-map export on Defects4J 3.0.1 fixed revision
Math,62,killMap.csv,canonical_maps/Math-62/killMap.csv,canonical_included,7189e5c8962de7d312d13c2cd17f08c0b7d29188b54aa386cf86613128f9ba5f,539,Major 3.0.1 kill-map export on Defects4J 3.0.1 fixed revision
Math,62,mutants.log,canonical_maps/Math-62/mutants.log,canonical_included,43325875f72b1ad9d527e146af2baa0f20eb0a2d0d1c2af564ab0f08e941ea1b,18131,Major 3.0.1 kill-map export on Defects4J 3.0.1 fixed revision
Math,62,trigger_tests.txt,canonical_maps/Math-62/trigger_tests.txt,canonical_included,1950c252c08ba47a73b9c168cf825fe5d389fa0bf29f2a86c0ac56d7b6729171,3502,Major 3.0.1 kill-map export on Defects4J 3.0.1 fixed revision
Time,1,testMap.csv,canonical_maps/Time-1/testMap.csv,canonical_included,cca131447874c017c75316df070e8759cf0c9df4ec12fbaa79a3db56a771c108,290449,Major 3.0.1 kill-map export on Defects4J 3.0.1 fixed revision
Time,1,covMap.csv,canonical_maps/Time-1/covMap.csv,canonical_included,3661f96dbd788c7eba1326ff59ed17929365b314e4a18753553f9e9453496daa,383822,Major 3.0.1 kill-map export on Defects4J 3.0.1 fixed revision
Time,1,killMap.csv,canonical_maps/Time-1/killMap.csv,canonical_included,9bb3e819c6b900790b21cd82f5260a11f381812efa6e5d3e857d7a32eedc57aa,186004,Major 3.0.1 kill-map export on Defects4J 3.0.1 fixed revision
Time,1,mutants.log,canonical_maps/Time-1/mutants.log,canonical_included,e0ec0d2925936db453b68e14da7fb397afd0985d8a33bc8038d103cbfbc55321,55679,Major 3.0.1 kill-map export on Defects4J 3.0.1 fixed revision
Time,1,trigger_tests.txt,canonical_maps/Time-1/trigger_tests.txt,canonical_included,aee158f7c45e2f0451e88967c36340804c50ea031fb321c8db562d08a3ac2973,2740,Major 3.0.1 kill-map export on Defects4J 3.0.1 fixed revision
Lang,56,testMap.csv,canonical_maps/Lang-56/testMap.csv,canonical_included,2989574f4f271bbe6a684d07022fb9a9066896877c912b4fe7b0943fac587aba,2507,Major 3.0.1 kill-map export on Defects4J 3.0.1 fixed revision
Lang,56,covMap.csv,canonical_maps/Lang-56/covMap.csv,canonical_included,84af220e23a9387a7cb4699964bf188ab2422398b2d1415db3db61b832b37ebc,39415,Major 3.0.1 kill-map export on Defects4J 3.0.1 fixed revision
Lang,56,killMap.csv,canonical_maps/Lang-56/killMap.csv,canonical_included,2b41f4ae994f99e626f6774544fd0b0179200451bf29ad42904bd65d66c09b92,34555,Major 3.0.1 kill-map export on Defects4J 3.0.1 fixed revision
Lang,56,mutants.log,canonical_maps/Lang-56/mutants.log,canonical_included,72e1f33091442fafd4d0035ac8e1dbdf10135d5139f061ee595827a850cd824e,134465,Major 3.0.1 kill-map export on Defects4J 3.0.1 fixed revision
Lang,56,trigger_tests.txt,canonical_maps/Lang-56/trigger_tests.txt,canonical_included,3151886e4262016feef1a194cacaeddbbac12a0d7e41b6d91385e53ec2bbbe87,3640,Major 3.0.1 kill-map export on Defects4J 3.0.1 fixed revision
Math,26,testMap.csv,canonical_maps/Math-26/testMap.csv,canonical_included,8244665db370d527b7583fd1b17f6eeaf2d79a6c8379f8825832ddb6dba16374,16019,Major 3.0.1 kill-map export on Defects4J 3.0.1 fixed revision
Math,26,covMap.csv,canonical_maps/Math-26/covMap.csv,canonical_included,4b20386f135224f22c3aa1bf48b6d2ea0edd8e16793c3f1b91a29d99190f4008,195723,Major 3.0.1 kill-map export on Defects4J 3.0.1 fixed revision
Math,26,killMap.csv,canonical_maps/Math-26/killMap.csv,canonical_included,dd6ae9c48643b5c069927328d6eee243624fa6e8be067803377976e21f7657f1,97700,Major 3.0.1 kill-map export on Defects4J 3.0.1 fixed revision
Math,26,mutants.log,canonical_maps/Math-26/mutants.log,canonical_included,5aeb7d794cef3d97b7bd0aa3e2d6471f12700f03d9224dd7a1d52fabae955867,65707,Major 3.0.1 kill-map export on Defects4J 3.0.1 fixed revision
Math,26,trigger_tests.txt,canonical_maps/Math-26/trigger_tests.txt,canonical_included,1840af48bb91c1d569633eaf1d438a361acc08bf74ec6c30335d0bc638f7be67,3333,Major 3.0.1 kill-map export on Defects4J 3.0.1 fixed revision
Math,52,testMap.csv,canonical_maps/Math-52/testMap.csv,canonical_included,f2c9eaa98538d75494b7dfc56a5a43acbb3136a0007af5730bc05caed77df889,2349,Major 3.0.1 kill-map export on Defects4J 3.0.1 fixed revision
Math,52,covMap.csv,canonical_maps/Math-52/covMap.csv,canonical_included,db3f367f24ca5d4d09485b570dcd58eef0e78ccbc6d257c3b11299af9abe43d5,52275,Major 3.0.1 kill-map export on Defects4J 3.0.1 fixed revision
Math,52,killMap.csv,canonical_maps/Math-52/killMap.csv,canonical_included,23308b6177f66e07563f50fa2c7de19864894e0c17529254da2efe35976886e0,65872,Major 3.0.1 kill-map export on Defects4J 3.0.1 fixed revision
Math,52,mutants.log,canonical_maps/Math-52/mutants.log,canonical_included,ee445fb99dabd84c424ca83865cbaba1136ee4198ca58d3966ee5f7eb031687c,570011,Major 3.0.1 kill-map export on Defects4J 3.0.1 fixed revision
Math,52,trigger_tests.txt,canonical_maps/Math-52/trigger_tests.txt,canonical_included,711ba4fdc0a2cc1feb6cd2bbca80e30e2a37b85ae203415af4149a7a0afaa893,3417,Major 3.0.1 kill-map export on Defects4J 3.0.1 fixed revision
Mockito,31,testMap.csv,canonical_maps/Mockito-31/testMap.csv,canonical_included,7371fe27908f469f50c6be264e6b9d191b19f4d4f9ad1a5403263d685d21fc60,76123,Major 3.0.1 kill-map export on Defects4J 3.0.1 fixed revision
Mockito,31,covMap.csv,canonical_maps/Mockito-31/covMap.csv,canonical_included,296570c839ee5be89c75d5aa52ad33cafbeea3620c9038e2a8a44b734b523bc4,691,Major 3.0.1 kill-map export on Defects4J 3.0.1 fixed revision
Mockito,31,killMap.csv,canonical_maps/Mockito-31/killMap.csv,canonical_included,6da18ae3252e67faab736ce284815e6e8ed708b90e4b9fff37a359c017737bb6,604,Major 3.0.1 kill-map export on Defects4J 3.0.1 fixed revision
Mockito,31,mutants.log,canonical_maps/Mockito-31/mutants.log,canonical_included,2723166766494d403f43eb7f1e8c8a114bb8bd76f1d22a3c0d19443ea7df4f0e,2798,Major 3.0.1 kill-map export on Defects4J 3.0.1 fixed revision
Mockito,31,trigger_tests.txt,canonical_maps/Mockito-31/trigger_tests.txt,canonical_included,6db5ffad3141abbc245baf6cf0e9aa8ac31cf3e1a1cd263f1b2815565e8716d3,3570,Major 3.0.1 kill-map export on Defects4J 3.0.1 fixed revision
JacksonDatabind,28,testMap.csv,canonical_maps/JacksonDatabind-28/testMap.csv,canonical_included,4c7a038f0fe2e7e9ad2e359a0f334b4f98e9804914f5977fe0240acecd910efb,13465,Major 3.0.1 kill-map export on Defects4J 3.0.1 fixed revision
JacksonDatabind,28,covMap.csv,canonical_maps/JacksonDatabind-28/covMap.csv,canonical_included,fcb4caa8e99c6ec0f9ad305f5b1a873b8caaba2b2bc6a20391c9ab3552eaa1f1,851,Major 3.0.1 kill-map export on Defects4J 3.0.1 fixed revision
JacksonDatabind,28,killMap.csv,canonical_maps/JacksonDatabind-28/killMap.csv,canonical_included,a7aa2466086685f61e6812fa379c532f6ad72e81894d19193118b37e8cb6b097,102,Major 3.0.1 kill-map export on Defects4J 3.0.1 fixed revision
JacksonDatabind,28,mutants.log,canonical_maps/JacksonDatabind-28/mutants.log,canonical_included,b3e0affcc555b51efcf14e7be8e0d43c1b8104b4eb388ae98be06d8335eda1b9,2960,Major 3.0.1 kill-map export on Defects4J 3.0.1 fixed revision
JacksonDatabind,28,trigger_tests.txt,canonical_maps/JacksonDatabind-28/trigger_tests.txt,canonical_included,080f0c97f141524c72584be7bbe1460d07a90c8ae8618f65050ab4bf6b10d7f1,3780,Major 3.0.1 kill-map export on Defects4J 3.0.1 fixed revision
Collections,13,testMap.csv,canonical_maps/Collections-13/testMap.csv,canonical_included,5e9dd567554c73ac3b97a3cf0c5fbd69218bd32123f9030f68a1ca00130cd260,1339,Major 3.0.1 kill-map export on Defects4J 3.0.1 fixed revision
Collections,13,covMap.csv,canonical_maps/Collections-13/covMap.csv,canonical_included,11b3f2cb7412bee35b8fea6da0c8e48473d5c8af7af97a3e1714cdbcf785dd18,8203,Major 3.0.1 kill-map export on Defects4J 3.0.1 fixed revision
Collections,13,killMap.csv,canonical_maps/Collections-13/killMap.csv,canonical_included,5581560ea4f80e1380dfe11505d91b2642469cf54d64d9de8f2706fc2dca8bff,7195,Major 3.0.1 kill-map export on Defects4J 3.0.1 fixed revision
Collections,13,mutants.log,canonical_maps/Collections-13/mutants.log,canonical_included,aab37b63dba1c272ebff83bc5bb27be543e9e41fb2aa10356e56cde3d47752f0,78106,Major 3.0.1 kill-map export on Defects4J 3.0.1 fixed revision
Collections,13,trigger_tests.txt,canonical_maps/Collections-13/trigger_tests.txt,canonical_included,a495f2a69c0fd9fed448055e4d9e54ca7901968edbb0b494646150b2a3006455,3018,Major 3.0.1 kill-map export on Defects4J 3.0.1 fixed revision
Mockito,25,testMap.csv,canonical_maps/Mockito-25/testMap.csv,canonical_included,d1d2bfd5e34f056da9ed555eeacaaa648bf2fe3053cb6c5007dd62f8933b254a,104649,Major 3.0.1 kill-map export on Defects4J 3.0.1 fixed revision
Mockito,25,covMap.csv,canonical_maps/Mockito-25/covMap.csv,canonical_included,6bf89293ef158639614919247b85b549678807ba0e9c4a72b54eaf35234eaae2,1517,Major 3.0.1 kill-map export on Defects4J 3.0.1 fixed revision
Mockito,25,killMap.csv,canonical_maps/Mockito-25/killMap.csv,canonical_included,53d9dd7e09bd8ea9c331f990e2e9e8e2fef0a900d9b8ae2f8582bd692feb10a9,1378,Major 3.0.1 kill-map export on Defects4J 3.0.1 fixed revision
Mockito,25,mutants.log,canonical_maps/Mockito-25/mutants.log,canonical_included,4fe372c503339fc8531969873af1f0a80de0c01fdda7a61bbab67acb9649196d,2706,Major 3.0.1 kill-map export on Defects4J 3.0.1 fixed revision
Mockito,25,trigger_tests.txt,canonical_maps/Mockito-25/trigger_tests.txt,canonical_included,4f99c03653664d58ed2901b8af28a79812830b2c2f40f9e04a3428a25773e3d0,20568,Major 3.0.1 kill-map export on Defects4J 3.0.1 fixed revision
Codec,16,testMap.csv,canonical_maps/Codec-16/testMap.csv,canonical_included,81160c3acb52bd263bdb8fc921da415c66223cbc60179f2686a59fef08f45f3f,2481,Major 3.0.1 kill-map export on Defects4J 3.0.1 fixed revision
Codec,16,covMap.csv,canonical_maps/Codec-16/covMap.csv,canonical_included,47dc2c7c15c88f276f77b9c1b9ebd123a7094e4cc7d747886b644d4e671c2d9a,116601,Major 3.0.1 kill-map export on Defects4J 3.0.1 fixed revision
Codec,16,killMap.csv,canonical_maps/Codec-16/killMap.csv,canonical_included,f5adde31114f0c8088003ffab5ffcc938485c4abc30a3fa86e839d352f7c9dc2,45462,Major 3.0.1 kill-map export on Defects4J 3.0.1 fixed revision
Codec,16,mutants.log,canonical_maps/Codec-16/mutants.log,canonical_included,b5a472ad9dd27e78f9f029af535de6e14889d26d902d4d5e50185813b28850f1,135496,Major 3.0.1 kill-map export on Defects4J 3.0.1 fixed revision
Codec,16,trigger_tests.txt,canonical_maps/Codec-16/trigger_tests.txt,canonical_included,82f1472d380a156a0c98c77d2659c7aa97cb1f2ca3e87d66e7576b60488ab65f,3309,Major 3.0.1 kill-map export on Defects4J 3.0.1 fixed revision
JacksonXml,1,testMap.csv,canonical_maps/JacksonXml-1/testMap.csv,canonical_included,0d00edbb5aef04af3104a192331cdd62a38d2d612ddd78c5e28208ac4f2bdb84,11824,Major 3.0.1 kill-map export on Defects4J 3.0.1 fixed revision
JacksonXml,1,covMap.csv,canonical_maps/JacksonXml-1/covMap.csv,canonical_included,b425e9df0f94f30003af242d437bb86d7a668c15f993acea1dae5d70e0e4a975,43381,Major 3.0.1 kill-map export on Defects4J 3.0.1 fixed revision
JacksonXml,1,killMap.csv,canonical_maps/JacksonXml-1/killMap.csv,canonical_included,9ece21e1304c7e9e7ab2da8a756bcce489d48900cbbf9de7ee655e30a17b1449,25891,Major 3.0.1 kill-map export on Defects4J 3.0.1 fixed revision
JacksonXml,1,mutants.log,canonical_maps/JacksonXml-1/mutants.log,canonical_included,7f49197423870af8d84ba4367a93f5ac511701df8f92dd08ae8635222316b31c,57428,Major 3.0.1 kill-map export on Defects4J 3.0.1 fixed revision
JacksonXml,1,trigger_tests.txt,canonical_maps/JacksonXml-1/trigger_tests.txt,canonical_included,078c440ca572476a7b02ec08a66cbcf992df63f83089b065e549606a9cba7440,8871,Major 3.0.1 kill-map export on Defects4J 3.0.1 fixed revision
Math,60,testMap.csv,canonical_maps/Math-60/testMap.csv,canonical_included,876aabc5cd7ce473e755fd8a484a2b4e6d731eb5455b44fce50afc1f1ebfeb51,2360,Major 3.0.1 kill-map export on Defects4J 3.0.1 fixed revision
Math,60,covMap.csv,canonical_maps/Math-60/covMap.csv,canonical_included,a25bec169c5f094c303b6b6a3a8e6e322828dd47d41954c0057121475d9c19a0,4350,Major 3.0.1 kill-map export on Defects4J 3.0.1 fixed revision
Math,60,killMap.csv,canonical_maps/Math-60/killMap.csv,canonical_included,710d5dea9da202f0f520f5fd1e55021060c88cebde67745346048e87a8c56ad0,4251,Major 3.0.1 kill-map export on Defects4J 3.0.1 fixed revision
Math,60,mutants.log,canonical_maps/Math-60/mutants.log,canonical_included,9a17fa2a8d1055cac83faadf11ba2ad4863b54a26f5d086aad3325f0382a8995,21113,Major 3.0.1 kill-map export on Defects4J 3.0.1 fixed revision
Math,60,trigger_tests.txt,canonical_maps/Math-60/trigger_tests.txt,canonical_included,47f3c530569f2b3c932a264662ba83c2fbb895eda8126ae8c7e68e0ab36785cc,3065,Major 3.0.1 kill-map export on Defects4J 3.0.1 fixed revision
Time,10,testMap.csv,canonical_maps/Time-10/testMap.csv,canonical_included,2b39012934e1b452ef02bd411584dee160618a0c08cee5d4615e3b14df9baee0,21277,Major 3.0.1 kill-map export on Defects4J 3.0.1 fixed revision
Time,10,covMap.csv,canonical_maps/Time-10/covMap.csv,canonical_included,edb3b2a4a409e5cbc5784297fac2ec4157e5c9caacd23511a0e975afcbf88dec,8841,Major 3.0.1 kill-map export on Defects4J 3.0.1 fixed revision
Time,10,killMap.csv,canonical_maps/Time-10/killMap.csv,canonical_included,74d10de89db858ec939959ce05958b48f50b81ab565c9a65d8eef0ca372da8e8,9359,Major 3.0.1 kill-map export on Defects4J 3.0.1 fixed revision
Time,10,mutants.log,canonical_maps/Time-10/mutants.log,canonical_included,e74b9a0d79c2789e922750cd99cf6d94f521c6e83dc6f0957a0d2be2380804bd,20081,Major 3.0.1 kill-map export on Defects4J 3.0.1 fixed revision
Time,10,trigger_tests.txt,canonical_maps/Time-10/trigger_tests.txt,canonical_included,e103e410a5370b59568006ecd67c1bb0577c743a4ed68c3d1c37afe4544b704f,5978,Major 3.0.1 kill-map export on Defects4J 3.0.1 fixed revision
Collections,9,testMap.csv,canonical_maps/Collections-9/testMap.csv,canonical_included,9568d5965e0670c536af0ccd7a052c5dd596d93146142e6ce584c04d1f0e1083,1181,Major 3.0.1 kill-map export on Defects4J 3.0.1 fixed revision
Collections,9,covMap.csv,canonical_maps/Collections-9/covMap.csv,canonical_included,53a007bdba507c2871886eeba4887f3d426d1b308b584e914cc9afbf82447390,7613,Major 3.0.1 kill-map export on Defects4J 3.0.1 fixed revision
Collections,9,killMap.csv,canonical_maps/Collections-9/killMap.csv,canonical_included,2470213423747d6b1d08de465e8c59ab9ea2c09198e730e3678c9930afaac474,6631,Major 3.0.1 kill-map export on Defects4J 3.0.1 fixed revision
Collections,9,mutants.log,canonical_maps/Collections-9/mutants.log,canonical_included,83c1f98bbbd241361afa216938c15ab8a65059829e05eb903991bae9d4310efc,78070,Major 3.0.1 kill-map export on Defects4J 3.0.1 fixed revision
Collections,9,trigger_tests.txt,canonical_maps/Collections-9/trigger_tests.txt,canonical_included,5a345f0651f5a6ca907090d774b49735f6928cca2fcec722f63c140e3a6257a7,2921,Major 3.0.1 kill-map export on Defects4J 3.0.1 fixed revision
Mockito,15,testMap.csv,canonical_maps/Mockito-15/testMap.csv,canonical_included,cc67fb417fafef5ad19ed6243f272611cd299876b70360341e7a8a5ae9be70ac,2057,Major 3.0.1 kill-map export on Defects4J 3.0.1 fixed revision
Mockito,15,covMap.csv,canonical_maps/Mockito-15/covMap.csv,canonical_included,413b3afd076bd0dfdc186dee6dfce16d6c4e71f9a0397cc5bd8cd67e9f4126a6,1032,Major 3.0.1 kill-map export on Defects4J 3.0.1 fixed revision
Mockito,15,killMap.csv,canonical_maps/Mockito-15/killMap.csv,canonical_included,fdcddf8cf8b5023afe1a8dc1888e59f98116de3ffedb9c71450785ca0cae3f3c,810,Major 3.0.1 kill-map export on Defects4J 3.0.1 fixed revision
Mockito,15,mutants.log,canonical_maps/Mockito-15/mutants.log,canonical_included,f6d07efdee81f8979a5348a9dc4567975cb2afa15a3e645075bf1a16d174e7c9,1970,Major 3.0.1 kill-map export on Defects4J 3.0.1 fixed revision
Mockito,15,trigger_tests.txt,canonical_maps/Mockito-15/trigger_tests.txt,canonical_included,c11bccd5363acca47f521a920c69aec5afa9fceac16c3a996eb246f77f65c2ee,3550,Major 3.0.1 kill-map export on Defects4J 3.0.1 fixed revision
Math,93,testMap.csv,canonical_maps/Math-93/testMap.csv,canonical_included,59725cbdeb9dc2af3b3e016c41d598999f42e18819c0f63935d06df447e85b79,42745,Major 3.0.1 kill-map export on Defects4J 3.0.1 fixed revision
Math,93,covMap.csv,canonical_maps/Math-93/covMap.csv,canonical_included,0a1cce43ff0eb7515e614c1cc8c4b189d5053eeb23f23382a1c5eb8d925a9139,144328,Major 3.0.1 kill-map export on Defects4J 3.0.1 fixed revision
Math,93,killMap.csv,canonical_maps/Math-93/killMap.csv,canonical_included,6980626670c53eb8eab0cc2b149ae141e93c11aeb253bf32936dcefea24e0ecc,70222,Major 3.0.1 kill-map export on Defects4J 3.0.1 fixed revision
Math,93,mutants.log,canonical_maps/Math-93/mutants.log,canonical_included,d2b445e9c6a514efa8916ad31eea88f5e183ea843c2eacf7eeaab7a03ecebf5f,120214,Major 3.0.1 kill-map export on Defects4J 3.0.1 fixed revision
Math,93,trigger_tests.txt,canonical_maps/Math-93/trigger_tests.txt,canonical_included,903c76953c17f542136cd47d5f9f273182db3a9fc826871a3e131c7f03bef84c,2828,Major 3.0.1 kill-map export on Defects4J 3.0.1 fixed revision
Math,2,testMap.csv,canonical_maps/Math-2/testMap.csv,canonical_included,b3bd8f00f26e74cc8fdb1737b6de5b4f27332be47487edef59580bff879c23e2,1539,Major 3.0.1 kill-map export on Defects4J 3.0.1 fixed revision
Math,2,covMap.csv,canonical_maps/Math-2/covMap.csv,canonical_included,56b764f978a0066e26cc504edb5a7d1a188a1d9311ea0924cc543c5b0f9f904f,9481,Major 3.0.1 kill-map export on Defects4J 3.0.1 fixed revision
Math,2,killMap.csv,canonical_maps/Math-2/killMap.csv,canonical_included,9ec8ea3b0229d7e20b816169ac39408dfb5efdb092ead361fc33ab8543da11c2,7940,Major 3.0.1 kill-map export on Defects4J 3.0.1 fixed revision
Math,2,mutants.log,canonical_maps/Math-2/mutants.log,canonical_included,f091e954700973bd422bf3b379d5e13ca58c9195d5d1d87f0d4512b074059813,31867,Major 3.0.1 kill-map export on Defects4J 3.0.1 fixed revision
Math,2,trigger_tests.txt,canonical_maps/Math-2/trigger_tests.txt,canonical_included,67f3b261c85649b8fd274310b8bb41f7aed4946530b9e26127cc5fe178960388,3470,Major 3.0.1 kill-map export on Defects4J 3.0.1 fixed revision
Lang,13,testMap.csv,canonical_maps/Lang-13/testMap.csv,canonical_included,423f29f6797bc01768b4bd47b3aa0a68974397795fb7b6117d91a9395ce22939,15737,Major 3.0.1 kill-map export on Defects4J 3.0.1 fixed revision
Lang,13,covMap.csv,canonical_maps/Lang-13/covMap.csv,canonical_included,29f1ab5c72140f188695804b5f94b0d26b67c2ac0a045bcaa70bb7f5f5242cf9,1985,Major 3.0.1 kill-map export on Defects4J 3.0.1 fixed revision
Lang,13,killMap.csv,canonical_maps/Lang-13/killMap.csv,canonical_included,a709900c6dd7516029ae353bf180e9e25d8b8a9d7b09fac578087940e9aa1107,1157,Major 3.0.1 kill-map export on Defects4J 3.0.1 fixed revision
Lang,13,mutants.log,canonical_maps/Lang-13/mutants.log,canonical_included,e010c5ea5bffa521d8d8fd9d564a4497de25151c0223f5b0348db5ce1d23d95a,5505,Major 3.0.1 kill-map export on Defects4J 3.0.1 fixed revision
Lang,13,trigger_tests.txt,canonical_maps/Lang-13/trigger_tests.txt,canonical_included,e0f465db1347eb2faf4b23191e9b87393b7b425a2a8be4b0c4c470ab0a0ff705,3835,Major 3.0.1 kill-map export on Defects4J 3.0.1 fixed revision
Mockito,29,testMap.csv,canonical_maps/Mockito-29/testMap.csv,canonical_included,08b52fa992ebf211b279369e365491003bec82810f0ab8bdede1ee0ec1ff3e14,4247,Major 3.0.1 kill-map export on Defects4J 3.0.1 fixed revision
Mockito,29,covMap.csv,canonical_maps/Mockito-29/covMap.csv,canonical_included,c78b3c6340cf2d0d5f2d4318dba76120fc978265426495b2e0cd66d0953efa03,193,Major 3.0.1 kill-map export on Defects4J 3.0.1 fixed revision
Mockito,29,killMap.csv,canonical_maps/Mockito-29/killMap.csv,canonical_included,6a929ec6e83c330197158231d3c141139bfac204280f86bbc45945d40931baf9,216,Major 3.0.1 kill-map export on Defects4J 3.0.1 fixed revision
Mockito,29,mutants.log,canonical_maps/Mockito-29/mutants.log,canonical_included,3cc2cc164c7797fc0a23fe7efd5f179fb2000d5772b16e0f4dff6379af9390f4,1416,Major 3.0.1 kill-map export on Defects4J 3.0.1 fixed revision
Mockito,29,trigger_tests.txt,canonical_maps/Mockito-29/trigger_tests.txt,canonical_included,c324d8467d02529f77ac8bd8a6fbcb207050d35a65c344a11fb1ea2f59c329ab,4717,Major 3.0.1 kill-map export on Defects4J 3.0.1 fixed revision
Compress,37,testMap.csv,canonical_maps/Compress-37/testMap.csv,canonical_included,d6813bff06bb8a22d0cd6f53426e9206c7864262e27380b6d8e163b2c8021ec6,30921,Major 3.0.1 kill-map export on Defects4J 3.0.1 fixed revision
Compress,37,covMap.csv,canonical_maps/Compress-37/covMap.csv,canonical_included,e51256593884ad0f0f9bdfef1f3a808cdc652472d4e3638be5af00ca0bcbf635,56868,Major 3.0.1 kill-map export on Defects4J 3.0.1 fixed revision
Compress,37,killMap.csv,canonical_maps/Compress-37/killMap.csv,canonical_included,48cc61b2df3822851354cf3b21c31d188b725c8a2919aae48e05b9f5e7702af7,35727,Major 3.0.1 kill-map export on Defects4J 3.0.1 fixed revision
Compress,37,mutants.log,canonical_maps/Compress-37/mutants.log,canonical_included,fc58b62c219131eaa6057ea6dfa80dcba10ffa26c8eb6fbd2cbb246df359c3c9,73149,Major 3.0.1 kill-map export on Defects4J 3.0.1 fixed revision
Compress,37,trigger_tests.txt,canonical_maps/Compress-37/trigger_tests.txt,canonical_included,92e1ab0c8f3ca32c95ee61176275cd5ad14efd2561a9942583e98103b7299a98,3576,Major 3.0.1 kill-map export on Defects4J 3.0.1 fixed revision
Lang,38,testMap.csv,canonical_maps/Lang-38/testMap.csv,canonical_included,6a1b5d696dfb84ff5dd9184410abd0f0206e43c20a1580cdd864460b3aecaecb,4547,Major 3.0.1 kill-map export on Defects4J 3.0.1 fixed revision
Lang,38,covMap.csv,canonical_maps/Lang-38/covMap.csv,canonical_included,28208c6c66294119d966f18ac5dcaa587f579df4575b97635c876cb845aac478,94789,Major 3.0.1 kill-map export on Defects4J 3.0.1 fixed revision
Lang,38,killMap.csv,canonical_maps/Lang-38/killMap.csv,canonical_included,d73be9a824684a4a7a0cc77bb80018997e928df4d3b71f2fe21afeb717973bd8,62195,Major 3.0.1 kill-map export on Defects4J 3.0.1 fixed revision
Lang,38,mutants.log,canonical_maps/Lang-38/mutants.log,canonical_included,13ed3534912d6e367bdcd3c2bc0cad4bdeb47a4b34fa6717fb38ab66005bf6cf,134944,Major 3.0.1 kill-map export on Defects4J 3.0.1 fixed revision
Lang,38,trigger_tests.txt,canonical_maps/Lang-38/trigger_tests.txt,canonical_included,289a6aedaa3308ab1e6575eb081630b8b8fd58d48a21a523c2d561fce43fc601,2753,Major 3.0.1 kill-map export on Defects4J 3.0.1 fixed revision
Math,50,testMap.csv,canonical_maps/Math-50/testMap.csv,canonical_included,60413ef3bfb98e28b27a7d93cc057597293dde8492f92b0caec516ae36496ca7,3061,Major 3.0.1 kill-map export on Defects4J 3.0.1 fixed revision
Math,50,covMap.csv,canonical_maps/Math-50/covMap.csv,canonical_included,24fc24d541f8611baa1de4e832c81a03876393e8fafe6e152e8105edf2509bfa,12016,Major 3.0.1 kill-map export on Defects4J 3.0.1 fixed revision
Math,50,killMap.csv,canonical_maps/Math-50/killMap.csv,canonical_included,750eab6089f03ce8c0823990bfa2f03342b172ae9808ca05fc010f709c7625f9,9656,Major 3.0.1 kill-map export on Defects4J 3.0.1 fixed revision
Math,50,mutants.log,canonical_maps/Math-50/mutants.log,canonical_included,53f645b47de48dcd32c145b3f138b7766e0690d38c399a5e37006e9b9770a2fa,19744,Major 3.0.1 kill-map export on Defects4J 3.0.1 fixed revision
Math,50,trigger_tests.txt,canonical_maps/Math-50/trigger_tests.txt,canonical_included,1427e763eae05fe74ce946187406011ab6b07b0bd8a54ede1a1d795c143cd36f,2609,Major 3.0.1 kill-map export on Defects4J 3.0.1 fixed revision
Jsoup,29,testMap.csv,canonical_maps/Jsoup-29/testMap.csv,canonical_included,a78f6fb2c9713f2f0e44a6c3c58043b8c27e1cd9797922c3d7832a9f95d5a094,16917,Major 3.0.1 kill-map export on Defects4J 3.0.1 fixed revision
Jsoup,29,covMap.csv,canonical_maps/Jsoup-29/covMap.csv,canonical_included,3ac66b399939bb170ab95b32ae5491cbdf3f6ca0fdb58bd47b6f3df123155478,8898,Major 3.0.1 kill-map export on Defects4J 3.0.1 fixed revision
Jsoup,29,killMap.csv,canonical_maps/Jsoup-29/killMap.csv,canonical_included,75a3b1f8b7b85810f9fcf856a1134d264fbe006849b141ccb7033127f5f16cce,4562,Major 3.0.1 kill-map export on Defects4J 3.0.1 fixed revision
Jsoup,29,mutants.log,canonical_maps/Jsoup-29/mutants.log,canonical_included,2d908e9496b6f159c45f97ce4d8b1a8bb2040431beaaa4bd1985fc74abdfbf2e,10500,Major 3.0.1 kill-map export on Defects4J 3.0.1 fixed revision
Jsoup,29,trigger_tests.txt,canonical_maps/Jsoup-29/trigger_tests.txt,canonical_included,963466f546aa1615a420c0439f717b6f396344802275e18d4f9cdcece524fe31,3269,Major 3.0.1 kill-map export on Defects4J 3.0.1 fixed revision
Gson,9,testMap.csv,canonical_maps/Gson-9/testMap.csv,canonical_included,5173e581e13f56da18a519d2f4b7abb2497f924f918551069353dd9af4a803fb,66521,Major 3.0.1 kill-map export on Defects4J 3.0.1 fixed revision
Gson,9,covMap.csv,canonical_maps/Gson-9/covMap.csv,canonical_included,23af5150d9f8eed55e8f651c3f45b692ef8c7da3376646ec8554552654dbca89,439215,Major 3.0.1 kill-map export on Defects4J 3.0.1 fixed revision
Gson,9,killMap.csv,canonical_maps/Gson-9/killMap.csv,canonical_included,400f3e27c85043a415db67dd198b050b58b5c6174ce231660894886fd1879239,291237,Major 3.0.1 kill-map export on Defects4J 3.0.1 fixed revision
Gson,9,mutants.log,canonical_maps/Gson-9/mutants.log,canonical_included,a75c35ffbe2fd3dc337a985368b9b22a460a52301222eb35abf812d4389cee83,97887,Major 3.0.1 kill-map export on Defects4J 3.0.1 fixed revision
Gson,9,trigger_tests.txt,canonical_maps/Gson-9/trigger_tests.txt,canonical_included,76d9e8fd33fee2373d613ef05d4fbde0f9310f127300da8a85fb660240c49369,2533,Major 3.0.1 kill-map export on Defects4J 3.0.1 fixed revision
Jsoup,27,testMap.csv,canonical_maps/Jsoup-27/testMap.csv,canonical_included,4e52d84693fbba972f62f9f1da156e893605df6e8fda8f722a9556d62ef49dcd,1127,Major 3.0.1 kill-map export on Defects4J 3.0.1 fixed revision
Jsoup,27,covMap.csv,canonical_maps/Jsoup-27/covMap.csv,canonical_included,fe8330f64824f1e1dacdd6be9ab9c827a5d454823d5c08a999a61e1c11227eb7,2044,Major 3.0.1 kill-map export on Defects4J 3.0.1 fixed revision
Jsoup,27,killMap.csv,canonical_maps/Jsoup-27/killMap.csv,canonical_included,8b6b8dda2ce7d34406a492f7e36877f04ac9d9d3b6dc7f99405c984c7626759d,1846,Major 3.0.1 kill-map export on Defects4J 3.0.1 fixed revision
Jsoup,27,mutants.log,canonical_maps/Jsoup-27/mutants.log,canonical_included,694437f0214aa7077a688ad605feaf54c7428bdb260ad09383a7fb91a249f402,10721,Major 3.0.1 kill-map export on Defects4J 3.0.1 fixed revision
Jsoup,27,trigger_tests.txt,canonical_maps/Jsoup-27/trigger_tests.txt,canonical_included,65e60141811913ee8e87505451b09180d931c2b6f0f14ebbf97dc368cde88f0b,6506,Major 3.0.1 kill-map export on Defects4J 3.0.1 fixed revision
