project,bug_id,status,start_time,end_time,wall_sec,return_code,mutant_count,test_count,trigger_count,matrix_validation,failure_reason,tool_versions,parser_schema
Chart,1,COMPLETE_VALID,2026-10-06T05:21:14Z,2026-10-06T05:24:11Z,177.7,0,442,436,1,PASS,,defects4j=3.0.1;major=3.0.1;java=11,SCHEMA_V1
Chart,10,MUTATION_FAILURE,2026-10-05T21:30:18Z,2026-10-05T21:30:38Z,19.5,255,,,,FAIL,MUTATION_FAILURE,defects4j=3.0.1;major=3.0.1;java=11,SCHEMA_V1
Chart,11,COMPLETE_VALID,2026-10-05T19:02:20Z,2026-10-05T19:04:13Z,113.7,0,488,543,1,PASS,,defects4j=3.0.1;major=3.0.1;java=11,SCHEMA_V1
Chart,12,COMPLETE_VALID,2026-10-05T16:35:36Z,2026-10-05T16:36:01Z,25.7,0,237,201,1,PASS,,defects4j=3.0.1;major=3.0.1;java=11,SCHEMA_V1
Chart,13,COMPLETE_VALID,2026-10-05T12:00:05Z,2026-10-05T12:03:05Z,180.7,0,663,195,1,PASS,,defects4j=3.0.1;major=3.0.1;java=11,SCHEMA_V1
Chart,14,TIMEOUT,2026-10-06T09:24:55Z,2026-10-06T09:54:56Z,1800.5,124,,,,FAIL,timeout,defects4j=3.0.1;major=3.0.1;java=11,SCHEMA_V1
Chart,15,TIMEOUT,2026-10-06T04:37:22Z,2026-10-06T05:07:23Z,1800.7,124,,,,FAIL,timeout,defects4j=3.0.1;major=3.0.1;java=11,SCHEMA_V1
Chart,16,COMPLETE_VALID,2026-10-05T23:50:26Z,2026-10-05T23:50:52Z,25.7,0,305,25,8,PASS,,defects4j=3.0.1;major=3.0.1;java=11,SCHEMA_V1
Chart,17,COMPLETE_VALID,2026-10-05T11:31:26Z,2026-10-05T11:32:02Z,36.2,0,522,60,1,PASS,,defects4j=3.0.1;major=3.0.1;java=11,SCHEMA_V1
Chart,18,COMPLETE_VALID,2026-10-05T11:32:03Z,2026-10-05T11:33:57Z,114.5,0,317,327,4,PASS,,defects4j=3.0.1;major=3.0.1;java=11,SCHEMA_V1
Chart,19,TIMEOUT,2026-10-05T20:54:57Z,2026-10-05T21:24:58Z,1800.8,124,,,,FAIL,timeout,defects4j=3.0.1;major=3.0.1;java=11,SCHEMA_V1
Chart,2,COMPLETE_VALID,2026-10-05T19:58:21Z,2026-10-05T20:06:37Z,496.3,0,970,555,2,PASS,,defects4j=3.0.1;major=3.0.1;java=11,SCHEMA_V1
Chart,20,COMPLETE_VALID,2026-10-06T12:01:09Z,2026-10-06T12:01:35Z,25.8,0,15,296,1,PASS,,defects4j=3.0.1;major=3.0.1;java=11,SCHEMA_V1
Chart,21,COMPLETE_VALID,2026-10-06T08:30:03Z,2026-10-06T08:30:30Z,27.0,0,164,17,1,PASS,,defects4j=3.0.1;major=3.0.1;java=11,SCHEMA_V1
Chart,22,COMPLETE_VALID,2026-10-06T11:17:42Z,2026-10-06T11:18:08Z,26.4,0,173,51,6,PASS,,defects4j=3.0.1;major=3.0.1;java=11,SCHEMA_V1
Chart,23,COMPLETE_VALID,2026-10-06T10:37:42Z,2026-10-06T10:38:03Z,20.8,0,223,5,1,PASS,,defects4j=3.0.1;major=3.0.1;java=11,SCHEMA_V1
Chart,24,COMPLETE_VALID,2026-10-05T18:11:10Z,2026-10-05T18:11:30Z,19.6,0,38,15,1,PASS,,defects4j=3.0.1;major=3.0.1;java=11,SCHEMA_V1
Chart,25,COMPLETE_VALID,2026-10-05T17:30:15Z,2026-10-05T17:30:49Z,34.6,0,438,9,4,PASS,,defects4j=3.0.1;major=3.0.1;java=11,SCHEMA_V1
Chart,26,COMPLETE_VALID,2026-10-05T19:04:14Z,2026-10-05T19:17:09Z,775.1,1,530,544,22,PASS,,defects4j=3.0.1;major=3.0.1;java=11,SCHEMA_V1
Chart,3,COMPLETE_VALID,2026-10-05T13:46:40Z,2026-10-05T13:47:32Z,52.0,0,622,86,1,PASS,,defects4j=3.0.1;major=3.0.1;java=11,SCHEMA_V1
Chart,4,TIMEOUT,2026-10-05T22:54:34Z,2026-10-05T23:24:36Z,1801.0,124,,,,FAIL,timeout,defects4j=3.0.1;major=3.0.1;java=11,SCHEMA_V1
Chart,5,COMPLETE_VALID,2026-10-05T22:46:30Z,2026-10-05T22:47:34Z,63.5,0,299,292,1,PASS,,defects4j=3.0.1;major=3.0.1;java=11,SCHEMA_V1
Chart,6,COMPLETE_VALID,2026-10-05T16:34:35Z,2026-10-05T16:35:28Z,53.4,0,36,486,2,PASS,,defects4j=3.0.1;major=3.0.1;java=11,SCHEMA_V1
Chart,7,COMPLETE_VALID,2026-10-06T12:30:07Z,2026-10-06T12:30:29Z,22.6,0,306,16,1,PASS,,defects4j=3.0.1;major=3.0.1;java=11,SCHEMA_V1
Chart,8,COMPLETE_VALID,2026-10-06T05:27:52Z,2026-10-06T05:28:12Z,20.5,0,301,23,1,PASS,,defects4j=3.0.1;major=3.0.1;java=11,SCHEMA_V1
Chart,9,COMPLETE_VALID,2026-10-05T21:30:58Z,2026-10-05T21:31:38Z,39.3,0,529,64,1,PASS,,defects4j=3.0.1;major=3.0.1;java=11,SCHEMA_V1
Cli,1,MUTATION_FAILURE,2026-10-05T21:56:03Z,2026-10-05T21:56:10Z,6.8,1,,,,FAIL,MUTATION_FAILURE,defects4j=3.0.1;major=3.0.1;java=11,SCHEMA_V1
Cli,10,MUTATION_FAILURE,2026-10-05T12:15:34Z,2026-10-05T12:15:40Z,6.6,1,,,,FAIL,MUTATION_FAILURE,defects4j=3.0.1;major=3.0.1;java=11,SCHEMA_V1
Cli,11,MUTATION_FAILURE,2026-10-06T10:46:18Z,2026-10-06T10:46:24Z,5.9,1,,,,FAIL,MUTATION_FAILURE,defects4j=3.0.1;major=3.0.1;java=11,SCHEMA_V1
Cli,12,MUTATION_FAILURE,2026-10-06T13:29:48Z,2026-10-06T13:29:54Z,6.2,1,,,,FAIL,MUTATION_FAILURE,defects4j=3.0.1;major=3.0.1;java=11,SCHEMA_V1
Cli,13,COMPLETE_VALID,2026-10-06T01:25:28Z,2026-10-06T01:27:00Z,92.6,0,225,427,1,PASS,,defects4j=3.0.1;major=3.0.1;java=11,SCHEMA_V1
Cli,14,MUTATION_FAILURE,2026-10-06T02:37:24Z,2026-10-06T02:37:32Z,8.0,1,,,,FAIL,MUTATION_FAILURE,defects4j=3.0.1;major=3.0.1;java=11,SCHEMA_V1
Cli,15,COMPLETE_VALID,2026-10-05T11:52:02Z,2026-10-05T11:52:46Z,44.6,0,72,361,2,PASS,,defects4j=3.0.1;major=3.0.1;java=11,SCHEMA_V1
Cli,16,MUTATION_FAILURE,2026-10-05T23:29:35Z,2026-10-05T23:29:48Z,13.1,1,,,,FAIL,MUTATION_FAILURE,defects4j=3.0.1;major=3.0.1;java=11,SCHEMA_V1
Cli,17,MUTATION_FAILURE,2026-10-06T05:07:39Z,2026-10-06T05:07:45Z,6.1,1,,,,FAIL,MUTATION_FAILURE,defects4j=3.0.1;major=3.0.1;java=11,SCHEMA_V1
Cli,18,MUTATION_FAILURE,2026-10-06T01:30:05Z,2026-10-06T01:30:12Z,7.2,1,,,,FAIL,MUTATION_FAILURE,defects4j=3.0.1;major=3.0.1;java=11,SCHEMA_V1
Cli,19,MUTATION_FAILURE,2026-10-06T03:21:21Z,2026-10-06T03:21:28Z,7.5,1,,,,FAIL,MUTATION_FAILURE,defects4j=3.0.1;major=3.0.1;java=11,SCHEMA_V1
Cli,2,MUTATION_FAILURE,2026-10-06T02:57:39Z,2026-10-06T02:57:46Z,7.1,1,,,,FAIL,MUTATION_FAILURE,defects4j=3.0.1;major=3.0.1;java=11,SCHEMA_V1
Cli,20,MUTATION_FAILURE,2026-10-06T00:32:10Z,2026-10-06T00:32:18Z,7.4,1,,,,FAIL,MUTATION_FAILURE,defects4j=3.0.1;major=3.0.1;java=11,SCHEMA_V1
Cli,21,MUTATION_FAILURE,2026-10-05T10:54:25Z,2026-10-05T10:54:35Z,10.8,1,,,,FAIL,MUTATION_FAILURE,defects4j=3.0.1;major=3.0.1;java=11,SCHEMA_V1
Cli,22,MUTATION_FAILURE,2026-10-05T13:39:17Z,2026-10-05T13:39:24Z,6.9,1,,,,FAIL,MUTATION_FAILURE,defects4j=3.0.1;major=3.0.1;java=11,SCHEMA_V1
Cli,23,MUTATION_FAILURE,2026-10-06T06:55:33Z,2026-10-06T06:55:40Z,7.0,1,,,,FAIL,MUTATION_FAILURE,defects4j=3.0.1;major=3.0.1;java=11,SCHEMA_V1
Cli,24,MUTATION_FAILURE,2026-10-06T07:58:59Z,2026-10-06T07:59:06Z,7.4,1,,,,FAIL,MUTATION_FAILURE,defects4j=3.0.1;major=3.0.1;java=11,SCHEMA_V1
Cli,25,MUTATION_FAILURE,2026-10-05T16:35:28Z,2026-10-05T16:35:35Z,6.8,1,,,,FAIL,MUTATION_FAILURE,defects4j=3.0.1;major=3.0.1;java=11,SCHEMA_V1
Cli,26,MUTATION_FAILURE,2026-10-06T08:05:29Z,2026-10-06T08:05:36Z,7.1,1,,,,FAIL,MUTATION_FAILURE,defects4j=3.0.1;major=3.0.1;java=11,SCHEMA_V1
Cli,27,MUTATION_FAILURE,2026-10-05T12:23:46Z,2026-10-05T12:23:52Z,5.8,1,,,,FAIL,MUTATION_FAILURE,defects4j=3.0.1;major=3.0.1;java=11,SCHEMA_V1
Cli,28,MUTATION_FAILURE,2026-10-06T00:37:00Z,2026-10-06T00:37:06Z,6.4,1,,,,FAIL,MUTATION_FAILURE,defects4j=3.0.1;major=3.0.1;java=11,SCHEMA_V1
Cli,29,MUTATION_FAILURE,2026-10-05T17:15:59Z,2026-10-05T17:16:05Z,6.3,1,,,,FAIL,MUTATION_FAILURE,defects4j=3.0.1;major=3.0.1;java=11,SCHEMA_V1
Cli,3,COMPLETE_VALID,2026-10-05T13:12:58Z,2026-10-05T13:13:05Z,6.7,0,21,1,1,PASS,,defects4j=3.0.1;major=3.0.1;java=11,SCHEMA_V1
Cli,30,MUTATION_FAILURE,2026-10-06T05:21:08Z,2026-10-06T05:21:13Z,5.6,1,,,,FAIL,MUTATION_FAILURE,defects4j=3.0.1;major=3.0.1;java=11,SCHEMA_V1
Cli,31,COMPLETE_VALID,2026-10-05T22:43:21Z,2026-10-05T22:45:33Z,132.0,0,597,353,1,PASS,,defects4j=3.0.1;major=3.0.1;java=11,SCHEMA_V1
Cli,32,COMPLETE_VALID,2026-10-06T10:02:16Z,2026-10-06T10:03:04Z,47.7,0,334,47,2,PASS,,defects4j=3.0.1;major=3.0.1;java=11,SCHEMA_V1
Cli,33,COMPLETE_VALID,2026-10-06T11:24:37Z,2026-10-06T11:25:26Z,48.7,0,341,48,1,PASS,,defects4j=3.0.1;major=3.0.1;java=11,SCHEMA_V1
Cli,34,COMPLETE_VALID,2026-10-06T08:53:08Z,2026-10-06T08:54:31Z,82.7,0,235,360,2,PASS,,defects4j=3.0.1;major=3.0.1;java=11,SCHEMA_V1
Cli,35,COMPLETE_VALID,2026-10-05T18:30:13Z,2026-10-05T18:30:42Z,29.1,0,41,404,1,PASS,,defects4j=3.0.1;major=3.0.1;java=11,SCHEMA_V1
Cli,36,COMPLETE_VALID,2026-10-06T06:42:09Z,2026-10-06T06:42:36Z,26.8,0,64,294,1,PASS,,defects4j=3.0.1;major=3.0.1;java=11,SCHEMA_V1
Cli,37,COMPLETE_VALID,2026-10-05T22:40:52Z,2026-10-05T22:41:25Z,32.7,0,371,65,1,PASS,,defects4j=3.0.1;major=3.0.1;java=11,SCHEMA_V1
Cli,38,COMPLETE_VALID,2026-10-06T01:11:51Z,2026-10-06T01:12:25Z,34.1,0,384,66,1,PASS,,defects4j=3.0.1;major=3.0.1;java=11,SCHEMA_V1
Cli,39,COMPLETE_VALID,2026-10-06T10:55:32Z,2026-10-06T10:55:38Z,5.9,0,12,18,2,PASS,,defects4j=3.0.1;major=3.0.1;java=11,SCHEMA_V1
Cli,4,MUTATION_FAILURE,2026-10-06T12:30:30Z,2026-10-06T12:30:36Z,6.0,1,,,,FAIL,MUTATION_FAILURE,defects4j=3.0.1;major=3.0.1;java=11,SCHEMA_V1
Cli,40,COMPLETE_VALID,2026-10-05T19:35:34Z,2026-10-05T19:35:41Z,6.8,0,12,35,1,PASS,,defects4j=3.0.1;major=3.0.1;java=11,SCHEMA_V1
Cli,5,MUTATION_FAILURE,2026-10-05T10:34:36Z,2026-10-05T10:34:42Z,6.8,1,,,,FAIL,MUTATION_FAILURE,defects4j=3.0.1;major=3.0.1;java=11,SCHEMA_V1
Cli,7,COMPLETE_VALID,2026-10-05T20:16:05Z,2026-10-05T20:16:12Z,6.9,0,57,1,1,PASS,,defects4j=3.0.1;major=3.0.1;java=11,SCHEMA_V1
Cli,8,MUTATION_FAILURE,2026-10-05T23:01:27Z,2026-10-05T23:01:32Z,5.5,1,,,,FAIL,MUTATION_FAILURE,defects4j=3.0.1;major=3.0.1;java=11,SCHEMA_V1
Cli,9,MUTATION_FAILURE,2026-10-06T12:43:56Z,2026-10-06T12:44:01Z,5.3,1,,,,FAIL,MUTATION_FAILURE,defects4j=3.0.1;major=3.0.1;java=11,SCHEMA_V1
Closure,1,TIMEOUT,2026-10-05T21:45:10Z,2026-10-05T22:15:10Z,1800.7,124,,,,FAIL,timeout,defects4j=3.0.1;major=3.0.1;java=11,SCHEMA_V1
Closure,10,MUTATION_FAILURE,2026-10-06T10:03:26Z,2026-10-06T10:13:07Z,581.6,1,,,,FAIL,MUTATION_FAILURE,defects4j=3.0.1;major=3.0.1;java=11,SCHEMA_V1
Closure,100,COMPLETE_VALID,2026-10-06T07:59:39Z,2026-10-06T08:03:37Z,238.3,0,98,71,9,PASS,,defects4j=3.0.1;major=3.0.1;java=11,SCHEMA_V1
Closure,101,COMPLETE_VALID,2026-10-05T12:12:28Z,2026-10-05T12:13:47Z,78.7,0,69,21,1,PASS,,defects4j=3.0.1;major=3.0.1;java=11,SCHEMA_V1
Closure,102,TIMEOUT,2026-10-05T15:16:28Z,2026-10-05T15:46:29Z,1800.7,124,,,,FAIL,timeout,defects4j=3.0.1;major=3.0.1;java=11,SCHEMA_V1
Closure,103,TIMEOUT,2026-10-06T02:49:52Z,2026-10-06T03:19:52Z,1800.7,124,,,,FAIL,timeout,defects4j=3.0.1;major=3.0.1;java=11,SCHEMA_V1
Closure,104,MUTATION_FAILURE,2026-10-05T12:10:46Z,2026-10-05T12:15:33Z,287.1,1,,,,FAIL,MUTATION_FAILURE,defects4j=3.0.1;major=3.0.1;java=11,SCHEMA_V1
Closure,105,COMPLETE_VALID,2026-10-05T17:24:43Z,2026-10-05T17:48:36Z,1433.2,0,1444,106,1,PASS,,defects4j=3.0.1;major=3.0.1;java=11,SCHEMA_V1
Closure,106,TIMEOUT,2026-10-05T13:53:24Z,2026-10-05T14:23:25Z,1801.1,124,,,,FAIL,timeout,defects4j=3.0.1;major=3.0.1;java=11,SCHEMA_V1
Closure,107,COMPLETE_VALID,2026-10-06T02:06:38Z,2026-10-06T02:34:00Z,1641.7,0,175,115,1,PASS,,defects4j=3.0.1;major=3.0.1;java=11,SCHEMA_V1
Closure,108,TIMEOUT,2026-10-06T07:22:56Z,2026-10-06T07:52:56Z,1800.7,124,,,,FAIL,timeout,defects4j=3.0.1;major=3.0.1;java=11,SCHEMA_V1
Closure,109,MUTATION_FAILURE,2026-10-06T05:35:20Z,2026-10-06T05:43:57Z,517.0,1,,,,FAIL,MUTATION_FAILURE,defects4j=3.0.1;major=3.0.1;java=11,SCHEMA_V1
Closure,11,MUTATION_FAILURE,2026-10-05T21:32:59Z,2026-10-05T21:42:54Z,595.6,1,,,,FAIL,MUTATION_FAILURE,defects4j=3.0.1;major=3.0.1;java=11,SCHEMA_V1
Closure,110,MUTATION_FAILURE,2026-10-06T11:46:43Z,2026-10-06T11:55:49Z,546.3,1,,,,FAIL,MUTATION_FAILURE,defects4j=3.0.1;major=3.0.1;java=11,SCHEMA_V1
Closure,111,COMPLETE_VALID,2026-10-06T11:16:03Z,2026-10-06T11:25:23Z,559.7,0,50,2498,1,PASS,,defects4j=3.0.1;major=3.0.1;java=11,SCHEMA_V1
Closure,112,TIMEOUT,2026-10-05T20:31:05Z,2026-10-05T21:01:06Z,1801.1,124,,,,FAIL,timeout,defects4j=3.0.1;major=3.0.1;java=11,SCHEMA_V1
Closure,113,TIMEOUT,2026-10-05T17:43:38Z,2026-10-05T18:13:39Z,1800.8,124,,,,FAIL,timeout,defects4j=3.0.1;major=3.0.1;java=11,SCHEMA_V1
Closure,114,TIMEOUT,2026-10-05T21:26:02Z,2026-10-05T21:56:03Z,1800.9,124,,,,FAIL,timeout,defects4j=3.0.1;major=3.0.1;java=11,SCHEMA_V1
Closure,115,TIMEOUT,2026-10-06T11:55:50Z,2026-10-06T12:25:50Z,1800.8,124,,,,FAIL,timeout,defects4j=3.0.1;major=3.0.1;java=11,SCHEMA_V1
Closure,116,TIMEOUT,2026-10-05T22:04:34Z,2026-10-05T22:34:34Z,1800.7,124,,,,FAIL,timeout,defects4j=3.0.1;major=3.0.1;java=11,SCHEMA_V1
Closure,117,MUTATION_FAILURE,2026-10-06T04:38:51Z,2026-10-06T04:47:36Z,524.9,1,,,,FAIL,MUTATION_FAILURE,defects4j=3.0.1;major=3.0.1;java=11,SCHEMA_V1
Closure,118,MUTATION_FAILURE,2026-10-05T17:16:53Z,2026-10-05T17:25:51Z,538.6,1,,,,FAIL,MUTATION_FAILURE,defects4j=3.0.1;major=3.0.1;java=11,SCHEMA_V1
Closure,119,TIMEOUT,2026-10-06T02:23:21Z,2026-10-06T02:53:21Z,1800.7,124,,,,FAIL,timeout,defects4j=3.0.1;major=3.0.1;java=11,SCHEMA_V1
Closure,12,COMPLETE_VALID,2026-10-05T17:32:01Z,2026-10-05T17:43:37Z,696.6,0,71,351,1,PASS,,defects4j=3.0.1;major=3.0.1;java=11,SCHEMA_V1
Closure,120,MUTATION_FAILURE,2026-10-05T23:50:52Z,2026-10-05T23:59:24Z,511.9,1,,,,FAIL,MUTATION_FAILURE,defects4j=3.0.1;major=3.0.1;java=11,SCHEMA_V1
Closure,121,TIMEOUT,2026-10-05T18:34:00Z,2026-10-05T19:04:01Z,1800.6,124,,,,FAIL,timeout,defects4j=3.0.1;major=3.0.1;java=11,SCHEMA_V1
Closure,122,MUTATION_FAILURE,2026-10-06T12:57:02Z,2026-10-06T13:05:46Z,524.0,1,,,,FAIL,MUTATION_FAILURE,defects4j=3.0.1;major=3.0.1;java=11,SCHEMA_V1
Closure,123,MUTATION_FAILURE,2026-10-06T12:53:02Z,2026-10-06T12:57:55Z,292.7,1,,,,FAIL,MUTATION_FAILURE,defects4j=3.0.1;major=3.0.1;java=11,SCHEMA_V1
Closure,124,COMPLETE_VALID,2026-10-06T11:35:44Z,2026-10-06T11:46:43Z,658.7,0,93,316,1,PASS,,defects4j=3.0.1;major=3.0.1;java=11,SCHEMA_V1
Closure,125,MUTATION_FAILURE,2026-10-05T13:37:37Z,2026-10-05T13:46:39Z,542.0,1,,,,FAIL,MUTATION_FAILURE,defects4j=3.0.1;major=3.0.1;java=11,SCHEMA_V1
Closure,126,COMPLETE_VALID,2026-10-06T05:13:20Z,2026-10-06T05:21:07Z,467.6,0,83,318,2,PASS,,defects4j=3.0.1;major=3.0.1;java=11,SCHEMA_V1
Closure,127,COMPLETE_VALID,2026-10-06T06:10:32Z,2026-10-06T06:33:08Z,1356.2,0,107,336,6,PASS,,defects4j=3.0.1;major=3.0.1;java=11,SCHEMA_V1
Closure,128,MUTATION_FAILURE,2026-10-06T02:57:47Z,2026-10-06T03:02:33Z,286.6,1,,,,FAIL,MUTATION_FAILURE,defects4j=3.0.1;major=3.0.1;java=11,SCHEMA_V1
Closure,129,MUTATION_FAILURE,2026-10-05T12:33:42Z,2026-10-05T12:42:57Z,554.3,1,,,,FAIL,MUTATION_FAILURE,defects4j=3.0.1;major=3.0.1;java=11,SCHEMA_V1
Closure,13,TIMEOUT,2026-10-05T12:50:50Z,2026-10-05T13:20:51Z,1800.7,124,,,,FAIL,timeout,defects4j=3.0.1;major=3.0.1;java=11,SCHEMA_V1
Closure,130,TIMEOUT,2026-10-06T01:34:53Z,2026-10-06T02:04:54Z,1801.0,124,,,,FAIL,timeout,defects4j=3.0.1;major=3.0.1;java=11,SCHEMA_V1
Closure,131,MUTATION_FAILURE,2026-10-05T18:30:55Z,2026-10-05T18:36:16Z,321.0,1,,,,FAIL,MUTATION_FAILURE,defects4j=3.0.1;major=3.0.1;java=11,SCHEMA_V1
Closure,132,TIMEOUT,2026-10-05T20:06:38Z,2026-10-05T20:36:38Z,1800.6,124,,,,FAIL,timeout,defects4j=3.0.1;major=3.0.1;java=11,SCHEMA_V1
Closure,133,MUTATION_FAILURE,2026-10-05T12:33:47Z,2026-10-05T12:45:03Z,675.6,1,,,,FAIL,MUTATION_FAILURE,defects4j=3.0.1;major=3.0.1;java=11,SCHEMA_V1
Closure,134,TIMEOUT,2026-10-06T07:59:05Z,2026-10-06T08:29:06Z,1800.6,124,,,,FAIL,timeout,defects4j=3.0.1;major=3.0.1;java=11,SCHEMA_V1
Closure,135,MUTATION_FAILURE,2026-10-06T06:33:22Z,2026-10-06T06:38:25Z,303.7,1,,,,FAIL,MUTATION_FAILURE,defects4j=3.0.1;major=3.0.1;java=11,SCHEMA_V1
Closure,136,COMPLETE_VALID,2026-10-05T16:26:36Z,2026-10-05T16:40:50Z,854.1,0,241,101,4,PASS,,defects4j=3.0.1;major=3.0.1;java=11,SCHEMA_V1
Closure,137,MUTATION_FAILURE,2026-10-06T07:53:27Z,2026-10-06T07:58:06Z,279.2,1,,,,FAIL,MUTATION_FAILURE,defects4j=3.0.1;major=3.0.1;java=11,SCHEMA_V1
Closure,138,TIMEOUT,2026-10-05T15:53:50Z,2026-10-05T16:23:51Z,1800.8,124,,,,FAIL,timeout,defects4j=3.0.1;major=3.0.1;java=11,SCHEMA_V1
Closure,139,TIMEOUT,2026-10-06T03:36:43Z,2026-10-06T04:06:43Z,1800.7,124,,,,FAIL,timeout,defects4j=3.0.1;major=3.0.1;java=11,SCHEMA_V1
Closure,14,TIMEOUT,2026-10-05T13:22:23Z,2026-10-05T13:52:24Z,1800.9,124,,,,FAIL,timeout,defects4j=3.0.1;major=3.0.1;java=11,SCHEMA_V1
Closure,140,MUTATION_FAILURE,2026-10-05T23:15:11Z,2026-10-05T23:20:53Z,342.6,1,,,,FAIL,MUTATION_FAILURE,defects4j=3.0.1;major=3.0.1;java=11,SCHEMA_V1
Closure,141,MUTATION_FAILURE,2026-10-05T20:26:23Z,2026-10-05T20:31:05Z,281.3,1,,,,FAIL,MUTATION_FAILURE,defects4j=3.0.1;major=3.0.1;java=11,SCHEMA_V1
Closure,142,TIMEOUT,2026-10-06T06:31:20Z,2026-10-06T07:01:21Z,1800.7,124,,,,FAIL,timeout,defects4j=3.0.1;major=3.0.1;java=11,SCHEMA_V1
Closure,143,COMPLETE_VALID,2026-10-05T23:39:40Z,2026-10-05T23:45:10Z,330.0,0,556,91,3,PASS,,defects4j=3.0.1;major=3.0.1;java=11,SCHEMA_V1
Closure,144,MUTATION_FAILURE,2026-10-06T02:05:10Z,2026-10-06T02:10:04Z,294.0,1,,,,FAIL,MUTATION_FAILURE,defects4j=3.0.1;major=3.0.1;java=11,SCHEMA_V1
Closure,145,MUTATION_FAILURE,2026-10-05T12:01:17Z,2026-10-05T12:05:42Z,264.9,1,,,,FAIL,MUTATION_FAILURE,defects4j=3.0.1;major=3.0.1;java=11,SCHEMA_V1
Closure,146,MUTATION_FAILURE,2026-10-05T16:24:34Z,2026-10-05T16:29:17Z,283.3,1,,,,FAIL,MUTATION_FAILURE,defects4j=3.0.1;major=3.0.1;java=11,SCHEMA_V1
Closure,147,COMPLETE_VALID,2026-10-05T16:44:51Z,2026-10-05T16:51:57Z,425.9,0,243,101,3,PASS,,defects4j=3.0.1;major=3.0.1;java=11,SCHEMA_V1
Closure,148,COMPLETE_VALID,2026-10-06T03:48:53Z,2026-10-06T03:56:19Z,445.6,0,1056,92,6,PASS,,defects4j=3.0.1;major=3.0.1;java=11,SCHEMA_V1
Closure,149,MUTATION_FAILURE,2026-10-06T02:53:22Z,2026-10-06T02:57:39Z,257.0,1,,,,FAIL,MUTATION_FAILURE,defects4j=3.0.1;major=3.0.1;java=11,SCHEMA_V1
Closure,15,COMPLETE_VALID,2026-10-06T08:18:55Z,2026-10-06T08:39:31Z,1236.6,0,183,333,1,PASS,,defects4j=3.0.1;major=3.0.1;java=11,SCHEMA_V1
Closure,150,TIMEOUT,2026-10-05T11:42:27Z,2026-10-05T12:12:28Z,1800.8,124,,,,FAIL,timeout,defects4j=3.0.1;major=3.0.1;java=11,SCHEMA_V1
Closure,151,COMPLETE_VALID,2026-10-05T19:25:13Z,2026-10-05T19:28:16Z,183.5,0,94,39,1,PASS,,defects4j=3.0.1;major=3.0.1;java=11,SCHEMA_V1
Closure,152,MUTATION_FAILURE,2026-10-06T11:30:35Z,2026-10-06T11:34:58Z,263.1,1,,,,FAIL,MUTATION_FAILURE,defects4j=3.0.1;major=3.0.1;java=11,SCHEMA_V1
Closure,153,MUTATION_FAILURE,2026-10-05T23:45:10Z,2026-10-05T23:49:39Z,268.9,1,,,,FAIL,MUTATION_FAILURE,defects4j=3.0.1;major=3.0.1;java=11,SCHEMA_V1
Closure,154,MUTATION_FAILURE,2026-10-06T12:55:22Z,2026-10-06T12:59:46Z,264.7,1,,,,FAIL,MUTATION_FAILURE,defects4j=3.0.1;major=3.0.1;java=11,SCHEMA_V1
Closure,155,MUTATION_FAILURE,2026-10-05T22:35:21Z,2026-10-05T22:40:02Z,281.0,1,,,,FAIL,MUTATION_FAILURE,defects4j=3.0.1;major=3.0.1;java=11,SCHEMA_V1
Closure,156,TIMEOUT,2026-10-06T05:28:23Z,2026-10-06T05:58:24Z,1800.6,124,,,,FAIL,timeout,defects4j=3.0.1;major=3.0.1;java=11,SCHEMA_V1
Closure,157,MUTATION_FAILURE,2026-10-06T01:27:01Z,2026-10-06T01:32:12Z,310.9,1,,,,FAIL,MUTATION_FAILURE,defects4j=3.0.1;major=3.0.1;java=11,SCHEMA_V1
Closure,158,MUTATION_FAILURE,2026-10-06T04:15:50Z,2026-10-06T04:20:04Z,253.9,1,,,,FAIL,MUTATION_FAILURE,defects4j=3.0.1;major=3.0.1;java=11,SCHEMA_V1
Closure,159,TIMEOUT,2026-10-05T15:56:35Z,2026-10-05T16:26:36Z,1800.7,124,,,,FAIL,timeout,defects4j=3.0.1;major=3.0.1;java=11,SCHEMA_V1
Closure,16,TIMEOUT,2026-10-05T15:04:07Z,2026-10-05T15:34:08Z,1800.7,124,,,,FAIL,timeout,defects4j=3.0.1;major=3.0.1;java=11,SCHEMA_V1
Closure,160,MUTATION_FAILURE,2026-10-06T02:31:54Z,2026-10-06T02:36:40Z,286.1,1,,,,FAIL,MUTATION_FAILURE,defects4j=3.0.1;major=3.0.1;java=11,SCHEMA_V1
Closure,161,COMPLETE_VALID,2026-10-06T11:37:15Z,2026-10-06T12:00:32Z,1396.3,0,806,180,1,PASS,,defects4j=3.0.1;major=3.0.1;java=11,SCHEMA_V1
Closure,162,MUTATION_FAILURE,2026-10-06T00:32:18Z,2026-10-06T00:37:00Z,281.7,1,,,,FAIL,MUTATION_FAILURE,defects4j=3.0.1;major=3.0.1;java=11,SCHEMA_V1
Closure,163,COMPLETE_VALID,2026-10-06T05:08:33Z,2026-10-06T05:35:20Z,1606.8,0,314,403,3,PASS,,defects4j=3.0.1;major=3.0.1;java=11,SCHEMA_V1
Closure,164,MUTATION_FAILURE,2026-10-05T11:22:04Z,2026-10-05T11:31:26Z,561.4,1,,,,FAIL,MUTATION_FAILURE,defects4j=3.0.1;major=3.0.1;java=11,SCHEMA_V1
Closure,165,MUTATION_FAILURE,2026-10-05T12:14:48Z,2026-10-05T12:23:46Z,537.5,1,,,,FAIL,MUTATION_FAILURE,defects4j=3.0.1;major=3.0.1;java=11,SCHEMA_V1
Closure,166,MUTATION_FAILURE,2026-10-05T23:28:07Z,2026-10-05T23:37:44Z,577.3,1,,,,FAIL,MUTATION_FAILURE,defects4j=3.0.1;major=3.0.1;java=11,SCHEMA_V1
Closure,167,MUTATION_FAILURE,2026-10-05T22:45:34Z,2026-10-05T22:56:28Z,654.5,1,,,,FAIL,MUTATION_FAILURE,defects4j=3.0.1;major=3.0.1;java=11,SCHEMA_V1
Closure,168,MUTATION_FAILURE,2026-10-06T10:38:03Z,2026-10-06T10:46:17Z,494.3,1,,,,FAIL,MUTATION_FAILURE,defects4j=3.0.1;major=3.0.1;java=11,SCHEMA_V1
Closure,169,MUTATION_FAILURE,2026-10-06T06:42:51Z,2026-10-06T06:53:29Z,638.1,1,,,,FAIL,MUTATION_FAILURE,defects4j=3.0.1;major=3.0.1;java=11,SCHEMA_V1
Closure,17,MUTATION_FAILURE,2026-10-05T12:23:52Z,2026-10-05T12:33:08Z,555.4,1,,,,FAIL,MUTATION_FAILURE,defects4j=3.0.1;major=3.0.1;java=11,SCHEMA_V1
Closure,170,COMPLETE_VALID,2026-10-05T16:56:08Z,2026-10-05T17:24:42Z,1714.6,0,203,376,1,PASS,,defects4j=3.0.1;major=3.0.1;java=11,SCHEMA_V1
Closure,171,MUTATION_FAILURE,2026-10-06T12:14:15Z,2026-10-06T12:23:04Z,528.9,1,,,,FAIL,MUTATION_FAILURE,defects4j=3.0.1;major=3.0.1;java=11,SCHEMA_V1
Closure,172,MUTATION_FAILURE,2026-10-05T10:35:30Z,2026-10-05T10:44:34Z,544.5,1,,,,FAIL,MUTATION_FAILURE,defects4j=3.0.1;major=3.0.1;java=11,SCHEMA_V1
Closure,173,MUTATION_FAILURE,2026-10-06T11:09:01Z,2026-10-06T11:14:28Z,326.9,1,,,,FAIL,MUTATION_FAILURE,defects4j=3.0.1;major=3.0.1;java=11,SCHEMA_V1
Closure,174,MUTATION_FAILURE,2026-10-05T18:40:23Z,2026-10-05T18:48:53Z,510.2,1,,,,FAIL,MUTATION_FAILURE,defects4j=3.0.1;major=3.0.1;java=11,SCHEMA_V1
Closure,175,TIMEOUT,2026-10-06T12:59:47Z,2026-10-06T13:29:47Z,1800.6,124,,,,FAIL,timeout,defects4j=3.0.1;major=3.0.1;java=11,SCHEMA_V1
Closure,176,TIMEOUT,2026-10-06T14:07:20Z,2026-10-06T14:37:21Z,1800.7,124,,,,FAIL,timeout,defects4j=3.0.1;major=3.0.1;java=11,SCHEMA_V1
Closure,18,MUTATION_FAILURE,2026-10-05T20:07:19Z,2026-10-05T20:16:05Z,525.6,1,,,,FAIL,MUTATION_FAILURE,defects4j=3.0.1;major=3.0.1;java=11,SCHEMA_V1
Closure,19,MUTATION_FAILURE,2026-10-05T12:25:04Z,2026-10-05T12:33:47Z,522.5,1,,,,FAIL,MUTATION_FAILURE,defects4j=3.0.1;major=3.0.1;java=11,SCHEMA_V1
Closure,2,MUTATION_FAILURE,2026-10-06T10:11:03Z,2026-10-06T10:21:00Z,596.8,1,,,,FAIL,MUTATION_FAILURE,defects4j=3.0.1;major=3.0.1;java=11,SCHEMA_V1
Closure,20,TIMEOUT,2026-10-05T16:40:51Z,2026-10-05T17:10:51Z,1800.7,124,,,,FAIL,timeout,defects4j=3.0.1;major=3.0.1;java=11,SCHEMA_V1
Closure,21,MUTATION_FAILURE,2026-10-06T09:54:56Z,2026-10-06T10:03:25Z,509.2,1,,,,FAIL,MUTATION_FAILURE,defects4j=3.0.1;major=3.0.1;java=11,SCHEMA_V1
Closure,22,MUTATION_FAILURE,2026-10-05T23:01:33Z,2026-10-05T23:10:08Z,515.0,1,,,,FAIL,MUTATION_FAILURE,defects4j=3.0.1;major=3.0.1;java=11,SCHEMA_V1
Closure,23,COMPLETE_VALID,2026-10-05T22:15:11Z,2026-10-05T22:38:25Z,1393.8,0,756,372,1,PASS,,defects4j=3.0.1;major=3.0.1;java=11,SCHEMA_V1
Closure,24,TIMEOUT,2026-10-05T22:52:34Z,2026-10-05T23:22:35Z,1800.9,124,,,,FAIL,timeout,defects4j=3.0.1;major=3.0.1;java=11,SCHEMA_V1
Closure,25,TIMEOUT,2026-10-06T09:41:02Z,2026-10-06T10:11:03Z,1800.8,124,,,,FAIL,timeout,defects4j=3.0.1;major=3.0.1;java=11,SCHEMA_V1
Closure,26,MUTATION_FAILURE,2026-10-06T01:36:31Z,2026-10-06T01:46:08Z,576.6,1,,,,FAIL,MUTATION_FAILURE,defects4j=3.0.1;major=3.0.1;java=11,SCHEMA_V1
Closure,27,MUTATION_FAILURE,2026-10-06T13:19:07Z,2026-10-06T13:27:30Z,503.0,1,,,,FAIL,MUTATION_FAILURE,defects4j=3.0.1;major=3.0.1;java=11,SCHEMA_V1
Closure,28,COMPLETE_VALID,2026-10-06T06:16:09Z,2026-10-06T06:21:05Z,296.0,0,20,668,2,PASS,,defects4j=3.0.1;major=3.0.1;java=11,SCHEMA_V1
Closure,29,COMPLETE_VALID,2026-10-05T14:45:09Z,2026-10-05T14:57:08Z,718.8,0,165,291,5,PASS,,defects4j=3.0.1;major=3.0.1;java=11,SCHEMA_V1
Closure,3,TIMEOUT,2026-10-05T19:42:49Z,2026-10-05T20:12:49Z,1800.6,124,,,,FAIL,timeout,defects4j=3.0.1;major=3.0.1;java=11,SCHEMA_V1
Closure,30,TIMEOUT,2026-10-05T23:59:24Z,2026-10-06T00:29:25Z,1800.7,124,,,,FAIL,timeout,defects4j=3.0.1;major=3.0.1;java=11,SCHEMA_V1
Closure,31,MUTATION_FAILURE,2026-10-06T11:07:57Z,2026-10-06T11:16:02Z,485.8,1,,,,FAIL,MUTATION_FAILURE,defects4j=3.0.1;major=3.0.1;java=11,SCHEMA_V1
Closure,32,MUTATION_FAILURE,2026-10-05T14:59:07Z,2026-10-05T15:07:41Z,514.5,1,,,,FAIL,MUTATION_FAILURE,defects4j=3.0.1;major=3.0.1;java=11,SCHEMA_V1
Closure,33,MUTATION_FAILURE,2026-10-06T03:51:59Z,2026-10-06T04:00:35Z,516.6,1,,,,FAIL,MUTATION_FAILURE,defects4j=3.0.1;major=3.0.1;java=11,SCHEMA_V1
Closure,34,MUTATION_FAILURE,2026-10-06T12:19:36Z,2026-10-06T12:24:17Z,281.2,1,,,,FAIL,MUTATION_FAILURE,defects4j=3.0.1;major=3.0.1;java=11,SCHEMA_V1
Closure,35,TIMEOUT,2026-10-06T02:46:58Z,2026-10-06T03:16:59Z,1800.7,124,,,,FAIL,timeout,defects4j=3.0.1;major=3.0.1;java=11,SCHEMA_V1
Closure,36,TIMEOUT,2026-10-05T17:50:07Z,2026-10-05T18:20:08Z,1800.7,124,,,,FAIL,timeout,defects4j=3.0.1;major=3.0.1;java=11,SCHEMA_V1
Closure,37,MUTATION_FAILURE,2026-10-06T13:45:34Z,2026-10-06T13:53:44Z,490.3,1,,,,FAIL,MUTATION_FAILURE,defects4j=3.0.1;major=3.0.1;java=11,SCHEMA_V1
Closure,38,MUTATION_FAILURE,2026-10-05T14:54:15Z,2026-10-05T14:59:07Z,291.4,1,,,,FAIL,MUTATION_FAILURE,defects4j=3.0.1;major=3.0.1;java=11,SCHEMA_V1
Closure,39,MUTATION_FAILURE,2026-10-06T06:06:10Z,2026-10-06T06:15:19Z,549.0,1,,,,FAIL,MUTATION_FAILURE,defects4j=3.0.1;major=3.0.1;java=11,SCHEMA_V1
Closure,4,MUTATION_FAILURE,2026-10-06T03:39:04Z,2026-10-06T03:48:42Z,578.0,1,,,,FAIL,MUTATION_FAILURE,defects4j=3.0.1;major=3.0.1;java=11,SCHEMA_V1
Closure,40,TIMEOUT,2026-10-05T16:03:45Z,2026-10-05T16:33:46Z,1800.8,124,,,,FAIL,timeout,defects4j=3.0.1;major=3.0.1;java=11,SCHEMA_V1
Closure,41,MUTATION_FAILURE,2026-10-06T00:49:53Z,2026-10-06T00:58:34Z,520.6,1,,,,FAIL,MUTATION_FAILURE,defects4j=3.0.1;major=3.0.1;java=11,SCHEMA_V1
Closure,42,MUTATION_FAILURE,2026-10-05T21:08:45Z,2026-10-05T21:21:05Z,739.7,1,,,,FAIL,MUTATION_FAILURE,defects4j=3.0.1;major=3.0.1;java=11,SCHEMA_V1
Closure,43,MUTATION_FAILURE,2026-10-05T11:47:13Z,2026-10-05T11:55:55Z,521.6,1,,,,FAIL,MUTATION_FAILURE,defects4j=3.0.1;major=3.0.1;java=11,SCHEMA_V1
Closure,44,MUTATION_FAILURE,2026-10-05T18:29:04Z,2026-10-05T18:34:00Z,295.7,1,,,,FAIL,MUTATION_FAILURE,defects4j=3.0.1;major=3.0.1;java=11,SCHEMA_V1
Closure,45,TIMEOUT,2026-10-06T04:56:54Z,2026-10-06T05:26:55Z,1800.7,124,,,,FAIL,timeout,defects4j=3.0.1;major=3.0.1;java=11,SCHEMA_V1
Closure,46,COMPLETE_VALID,2026-10-06T05:08:45Z,2026-10-06T05:13:19Z,274.4,0,86,2095,3,PASS,,defects4j=3.0.1;major=3.0.1;java=11,SCHEMA_V1
Closure,47,MUTATION_FAILURE,2026-10-05T17:21:44Z,2026-10-05T17:30:14Z,510.2,1,,,,FAIL,MUTATION_FAILURE,defects4j=3.0.1;major=3.0.1;java=11,SCHEMA_V1
Closure,48,MUTATION_FAILURE,2026-10-06T02:11:27Z,2026-10-06T02:21:15Z,588.0,1,,,,FAIL,MUTATION_FAILURE,defects4j=3.0.1;major=3.0.1;java=11,SCHEMA_V1
Closure,49,TIMEOUT,2026-10-06T04:06:03Z,2026-10-06T04:36:04Z,1800.7,124,,,,FAIL,timeout,defects4j=3.0.1;major=3.0.1;java=11,SCHEMA_V1
Closure,5,COMPLETE_VALID,2026-10-06T05:33:36Z,2026-10-06T05:49:02Z,926.5,0,168,314,1,PASS,,defects4j=3.0.1;major=3.0.1;java=11,SCHEMA_V1
Closure,50,COMPLETE_VALID,2026-10-06T03:32:01Z,2026-10-06T03:36:42Z,281.5,0,577,101,2,PASS,,defects4j=3.0.1;major=3.0.1;java=11,SCHEMA_V1
Closure,51,MUTATION_FAILURE,2026-10-06T12:25:51Z,2026-10-06T12:30:07Z,255.8,1,,,,FAIL,MUTATION_FAILURE,defects4j=3.0.1;major=3.0.1;java=11,SCHEMA_V1
Closure,52,MUTATION_FAILURE,2026-10-05T23:24:36Z,2026-10-05T23:29:35Z,298.7,1,,,,FAIL,MUTATION_FAILURE,defects4j=3.0.1;major=3.0.1;java=11,SCHEMA_V1
Closure,53,COMPLETE_VALID,2026-10-05T18:29:40Z,2026-10-05T18:40:23Z,642.2,0,200,116,1,PASS,,defects4j=3.0.1;major=3.0.1;java=11,SCHEMA_V1
Closure,54,MUTATION_FAILURE,2026-10-06T04:21:42Z,2026-10-06T04:26:21Z,279.1,1,,,,FAIL,MUTATION_FAILURE,defects4j=3.0.1;major=3.0.1;java=11,SCHEMA_V1
Closure,55,COMPLETE_VALID,2026-10-05T14:31:04Z,2026-10-05T14:33:28Z,143.6,0,102,96,1,PASS,,defects4j=3.0.1;major=3.0.1;java=11,SCHEMA_V1
Closure,56,MUTATION_FAILURE,2026-10-06T01:46:08Z,2026-10-06T01:52:26Z,377.6,1,,,,FAIL,MUTATION_FAILURE,defects4j=3.0.1;major=3.0.1;java=11,SCHEMA_V1
Closure,57,MUTATION_FAILURE,2026-10-06T00:50:12Z,2026-10-06T00:54:58Z,286.7,1,,,,FAIL,MUTATION_FAILURE,defects4j=3.0.1;major=3.0.1;java=11,SCHEMA_V1
Closure,58,COMPLETE_VALID,2026-10-05T20:28:13Z,2026-10-05T20:38:55Z,641.7,0,92,177,1,PASS,,defects4j=3.0.1;major=3.0.1;java=11,SCHEMA_V1
Closure,59,MUTATION_FAILURE,2026-10-05T10:31:06Z,2026-10-05T10:36:03Z,297.6,1,,,,FAIL,MUTATION_FAILURE,defects4j=3.0.1;major=3.0.1;java=11,SCHEMA_V1
Closure,6,MUTATION_FAILURE,2026-10-05T14:34:03Z,2026-10-05T14:44:21Z,617.4,1,,,,FAIL,MUTATION_FAILURE,defects4j=3.0.1;major=3.0.1;java=11,SCHEMA_V1
Closure,60,MUTATION_FAILURE,2026-10-06T12:05:25Z,2026-10-06T12:09:50Z,265.2,1,,,,FAIL,MUTATION_FAILURE,defects4j=3.0.1;major=3.0.1;java=11,SCHEMA_V1
Closure,61,MUTATION_FAILURE,2026-10-05T20:38:55Z,2026-10-05T20:43:35Z,279.4,1,,,,FAIL,MUTATION_FAILURE,defects4j=3.0.1;major=3.0.1;java=11,SCHEMA_V1
Closure,62,MUTATION_FAILURE,2026-10-06T01:31:34Z,2026-10-06T01:36:31Z,297.0,1,,,,FAIL,MUTATION_FAILURE,defects4j=3.0.1;major=3.0.1;java=11,SCHEMA_V1
Closure,64,MUTATION_FAILURE,2026-10-05T15:34:10Z,2026-10-05T15:38:45Z,275.5,1,,,,FAIL,MUTATION_FAILURE,defects4j=3.0.1;major=3.0.1;java=11,SCHEMA_V1
Closure,65,MUTATION_FAILURE,2026-10-06T06:05:34Z,2026-10-06T06:10:04Z,269.6,1,,,,FAIL,MUTATION_FAILURE,defects4j=3.0.1;major=3.0.1;java=11,SCHEMA_V1
Closure,66,MUTATION_FAILURE,2026-10-05T15:46:30Z,2026-10-05T15:51:20Z,290.8,1,,,,FAIL,MUTATION_FAILURE,defects4j=3.0.1;major=3.0.1;java=11,SCHEMA_V1
Closure,67,COMPLETE_VALID,2026-10-06T11:40:53Z,2026-10-06T11:59:22Z,1108.8,0,269,131,1,PASS,,defects4j=3.0.1;major=3.0.1;java=11,SCHEMA_V1
Closure,68,MUTATION_FAILURE,2026-10-05T12:05:43Z,2026-10-05T12:10:26Z,283.7,1,,,,FAIL,MUTATION_FAILURE,defects4j=3.0.1;major=3.0.1;java=11,SCHEMA_V1
Closure,69,MUTATION_FAILURE,2026-10-05T20:48:57Z,2026-10-05T20:53:39Z,282.5,1,,,,FAIL,MUTATION_FAILURE,defects4j=3.0.1;major=3.0.1;java=11,SCHEMA_V1
Closure,7,MUTATION_FAILURE,2026-10-06T11:01:44Z,2026-10-06T11:13:10Z,685.8,1,,,,FAIL,MUTATION_FAILURE,defects4j=3.0.1;major=3.0.1;java=11,SCHEMA_V1
Closure,70,MUTATION_FAILURE,2026-10-05T10:43:19Z,2026-10-05T10:48:06Z,286.9,1,,,,FAIL,MUTATION_FAILURE,defects4j=3.0.1;major=3.0.1;java=11,SCHEMA_V1
Closure,71,MUTATION_FAILURE,2026-10-06T11:20:01Z,2026-10-06T11:24:37Z,275.4,1,,,,FAIL,MUTATION_FAILURE,defects4j=3.0.1;major=3.0.1;java=11,SCHEMA_V1
Closure,72,COMPLETE_VALID,2026-10-06T03:32:22Z,2026-10-06T03:50:53Z,1110.8,0,191,420,1,PASS,,defects4j=3.0.1;major=3.0.1;java=11,SCHEMA_V1
Closure,73,MUTATION_FAILURE,2026-10-05T13:34:12Z,2026-10-05T13:38:53Z,280.5,1,,,,FAIL,MUTATION_FAILURE,defects4j=3.0.1;major=3.0.1;java=11,SCHEMA_V1
Closure,74,COMPLETE_VALID,2026-10-05T12:16:10Z,2026-10-05T12:38:56Z,1366.4,0,1069,170,3,PASS,,defects4j=3.0.1;major=3.0.1;java=11,SCHEMA_V1
Closure,75,MUTATION_FAILURE,2026-10-06T01:21:33Z,2026-10-06T01:27:19Z,345.9,1,,,,FAIL,MUTATION_FAILURE,defects4j=3.0.1;major=3.0.1;java=11,SCHEMA_V1
Closure,76,COMPLETE_VALID,2026-10-05T15:34:08Z,2026-10-05T15:43:57Z,588.7,0,193,107,4,PASS,,defects4j=3.0.1;major=3.0.1;java=11,SCHEMA_V1
Closure,77,MUTATION_FAILURE,2026-10-05T15:11:20Z,2026-10-05T15:15:43Z,263.5,1,,,,FAIL,MUTATION_FAILURE,defects4j=3.0.1;major=3.0.1;java=11,SCHEMA_V1
Closure,78,COMPLETE_VALID,2026-10-05T19:35:43Z,2026-10-05T19:57:19Z,1295.4,0,1002,156,1,PASS,,defects4j=3.0.1;major=3.0.1;java=11,SCHEMA_V1
Closure,79,MUTATION_FAILURE,2026-10-05T15:39:31Z,2026-10-05T15:44:00Z,268.5,1,,,,FAIL,MUTATION_FAILURE,defects4j=3.0.1;major=3.0.1;java=11,SCHEMA_V1
Closure,8,COMPLETE_VALID,2026-10-06T02:16:20Z,2026-10-06T02:28:59Z,759.0,0,87,282,1,PASS,,defects4j=3.0.1;major=3.0.1;java=11,SCHEMA_V1
Closure,80,MUTATION_FAILURE,2026-10-05T13:29:30Z,2026-10-05T13:34:12Z,282.2,1,,,,FAIL,MUTATION_FAILURE,defects4j=3.0.1;major=3.0.1;java=11,SCHEMA_V1
Closure,81,MUTATION_FAILURE,2026-10-05T13:47:32Z,2026-10-05T13:52:08Z,276.5,1,,,,FAIL,MUTATION_FAILURE,defects4j=3.0.1;major=3.0.1;java=11,SCHEMA_V1
Closure,82,MUTATION_FAILURE,2026-10-05T18:20:09Z,2026-10-05T18:25:11Z,301.6,1,,,,FAIL,MUTATION_FAILURE,defects4j=3.0.1;major=3.0.1;java=11,SCHEMA_V1
Closure,83,COMPLETE_VALID,2026-10-05T13:21:07Z,2026-10-05T13:25:54Z,287.5,0,98,53,1,PASS,,defects4j=3.0.1;major=3.0.1;java=11,SCHEMA_V1
Closure,84,MUTATION_FAILURE,2026-10-06T08:41:20Z,2026-10-06T08:46:07Z,286.8,1,,,,FAIL,MUTATION_FAILURE,defects4j=3.0.1;major=3.0.1;java=11,SCHEMA_V1
Closure,85,COMPLETE_VALID,2026-10-06T03:02:34Z,2026-10-06T03:08:00Z,326.0,0,97,77,2,PASS,,defects4j=3.0.1;major=3.0.1;java=11,SCHEMA_V1
Closure,86,MUTATION_FAILURE,2026-10-05T18:01:04Z,2026-10-05T18:05:36Z,271.5,1,,,,FAIL,MUTATION_FAILURE,defects4j=3.0.1;major=3.0.1;java=11,SCHEMA_V1
Closure,87,COMPLETE_VALID,2026-10-05T15:45:03Z,2026-10-05T15:54:10Z,547.0,0,586,112,1,PASS,,defects4j=3.0.1;major=3.0.1;java=11,SCHEMA_V1
Closure,88,COMPLETE_VALID,2026-10-05T23:42:04Z,2026-10-05T23:50:26Z,501.6,0,167,92,7,PASS,,defects4j=3.0.1;major=3.0.1;java=11,SCHEMA_V1
Closure,89,TIMEOUT,2026-10-06T08:43:53Z,2026-10-06T09:13:53Z,1800.8,124,,,,FAIL,timeout,defects4j=3.0.1;major=3.0.1;java=11,SCHEMA_V1
Closure,9,COMPLETE_VALID,2026-10-06T03:11:19Z,2026-10-06T03:13:18Z,118.6,0,101,117,1,PASS,,defects4j=3.0.1;major=3.0.1;java=11,SCHEMA_V1
Closure,90,MUTATION_FAILURE,2026-10-06T13:31:33Z,2026-10-06T13:35:53Z,260.2,1,,,,FAIL,MUTATION_FAILURE,defects4j=3.0.1;major=3.0.1;java=11,SCHEMA_V1
Closure,91,COMPLETE_VALID,2026-10-05T21:56:10Z,2026-10-05T22:01:43Z,332.7,0,137,96,1,PASS,,defects4j=3.0.1;major=3.0.1;java=11,SCHEMA_V1
Closure,92,TIMEOUT,2026-10-06T13:37:08Z,2026-10-06T14:07:09Z,1800.8,124,,,,FAIL,timeout,defects4j=3.0.1;major=3.0.1;java=11,SCHEMA_V1
Closure,94,MUTATION_FAILURE,2026-10-05T23:10:08Z,2026-10-05T23:15:10Z,302.2,1,,,,FAIL,MUTATION_FAILURE,defects4j=3.0.1;major=3.0.1;java=11,SCHEMA_V1
Closure,95,TIMEOUT,2026-10-05T12:45:03Z,2026-10-05T13:15:04Z,1800.9,124,,,,FAIL,timeout,defects4j=3.0.1;major=3.0.1;java=11,SCHEMA_V1
Closure,96,MUTATION_FAILURE,2026-10-05T23:29:49Z,2026-10-05T23:34:21Z,272.1,1,,,,FAIL,MUTATION_FAILURE,defects4j=3.0.1;major=3.0.1;java=11,SCHEMA_V1
Closure,97,COMPLETE_VALID,2026-10-05T20:43:35Z,2026-10-05T20:48:56Z,321.3,0,740,82,1,PASS,,defects4j=3.0.1;major=3.0.1;java=11,SCHEMA_V1
Closure,98,TIMEOUT,2026-10-06T04:06:44Z,2026-10-06T04:36:44Z,1800.6,124,,,,FAIL,timeout,defects4j=3.0.1;major=3.0.1;java=11,SCHEMA_V1
Closure,99,COMPLETE_VALID,2026-10-06T08:47:09Z,2026-10-06T08:51:25Z,255.8,0,112,75,3,PASS,,defects4j=3.0.1;major=3.0.1;java=11,SCHEMA_V1
Codec,1,COMPLETE_VALID,2026-10-06T04:00:36Z,2026-10-06T04:01:09Z,33.5,0,584,90,5,PASS,,defects4j=3.0.1;major=3.0.1;java=11,SCHEMA_V1
Codec,10,COMPLETE_VALID,2026-10-05T11:51:53Z,2026-10-05T11:52:01Z,8.3,0,71,13,1,PASS,,defects4j=3.0.1;major=3.0.1;java=11,SCHEMA_V1
Codec,11,COMPLETE_VALID,2026-10-06T02:30:08Z,2026-10-06T02:30:30Z,21.7,0,198,33,5,PASS,,defects4j=3.0.1;major=3.0.1;java=11,SCHEMA_V1
Codec,12,COMPLETE_VALID,2026-10-06T01:04:18Z,2026-10-06T01:05:46Z,87.7,0,127,35,12,PASS,,defects4j=3.0.1;major=3.0.1;java=11,SCHEMA_V1
Codec,13,COMPLETE_VALID,2026-10-05T11:55:55Z,2026-10-05T11:59:12Z,196.2,0,2184,245,2,PASS,,defects4j=3.0.1;major=3.0.1;java=11,SCHEMA_V1
Codec,14,COMPLETE_VALID,2026-10-06T02:37:49Z,2026-10-06T02:48:08Z,619.3,0,524,47,1,PASS,,defects4j=3.0.1;major=3.0.1;java=11,SCHEMA_V1
Codec,15,COMPLETE_VALID,2026-10-05T17:48:36Z,2026-10-05T17:48:52Z,15.6,0,105,32,1,PASS,,defects4j=3.0.1;major=3.0.1;java=11,SCHEMA_V1
Codec,16,COMPLETE_VALID,2026-10-06T13:53:45Z,2026-10-06T13:57:46Z,241.6,0,911,31,1,PASS,,defects4j=3.0.1;major=3.0.1;java=11,SCHEMA_V1
Codec,17,COMPLETE_VALID,2026-10-06T02:04:54Z,2026-10-06T02:05:10Z,15.7,0,22,380,1,PASS,,defects4j=3.0.1;major=3.0.1;java=11,SCHEMA_V1
Codec,18,COMPLETE_VALID,2026-10-05T22:38:57Z,2026-10-05T22:39:10Z,12.7,0,29,383,2,PASS,,defects4j=3.0.1;major=3.0.1;java=11,SCHEMA_V1
Codec,2,COMPLETE_VALID,2026-10-05T23:48:33Z,2026-10-05T23:51:12Z,158.4,0,919,50,2,PASS,,defects4j=3.0.1;major=3.0.1;java=11,SCHEMA_V1
Codec,3,COMPLETE_VALID,2026-10-05T23:24:56Z,2026-10-05T23:28:07Z,190.8,0,2144,21,1,PASS,,defects4j=3.0.1;major=3.0.1;java=11,SCHEMA_V1
Codec,4,COMPLETE_VALID,2026-10-06T01:07:38Z,2026-10-06T01:13:36Z,357.7,0,976,72,2,PASS,,defects4j=3.0.1;major=3.0.1;java=11,SCHEMA_V1
Codec,5,COMPLETE_VALID,2026-10-05T15:54:11Z,2026-10-05T16:00:42Z,391.8,0,989,83,2,PASS,,defects4j=3.0.1;major=3.0.1;java=11,SCHEMA_V1
Codec,6,COMPLETE_VALID,2026-10-06T08:29:06Z,2026-10-06T08:30:03Z,57.0,0,115,10,1,PASS,,defects4j=3.0.1;major=3.0.1;java=11,SCHEMA_V1
Codec,7,COMPLETE_VALID,2026-10-05T19:17:59Z,2026-10-05T19:25:12Z,433.3,0,989,85,2,PASS,,defects4j=3.0.1;major=3.0.1;java=11,SCHEMA_V1
Codec,8,COMPLETE_VALID,2026-10-05T19:04:52Z,2026-10-05T19:12:29Z,456.4,0,1070,86,1,PASS,,defects4j=3.0.1;major=3.0.1;java=11,SCHEMA_V1
Codec,9,COMPLETE_VALID,2026-10-05T22:47:34Z,2026-10-05T22:54:34Z,420.2,0,965,87,1,PASS,,defects4j=3.0.1;major=3.0.1;java=11,SCHEMA_V1
Collections,1,COMPLETE_VALID,2026-10-06T08:51:25Z,2026-10-06T08:51:58Z,32.4,0,623,53,4,PASS,,defects4j=3.0.1;major=3.0.1;java=11,SCHEMA_V1
Collections,10,COMPLETE_VALID,2026-10-06T06:42:36Z,2026-10-06T06:42:50Z,14.0,0,77,33,2,PASS,,defects4j=3.0.1;major=3.0.1;java=11,SCHEMA_V1
Collections,11,COMPLETE_VALID,2026-10-06T10:24:15Z,2026-10-06T10:24:28Z,13.7,0,20,62,1,PASS,,defects4j=3.0.1;major=3.0.1;java=11,SCHEMA_V1
Collections,12,COMPLETE_VALID,2026-10-05T15:51:21Z,2026-10-05T15:51:36Z,15.8,0,446,16,1,PASS,,defects4j=3.0.1;major=3.0.1;java=11,SCHEMA_V1
Collections,13,COMPLETE_VALID,2026-10-06T13:43:44Z,2026-10-06T13:43:57Z,13.1,0,447,17,1,PASS,,defects4j=3.0.1;major=3.0.1;java=11,SCHEMA_V1
Collections,14,COMPLETE_VALID,2026-10-06T05:45:01Z,2026-10-06T05:45:13Z,12.0,0,16,45,1,PASS,,defects4j=3.0.1;major=3.0.1;java=11,SCHEMA_V1
Collections,15,COMPLETE_VALID,2026-10-05T12:10:27Z,2026-10-05T12:10:46Z,19.2,0,59,69,1,PASS,,defects4j=3.0.1;major=3.0.1;java=11,SCHEMA_V1
Collections,16,COMPLETE_VALID,2026-10-05T21:30:38Z,2026-10-05T21:30:58Z,19.9,0,65,70,1,PASS,,defects4j=3.0.1;major=3.0.1;java=11,SCHEMA_V1
Collections,17,COMPLETE_VALID,2026-10-06T04:47:36Z,2026-10-06T04:47:49Z,12.9,0,2,197,1,PASS,,defects4j=3.0.1;major=3.0.1;java=11,SCHEMA_V1
Collections,18,COMPLETE_VALID,2026-10-06T02:30:30Z,2026-10-06T02:30:46Z,15.8,0,66,66,1,PASS,,defects4j=3.0.1;major=3.0.1;java=11,SCHEMA_V1
Collections,19,COMPLETE_VALID,2026-10-06T04:02:43Z,2026-10-06T04:02:58Z,15.0,0,81,74,1,PASS,,defects4j=3.0.1;major=3.0.1;java=11,SCHEMA_V1
Collections,2,COMPLETE_VALID,2026-10-06T04:03:55Z,2026-10-06T04:04:07Z,11.8,0,443,10,1,PASS,,defects4j=3.0.1;major=3.0.1;java=11,SCHEMA_V1
Collections,20,COMPLETE_VALID,2026-10-06T11:00:47Z,2026-10-06T11:01:43Z,56.1,0,457,63,1,PASS,,defects4j=3.0.1;major=3.0.1;java=11,SCHEMA_V1
Collections,21,COMPLETE_VALID,2026-10-06T02:29:10Z,2026-10-06T02:29:27Z,16.9,0,75,75,1,PASS,,defects4j=3.0.1;major=3.0.1;java=11,SCHEMA_V1
Collections,22,COMPLETE_VALID,2026-10-06T12:45:37Z,2026-10-06T12:46:02Z,24.6,0,159,258,1,PASS,,defects4j=3.0.1;major=3.0.1;java=11,SCHEMA_V1
Collections,23,COMPLETE_VALID,2026-10-06T08:48:35Z,2026-10-06T08:48:47Z,11.7,0,0,53,2,PASS,,defects4j=3.0.1;major=3.0.1;java=11,SCHEMA_V1
Collections,24,COMPLETE_VALID,2026-10-06T12:24:52Z,2026-10-06T12:25:02Z,10.1,0,12,126,2,PASS,,defects4j=3.0.1;major=3.0.1;java=11,SCHEMA_V1
Collections,25,COMPLETE_VALID,2026-10-06T00:31:54Z,2026-10-06T00:32:10Z,15.8,0,98,287,1,PASS,,defects4j=3.0.1;major=3.0.1;java=11,SCHEMA_V1
Collections,26,COMPLETE_VALID,2026-10-05T10:29:37Z,2026-10-05T10:29:57Z,19.4,0,16,74,1,PASS,,defects4j=3.0.1;major=3.0.1;java=11,SCHEMA_V1
Collections,27,COMPLETE_VALID,2026-10-06T09:08:29Z,2026-10-06T09:08:46Z,17.0,0,86,101,1,PASS,,defects4j=3.0.1;major=3.0.1;java=11,SCHEMA_V1
Collections,28,COMPLETE_VALID,2026-10-05T17:25:52Z,2026-10-05T17:31:48Z,356.6,0,915,164,1,PASS,,defects4j=3.0.1;major=3.0.1;java=11,SCHEMA_V1
Collections,3,COMPLETE_VALID,2026-10-05T14:29:03Z,2026-10-05T14:29:20Z,17.3,0,285,138,1,PASS,,defects4j=3.0.1;major=3.0.1;java=11,SCHEMA_V1
Collections,4,COMPLETE_VALID,2026-10-06T03:31:49Z,2026-10-06T03:32:01Z,11.4,0,72,23,3,PASS,,defects4j=3.0.1;major=3.0.1;java=11,SCHEMA_V1
Collections,5,COMPLETE_VALID,2026-10-06T02:48:43Z,2026-10-06T02:49:03Z,19.2,0,58,68,1,PASS,,defects4j=3.0.1;major=3.0.1;java=11,SCHEMA_V1
Collections,6,COMPLETE_VALID,2026-10-06T11:37:13Z,2026-10-06T11:37:45Z,32.2,0,623,54,1,PASS,,defects4j=3.0.1;major=3.0.1;java=11,SCHEMA_V1
Collections,7,COMPLETE_VALID,2026-10-05T21:25:46Z,2026-10-05T21:26:01Z,15.7,0,447,14,3,PASS,,defects4j=3.0.1;major=3.0.1;java=11,SCHEMA_V1
Collections,8,COMPLETE_VALID,2026-10-06T04:02:59Z,2026-10-06T04:05:23Z,144.0,0,161,111,1,PASS,,defects4j=3.0.1;major=3.0.1;java=11,SCHEMA_V1
Collections,9,COMPLETE_VALID,2026-10-06T13:59:45Z,2026-10-06T13:59:58Z,13.2,0,447,15,1,PASS,,defects4j=3.0.1;major=3.0.1;java=11,SCHEMA_V1
Compress,1,COMPLETE_VALID,2026-10-06T04:15:41Z,2026-10-06T04:15:50Z,8.7,0,394,26,1,PASS,,defects4j=3.0.1;major=3.0.1;java=11,SCHEMA_V1
Compress,10,COMPLETE_VALID,2026-10-05T20:36:39Z,2026-10-05T20:38:03Z,83.9,0,385,35,1,PASS,,defects4j=3.0.1;major=3.0.1;java=11,SCHEMA_V1
Compress,11,COMPLETE_VALID,2026-10-05T11:12:38Z,2026-10-05T11:13:00Z,22.0,1,60,180,1,PASS,,defects4j=3.0.1;major=3.0.1;java=11,SCHEMA_V1
Compress,12,COMPLETE_VALID,2026-10-05T17:20:36Z,2026-10-05T17:20:59Z,22.6,1,317,187,1,PASS,,defects4j=3.0.1;major=3.0.1;java=11,SCHEMA_V1
Compress,13,COMPLETE_VALID,2026-10-06T05:43:58Z,2026-10-06T05:45:01Z,62.8,0,265,103,2,PASS,,defects4j=3.0.1;major=3.0.1;java=11,SCHEMA_V1
Compress,14,COMPLETE_VALID,2026-10-06T09:28:57Z,2026-10-06T09:29:41Z,43.8,0,377,85,1,PASS,,defects4j=3.0.1;major=3.0.1;java=11,SCHEMA_V1
Compress,15,COMPLETE_VALID,2026-10-05T18:13:39Z,2026-10-05T18:14:42Z,63.6,0,259,104,1,PASS,,defects4j=3.0.1;major=3.0.1;java=11,SCHEMA_V1
Compress,16,COMPLETE_VALID,2026-10-06T04:36:27Z,2026-10-06T04:36:46Z,19.5,1,61,188,1,PASS,,defects4j=3.0.1;major=3.0.1;java=11,SCHEMA_V1
Compress,17,COMPLETE_VALID,2026-10-06T12:44:02Z,2026-10-06T12:45:14Z,72.4,0,645,102,1,PASS,,defects4j=3.0.1;major=3.0.1;java=11,SCHEMA_V1
Compress,18,COMPLETE_VALID,2026-10-05T22:40:02Z,2026-10-05T22:40:52Z,49.5,1,320,197,1,PASS,,defects4j=3.0.1;major=3.0.1;java=11,SCHEMA_V1
Compress,19,COMPLETE_VALID,2026-10-06T07:52:57Z,2026-10-06T07:53:27Z,29.8,0,223,135,1,PASS,,defects4j=3.0.1;major=3.0.1;java=11,SCHEMA_V1
Compress,2,COMPLETE_VALID,2026-10-06T01:21:17Z,2026-10-06T01:21:32Z,15.7,0,214,53,1,PASS,,defects4j=3.0.1;major=3.0.1;java=11,SCHEMA_V1
Compress,20,COMPLETE_VALID,2026-10-05T20:12:50Z,2026-10-05T20:14:28Z,98.4,1,586,208,1,PASS,,defects4j=3.0.1;major=3.0.1;java=11,SCHEMA_V1
Compress,21,COMPLETE_VALID,2026-10-05T19:41:15Z,2026-10-05T19:42:48Z,92.9,0,508,15,8,PASS,,defects4j=3.0.1;major=3.0.1;java=11,SCHEMA_V1
Compress,22,COMPLETE_VALID,2026-10-05T10:56:30Z,2026-10-05T10:59:06Z,155.4,0,1338,55,1,PASS,,defects4j=3.0.1;major=3.0.1;java=11,SCHEMA_V1
Compress,23,COMPLETE_VALID,2026-10-05T16:03:08Z,2026-10-05T16:03:45Z,37.2,0,203,25,1,PASS,,defects4j=3.0.1;major=3.0.1;java=11,SCHEMA_V1
Compress,24,COMPLETE_VALID,2026-10-05T21:08:04Z,2026-10-05T21:10:49Z,164.5,0,617,123,1,PASS,,defects4j=3.0.1;major=3.0.1;java=11,SCHEMA_V1
Compress,25,COMPLETE_VALID,2026-10-05T21:26:02Z,2026-10-05T21:30:18Z,255.5,1,904,271,1,PASS,,defects4j=3.0.1;major=3.0.1;java=11,SCHEMA_V1
Compress,26,COMPLETE_VALID,2026-10-05T17:10:52Z,2026-10-05T17:15:42Z,290.2,0,93,264,2,PASS,,defects4j=3.0.1;major=3.0.1;java=11,SCHEMA_V1
Compress,27,COMPLETE_VALID,2026-10-05T22:58:26Z,2026-10-05T23:00:30Z,123.7,0,614,127,1,PASS,,defects4j=3.0.1;major=3.0.1;java=11,SCHEMA_V1
Compress,28,COMPLETE_VALID,2026-10-06T12:00:32Z,2026-10-06T12:01:35Z,63.5,1,331,299,1,PASS,,defects4j=3.0.1;major=3.0.1;java=11,SCHEMA_V1
Compress,29,COMPLETE_VALID,2026-10-06T10:03:05Z,2026-10-06T10:24:14Z,1269.8,1,3161,328,3,PASS,,defects4j=3.0.1;major=3.0.1;java=11,SCHEMA_V1
Compress,3,COMPLETE_VALID,2026-10-06T05:28:13Z,2026-10-06T05:28:23Z,10.1,0,138,82,1,PASS,,defects4j=3.0.1;major=3.0.1;java=11,SCHEMA_V1
Compress,30,COMPLETE_VALID,2026-10-06T10:49:23Z,2026-10-06T11:07:56Z,1113.8,0,1345,93,1,PASS,,defects4j=3.0.1;major=3.0.1;java=11,SCHEMA_V1
Compress,31,COMPLETE_VALID,2026-10-06T01:52:27Z,2026-10-06T02:06:26Z,839.1,0,609,153,2,PASS,,defects4j=3.0.1;major=3.0.1;java=11,SCHEMA_V1
Compress,32,COMPLETE_VALID,2026-10-05T21:01:06Z,2026-10-05T21:08:45Z,458.3,0,326,332,1,PASS,,defects4j=3.0.1;major=3.0.1;java=11,SCHEMA_V1
Compress,33,COMPLETE_VALID,2026-10-06T04:02:28Z,2026-10-06T04:02:43Z,15.0,0,132,42,1,PASS,,defects4j=3.0.1;major=3.0.1;java=11,SCHEMA_V1
Compress,34,COMPLETE_VALID,2026-10-06T06:05:36Z,2026-10-06T06:06:10Z,33.9,0,113,166,1,PASS,,defects4j=3.0.1;major=3.0.1;java=11,SCHEMA_V1
Compress,35,COMPLETE_VALID,2026-10-06T12:25:14Z,2026-10-06T12:36:35Z,680.3,0,556,157,1,PASS,,defects4j=3.0.1;major=3.0.1;java=11,SCHEMA_V1
Compress,36,COMPLETE_VALID,2026-10-06T12:04:36Z,2026-10-06T12:14:14Z,577.9,0,956,120,1,PASS,,defects4j=3.0.1;major=3.0.1;java=11,SCHEMA_V1
Compress,37,COMPLETE_VALID,2026-10-06T14:00:53Z,2026-10-06T14:09:21Z,507.8,0,374,341,1,PASS,,defects4j=3.0.1;major=3.0.1;java=11,SCHEMA_V1
Compress,38,COMPLETE_VALID,2026-10-06T11:28:15Z,2026-10-06T11:37:04Z,528.5,0,446,146,1,PASS,,defects4j=3.0.1;major=3.0.1;java=11,SCHEMA_V1
Compress,39,COMPLETE_VALID,2026-10-05T11:52:47Z,2026-10-05T11:54:41Z,114.5,0,127,177,1,PASS,,defects4j=3.0.1;major=3.0.1;java=11,SCHEMA_V1
Compress,4,COMPLETE_VALID,2026-10-06T11:34:59Z,2026-10-06T11:36:45Z,106.0,0,957,83,10,PASS,,defects4j=3.0.1;major=3.0.1;java=11,SCHEMA_V1
Compress,40,COMPLETE_VALID,2026-10-05T20:25:14Z,2026-10-05T20:25:47Z,32.4,0,143,50,2,PASS,,defects4j=3.0.1;major=3.0.1;java=11,SCHEMA_V1
Compress,41,COMPLETE_VALID,2026-10-06T06:10:16Z,2026-10-06T06:16:09Z,353.5,0,919,348,2,PASS,,defects4j=3.0.1;major=3.0.1;java=11,SCHEMA_V1
Compress,42,COMPLETE_VALID,2026-10-05T21:42:55Z,2026-10-05T21:44:54Z,119.0,0,310,186,1,PASS,,defects4j=3.0.1;major=3.0.1;java=11,SCHEMA_V1
Compress,43,MUTATION_FAILURE,2026-10-05T10:29:57Z,2026-10-05T10:30:26Z,29.3,1,,,,FAIL,MUTATION_FAILURE,defects4j=3.0.1;major=3.0.1;java=11,SCHEMA_V1
Compress,44,MUTATION_FAILURE,2026-10-06T02:23:07Z,2026-10-06T02:23:20Z,13.7,1,,,,FAIL,MUTATION_FAILURE,defects4j=3.0.1;major=3.0.1;java=11,SCHEMA_V1
Compress,45,COMPLETE_VALID,2026-10-05T21:58:58Z,2026-10-05T22:10:46Z,708.2,0,574,163,1,PASS,,defects4j=3.0.1;major=3.0.1;java=11,SCHEMA_V1
Compress,46,COMPLETE_VALID,2026-10-06T11:25:42Z,2026-10-06T11:26:35Z,53.3,0,332,194,1,PASS,,defects4j=3.0.1;major=3.0.1;java=11,SCHEMA_V1
Compress,47,MUTATION_FAILURE,2026-10-06T12:45:14Z,2026-10-06T12:45:37Z,22.4,1,,,,FAIL,MUTATION_FAILURE,defects4j=3.0.1;major=3.0.1;java=11,SCHEMA_V1
Compress,5,COMPLETE_VALID,2026-10-06T07:01:21Z,2026-10-06T07:02:28Z,66.2,0,303,101,1,PASS,,defects4j=3.0.1;major=3.0.1;java=11,SCHEMA_V1
Compress,6,COMPLETE_VALID,2026-10-06T04:20:46Z,2026-10-06T04:21:07Z,20.7,0,149,80,1,PASS,,defects4j=3.0.1;major=3.0.1;java=11,SCHEMA_V1
Compress,7,COMPLETE_VALID,2026-10-06T10:25:09Z,2026-10-06T10:25:31Z,21.6,0,229,61,1,PASS,,defects4j=3.0.1;major=3.0.1;java=11,SCHEMA_V1
Compress,8,COMPLETE_VALID,2026-10-06T03:30:42Z,2026-10-06T03:31:06Z,23.7,0,282,63,1,PASS,,defects4j=3.0.1;major=3.0.1;java=11,SCHEMA_V1
Compress,9,COMPLETE_VALID,2026-10-06T06:30:04Z,2026-10-06T06:30:21Z,17.6,1,154,161,1,PASS,,defects4j=3.0.1;major=3.0.1;java=11,SCHEMA_V1
Csv,1,COMPLETE_VALID,2026-10-06T08:54:31Z,2026-10-06T08:54:53Z,22.0,0,96,49,1,PASS,,defects4j=3.0.1;major=3.0.1;java=11,SCHEMA_V1
Csv,10,COMPLETE_VALID,2026-10-06T00:59:14Z,2026-10-06T01:00:35Z,81.1,0,278,149,1,PASS,,defects4j=3.0.1;major=3.0.1;java=11,SCHEMA_V1
Csv,11,COMPLETE_VALID,2026-10-06T12:54:41Z,2026-10-06T12:55:21Z,40.3,0,83,168,1,PASS,,defects4j=3.0.1;major=3.0.1;java=11,SCHEMA_V1
Csv,12,COMPLETE_VALID,2026-10-05T16:29:17Z,2026-10-05T16:30:48Z,91.0,0,310,193,1,PASS,,defects4j=3.0.1;major=3.0.1;java=11,SCHEMA_V1
Csv,13,COMPLETE_VALID,2026-10-05T22:39:28Z,2026-10-05T22:45:48Z,379.8,0,647,219,2,PASS,,defects4j=3.0.1;major=3.0.1;java=11,SCHEMA_V1
Csv,14,COMPLETE_VALID,2026-10-06T03:32:53Z,2026-10-06T03:39:04Z,371.0,0,656,245,6,PASS,,defects4j=3.0.1;major=3.0.1;java=11,SCHEMA_V1
Csv,15,COMPLETE_VALID,2026-10-05T18:05:36Z,2026-10-05T18:11:10Z,333.9,0,610,278,1,PASS,,defects4j=3.0.1;major=3.0.1;java=11,SCHEMA_V1
Csv,16,COMPLETE_VALID,2026-10-05T23:00:30Z,2026-10-05T23:01:26Z,56.1,0,111,156,1,PASS,,defects4j=3.0.1;major=3.0.1;java=11,SCHEMA_V1
Csv,2,COMPLETE_VALID,2026-10-06T12:09:50Z,2026-10-06T12:09:58Z,7.4,0,18,67,1,PASS,,defects4j=3.0.1;major=3.0.1;java=11,SCHEMA_V1
Csv,3,COMPLETE_VALID,2026-10-05T20:06:20Z,2026-10-05T20:07:19Z,58.4,0,95,81,3,PASS,,defects4j=3.0.1;major=3.0.1;java=11,SCHEMA_V1
Csv,4,COMPLETE_VALID,2026-10-05T14:29:21Z,2026-10-05T14:30:00Z,39.4,0,68,134,1,PASS,,defects4j=3.0.1;major=3.0.1;java=11,SCHEMA_V1
Csv,5,COMPLETE_VALID,2026-10-05T10:33:17Z,2026-10-05T10:34:35Z,77.9,0,276,138,1,PASS,,defects4j=3.0.1;major=3.0.1;java=11,SCHEMA_V1
Csv,6,COMPLETE_VALID,2026-10-05T13:38:53Z,2026-10-05T13:39:04Z,10.9,0,22,117,1,PASS,,defects4j=3.0.1;major=3.0.1;java=11,SCHEMA_V1
Csv,7,COMPLETE_VALID,2026-10-05T13:52:09Z,2026-10-05T13:52:54Z,45.4,0,69,156,1,PASS,,defects4j=3.0.1;major=3.0.1;java=11,SCHEMA_V1
Csv,8,COMPLETE_VALID,2026-10-05T11:39:46Z,2026-10-05T11:41:00Z,73.6,0,306,184,1,PASS,,defects4j=3.0.1;major=3.0.1;java=11,SCHEMA_V1
Csv,9,COMPLETE_VALID,2026-10-06T04:05:23Z,2026-10-06T04:05:32Z,9.1,0,29,119,1,PASS,,defects4j=3.0.1;major=3.0.1;java=11,SCHEMA_V1
Gson,1,COMPLETE_VALID,2026-10-05T12:38:57Z,2026-10-05T12:39:11Z,14.1,0,34,449,1,PASS,,defects4j=3.0.1;major=3.0.1;java=11,SCHEMA_V1
Gson,10,COMPLETE_VALID,2026-10-06T02:35:37Z,2026-10-06T02:39:18Z,220.6,0,82,690,1,PASS,,defects4j=3.0.1;major=3.0.1;java=11,SCHEMA_V1
Gson,11,COMPLETE_VALID,2026-10-06T12:01:36Z,2026-10-06T12:04:36Z,180.2,0,283,781,1,PASS,,defects4j=3.0.1;major=3.0.1;java=11,SCHEMA_V1
Gson,12,COMPLETE_VALID,2026-10-06T08:03:38Z,2026-10-06T08:04:40Z,62.5,0,294,784,2,PASS,,defects4j=3.0.1;major=3.0.1;java=11,SCHEMA_V1
Gson,13,TIMEOUT,2026-10-05T14:03:15Z,2026-10-05T14:33:16Z,1801.0,124,,,,FAIL,timeout,defects4j=3.0.1;major=3.0.1;java=11,SCHEMA_V1
Gson,14,MUTATION_FAILURE,2026-10-06T04:36:22Z,2026-10-06T04:36:26Z,4.4,1,,,,FAIL,MUTATION_FAILURE,defects4j=3.0.1;major=3.0.1;java=11,SCHEMA_V1
Gson,15,COMPLETE_VALID,2026-10-06T13:05:46Z,2026-10-06T13:15:58Z,611.3,0,271,838,1,PASS,,defects4j=3.0.1;major=3.0.1;java=11,SCHEMA_V1
Gson,16,MUTATION_FAILURE,2026-10-06T05:49:03Z,2026-10-06T05:49:06Z,4.0,1,,,,FAIL,MUTATION_FAILURE,defects4j=3.0.1;major=3.0.1;java=11,SCHEMA_V1
Gson,17,COMPLETE_VALID,2026-10-05T22:01:43Z,2026-10-05T22:01:57Z,13.3,0,22,590,2,PASS,,defects4j=3.0.1;major=3.0.1;java=11,SCHEMA_V1
Gson,18,MUTATION_FAILURE,2026-10-06T03:21:28Z,2026-10-06T03:21:33Z,4.5,1,,,,FAIL,MUTATION_FAILURE,defects4j=3.0.1;major=3.0.1;java=11,SCHEMA_V1
Gson,2,COMPLETE_VALID,2026-10-06T11:25:23Z,2026-10-06T11:28:15Z,171.8,0,265,728,1,PASS,,defects4j=3.0.1;major=3.0.1;java=11,SCHEMA_V1
Gson,3,COMPLETE_VALID,2026-10-06T11:59:22Z,2026-10-06T12:00:26Z,63.6,0,33,667,2,PASS,,defects4j=3.0.1;major=3.0.1;java=11,SCHEMA_V1
Gson,4,TIMEOUT,2026-10-06T14:08:24Z,2026-10-06T14:38:25Z,1800.9,124,,,,FAIL,timeout,defects4j=3.0.1;major=3.0.1;java=11,SCHEMA_V1
Gson,5,COMPLETE_VALID,2026-10-06T02:28:59Z,2026-10-06T02:29:10Z,10.9,0,360,9,1,PASS,,defects4j=3.0.1;major=3.0.1;java=11,SCHEMA_V1
Gson,6,COMPLETE_VALID,2026-10-06T02:05:20Z,2026-10-06T02:05:38Z,17.8,0,6,684,2,PASS,,defects4j=3.0.1;major=3.0.1;java=11,SCHEMA_V1
Gson,7,TIMEOUT,2026-10-06T13:27:30Z,2026-10-06T13:57:31Z,1800.9,124,,,,FAIL,timeout,defects4j=3.0.1;major=3.0.1;java=11,SCHEMA_V1
Gson,8,COMPLETE_VALID,2026-10-05T13:20:51Z,2026-10-05T13:21:06Z,15.0,0,14,442,2,PASS,,defects4j=3.0.1;major=3.0.1;java=11,SCHEMA_V1
Gson,9,COMPLETE_VALID,2026-10-06T14:09:53Z,2026-10-06T14:22:41Z,768.0,0,631,789,1,PASS,,defects4j=3.0.1;major=3.0.1;java=11,SCHEMA_V1
JacksonCore,1,COMPLETE_VALID,2026-10-06T08:40:39Z,2026-10-06T08:43:52Z,193.2,0,917,170,1,PASS,,defects4j=3.0.1;major=3.0.1;java=11,SCHEMA_V1
JacksonCore,10,COMPLETE_VALID,2026-10-05T23:23:40Z,2026-10-05T23:39:40Z,959.5,0,1700,292,4,PASS,,defects4j=3.0.1;major=3.0.1;java=11,SCHEMA_V1
JacksonCore,11,COMPLETE_VALID,2026-10-05T18:14:43Z,2026-10-05T18:30:12Z,929.4,0,1709,297,1,PASS,,defects4j=3.0.1;major=3.0.1;java=11,SCHEMA_V1
JacksonCore,12,TIMEOUT,2026-10-06T10:25:31Z,2026-10-06T10:55:32Z,1801.0,124,,,,FAIL,timeout,defects4j=3.0.1;major=3.0.1;java=11,SCHEMA_V1
JacksonCore,13,COMPLETE_VALID,2026-10-05T12:15:41Z,2026-10-05T12:16:10Z,28.9,0,30,311,1,PASS,,defects4j=3.0.1;major=3.0.1;java=11,SCHEMA_V1
JacksonCore,14,COMPLETE_VALID,2026-10-05T22:41:52Z,2026-10-05T22:43:21Z,88.4,0,51,311,1,PASS,,defects4j=3.0.1;major=3.0.1;java=11,SCHEMA_V1
JacksonCore,15,COMPLETE_VALID,2026-10-06T11:36:45Z,2026-10-06T11:37:12Z,27.3,0,343,14,1,PASS,,defects4j=3.0.1;major=3.0.1;java=11,SCHEMA_V1
JacksonCore,16,COMPLETE_VALID,2026-10-06T11:37:04Z,2026-10-06T11:37:15Z,10.5,0,44,2,1,PASS,,defects4j=3.0.1;major=3.0.1;java=11,SCHEMA_V1
JacksonCore,17,COMPLETE_VALID,2026-10-05T13:13:05Z,2026-10-05T13:22:10Z,544.7,0,2217,318,1,PASS,,defects4j=3.0.1;major=3.0.1;java=11,SCHEMA_V1
JacksonCore,18,COMPLETE_VALID,2026-10-06T09:13:54Z,2026-10-06T09:28:57Z,902.8,0,4375,322,1,PASS,,defects4j=3.0.1;major=3.0.1;java=11,SCHEMA_V1
JacksonCore,19,TIMEOUT,2026-10-06T07:02:28Z,2026-10-06T07:32:29Z,1801.1,124,,,,FAIL,timeout,defects4j=3.0.1;major=3.0.1;java=11,SCHEMA_V1
JacksonCore,2,COMPLETE_VALID,2026-10-05T12:03:40Z,2026-10-05T12:25:04Z,1283.9,0,5246,184,2,PASS,,defects4j=3.0.1;major=3.0.1;java=11,SCHEMA_V1
JacksonCore,20,COMPLETE_VALID,2026-10-05T10:30:29Z,2026-10-05T10:33:17Z,168.0,0,206,384,2,PASS,,defects4j=3.0.1;major=3.0.1;java=11,SCHEMA_V1
JacksonCore,21,COMPLETE_VALID,2026-10-06T02:48:09Z,2026-10-06T02:48:43Z,34.0,0,342,16,3,PASS,,defects4j=3.0.1;major=3.0.1;java=11,SCHEMA_V1
JacksonCore,22,COMPLETE_VALID,2026-10-06T12:23:04Z,2026-10-06T12:23:45Z,41.5,0,368,20,12,PASS,,defects4j=3.0.1;major=3.0.1;java=11,SCHEMA_V1
JacksonCore,23,COMPLETE_VALID,2026-10-06T01:29:29Z,2026-10-06T01:30:05Z,36.0,0,85,557,1,PASS,,defects4j=3.0.1;major=3.0.1;java=11,SCHEMA_V1
JacksonCore,24,COMPLETE_VALID,2026-10-05T17:43:38Z,2026-10-05T17:50:07Z,388.9,0,986,557,8,PASS,,defects4j=3.0.1;major=3.0.1;java=11,SCHEMA_V1
JacksonCore,25,TIMEOUT,2026-10-05T14:24:14Z,2026-10-05T14:54:15Z,1800.6,124,,,,FAIL,timeout,defects4j=3.0.1;major=3.0.1;java=11,SCHEMA_V1
JacksonCore,26,COMPLETE_VALID,2026-10-05T13:15:05Z,2026-10-05T13:29:29Z,864.4,0,3309,562,1,PASS,,defects4j=3.0.1;major=3.0.1;java=11,SCHEMA_V1
JacksonCore,3,COMPLETE_VALID,2026-10-06T10:55:39Z,2026-10-06T11:09:00Z,801.7,0,3600,139,1,PASS,,defects4j=3.0.1;major=3.0.1;java=11,SCHEMA_V1
JacksonCore,4,COMPLETE_VALID,2026-10-06T12:57:55Z,2026-10-06T13:00:45Z,169.7,0,479,199,1,PASS,,defects4j=3.0.1;major=3.0.1;java=11,SCHEMA_V1
JacksonCore,5,COMPLETE_VALID,2026-10-06T03:30:33Z,2026-10-06T03:30:42Z,8.6,0,153,4,1,PASS,,defects4j=3.0.1;major=3.0.1;java=11,SCHEMA_V1
JacksonCore,6,COMPLETE_VALID,2026-10-06T01:12:25Z,2026-10-06T01:12:36Z,10.7,0,180,5,1,PASS,,defects4j=3.0.1;major=3.0.1;java=11,SCHEMA_V1
JacksonCore,7,COMPLETE_VALID,2026-10-05T21:25:05Z,2026-10-05T21:26:02Z,56.7,0,79,117,2,PASS,,defects4j=3.0.1;major=3.0.1;java=11,SCHEMA_V1
JacksonCore,8,COMPLETE_VALID,2026-10-06T13:15:58Z,2026-10-06T13:19:06Z,188.4,0,496,213,1,PASS,,defects4j=3.0.1;major=3.0.1;java=11,SCHEMA_V1
JacksonCore,9,TIMEOUT,2026-10-05T10:44:35Z,2026-10-05T11:14:35Z,1800.9,124,,,,FAIL,timeout,defects4j=3.0.1;major=3.0.1;java=11,SCHEMA_V1
JacksonDatabind,1,MUTATION_FAILURE,2026-10-06T05:08:23Z,2026-10-06T05:08:45Z,22.1,1,,,,FAIL,MUTATION_FAILURE,defects4j=3.0.1;major=3.0.1;java=11,SCHEMA_V1
JacksonDatabind,10,MUTATION_FAILURE,2026-10-06T02:29:28Z,2026-10-06T02:30:08Z,40.1,1,,,,FAIL,MUTATION_FAILURE,defects4j=3.0.1;major=3.0.1;java=11,SCHEMA_V1
JacksonDatabind,100,MUTATION_FAILURE,2026-10-05T13:39:24Z,2026-10-05T13:40:25Z,61.2,1,,,,FAIL,MUTATION_FAILURE,defects4j=3.0.1;major=3.0.1;java=11,SCHEMA_V1
JacksonDatabind,101,MUTATION_FAILURE,2026-10-05T15:43:57Z,2026-10-05T15:45:03Z,65.8,1,,,,FAIL,MUTATION_FAILURE,defects4j=3.0.1;major=3.0.1;java=11,SCHEMA_V1
JacksonDatabind,102,MUTATION_FAILURE,2026-10-05T21:31:52Z,2026-10-05T21:32:58Z,66.1,1,,,,FAIL,MUTATION_FAILURE,defects4j=3.0.1;major=3.0.1;java=11,SCHEMA_V1
JacksonDatabind,103,MUTATION_FAILURE,2026-10-06T02:30:47Z,2026-10-06T02:31:53Z,66.9,1,,,,FAIL,MUTATION_FAILURE,defects4j=3.0.1;major=3.0.1;java=11,SCHEMA_V1
JacksonDatabind,104,MUTATION_FAILURE,2026-10-05T20:21:55Z,2026-10-05T20:23:01Z,65.6,1,,,,FAIL,MUTATION_FAILURE,defects4j=3.0.1;major=3.0.1;java=11,SCHEMA_V1
JacksonDatabind,105,MUTATION_FAILURE,2026-10-06T00:34:33Z,2026-10-06T00:35:17Z,43.4,1,,,,FAIL,MUTATION_FAILURE,defects4j=3.0.1;major=3.0.1;java=11,SCHEMA_V1
JacksonDatabind,106,MUTATION_FAILURE,2026-10-05T23:21:10Z,2026-10-05T23:22:35Z,84.2,1,,,,FAIL,MUTATION_FAILURE,defects4j=3.0.1;major=3.0.1;java=11,SCHEMA_V1
JacksonDatabind,107,COMPLETE_VALID,2026-10-05T19:28:17Z,2026-10-05T19:35:33Z,436.5,0,41,475,1,PASS,,defects4j=3.0.1;major=3.0.1;java=11,SCHEMA_V1
JacksonDatabind,108,MUTATION_FAILURE,2026-10-06T05:45:13Z,2026-10-06T05:46:09Z,55.9,1,,,,FAIL,MUTATION_FAILURE,defects4j=3.0.1;major=3.0.1;java=11,SCHEMA_V1
JacksonDatabind,109,MUTATION_FAILURE,2026-10-06T05:07:23Z,2026-10-06T05:08:22Z,58.9,1,,,,FAIL,MUTATION_FAILURE,defects4j=3.0.1;major=3.0.1;java=11,SCHEMA_V1
JacksonDatabind,11,MUTATION_FAILURE,2026-10-05T11:41:41Z,2026-10-05T11:42:27Z,45.3,1,,,,FAIL,MUTATION_FAILURE,defects4j=3.0.1;major=3.0.1;java=11,SCHEMA_V1
JacksonDatabind,110,COMPLETE_VALID,2026-10-06T11:16:48Z,2026-10-06T11:17:41Z,53.3,0,26,219,1,PASS,,defects4j=3.0.1;major=3.0.1;java=11,SCHEMA_V1
JacksonDatabind,111,MUTATION_FAILURE,2026-10-05T11:33:57Z,2026-10-05T11:35:07Z,69.5,1,,,,FAIL,MUTATION_FAILURE,defects4j=3.0.1;major=3.0.1;java=11,SCHEMA_V1
JacksonDatabind,112,MUTATION_FAILURE,2026-10-05T14:30:00Z,2026-10-05T14:31:04Z,63.5,1,,,,FAIL,MUTATION_FAILURE,defects4j=3.0.1;major=3.0.1;java=11,SCHEMA_V1
JacksonDatabind,12,MUTATION_FAILURE,2026-10-06T06:30:38Z,2026-10-06T06:31:20Z,41.5,1,,,,FAIL,MUTATION_FAILURE,defects4j=3.0.1;major=3.0.1;java=11,SCHEMA_V1
JacksonDatabind,13,MUTATION_FAILURE,2026-10-06T12:48:05Z,2026-10-06T12:48:42Z,37.3,1,,,,FAIL,MUTATION_FAILURE,defects4j=3.0.1;major=3.0.1;java=11,SCHEMA_V1
JacksonDatabind,14,MUTATION_FAILURE,2026-10-06T04:01:10Z,2026-10-06T04:01:46Z,36.3,1,,,,FAIL,MUTATION_FAILURE,defects4j=3.0.1;major=3.0.1;java=11,SCHEMA_V1
JacksonDatabind,15,MUTATION_FAILURE,2026-10-06T03:51:22Z,2026-10-06T03:51:59Z,36.8,1,,,,FAIL,MUTATION_FAILURE,defects4j=3.0.1;major=3.0.1;java=11,SCHEMA_V1
JacksonDatabind,16,MUTATION_FAILURE,2026-10-06T09:31:05Z,2026-10-06T09:31:51Z,46.3,1,,,,FAIL,MUTATION_FAILURE,defects4j=3.0.1;major=3.0.1;java=11,SCHEMA_V1
JacksonDatabind,17,MUTATION_FAILURE,2026-10-05T23:41:24Z,2026-10-05T23:42:04Z,39.4,1,,,,FAIL,MUTATION_FAILURE,defects4j=3.0.1;major=3.0.1;java=11,SCHEMA_V1
JacksonDatabind,18,COMPLETE_VALID,2026-10-06T02:34:00Z,2026-10-06T02:34:54Z,53.4,0,66,26,3,PASS,,defects4j=3.0.1;major=3.0.1;java=11,SCHEMA_V1
JacksonDatabind,19,MUTATION_FAILURE,2026-10-06T06:41:08Z,2026-10-06T06:41:53Z,45.7,1,,,,FAIL,MUTATION_FAILURE,defects4j=3.0.1;major=3.0.1;java=11,SCHEMA_V1
JacksonDatabind,2,MUTATION_FAILURE,2026-10-06T11:40:15Z,2026-10-06T11:40:53Z,37.8,1,,,,FAIL,MUTATION_FAILURE,defects4j=3.0.1;major=3.0.1;java=11,SCHEMA_V1
JacksonDatabind,20,MUTATION_FAILURE,2026-10-06T06:40:25Z,2026-10-06T06:41:07Z,42.6,1,,,,FAIL,MUTATION_FAILURE,defects4j=3.0.1;major=3.0.1;java=11,SCHEMA_V1
JacksonDatabind,21,MUTATION_FAILURE,2026-10-06T11:39:37Z,2026-10-06T11:40:15Z,37.9,1,,,,FAIL,MUTATION_FAILURE,defects4j=3.0.1;major=3.0.1;java=11,SCHEMA_V1
JacksonDatabind,22,MUTATION_FAILURE,2026-10-05T16:23:51Z,2026-10-05T16:24:33Z,41.8,1,,,,FAIL,MUTATION_FAILURE,defects4j=3.0.1;major=3.0.1;java=11,SCHEMA_V1
JacksonDatabind,23,MUTATION_FAILURE,2026-10-06T04:01:46Z,2026-10-06T04:02:28Z,41.3,1,,,,FAIL,MUTATION_FAILURE,defects4j=3.0.1;major=3.0.1;java=11,SCHEMA_V1
JacksonDatabind,24,MUTATION_FAILURE,2026-10-06T13:17:54Z,2026-10-06T13:18:34Z,40.3,1,,,,FAIL,MUTATION_FAILURE,defects4j=3.0.1;major=3.0.1;java=11,SCHEMA_V1
JacksonDatabind,25,MUTATION_FAILURE,2026-10-05T23:22:35Z,2026-10-05T23:23:40Z,64.7,1,,,,FAIL,MUTATION_FAILURE,defects4j=3.0.1;major=3.0.1;java=11,SCHEMA_V1
JacksonDatabind,26,MUTATION_FAILURE,2026-10-06T08:39:32Z,2026-10-06T08:40:19Z,46.8,1,,,,FAIL,MUTATION_FAILURE,defects4j=3.0.1;major=3.0.1;java=11,SCHEMA_V1
JacksonDatabind,27,MUTATION_FAILURE,2026-10-06T02:34:54Z,2026-10-06T02:35:37Z,42.8,1,,,,FAIL,MUTATION_FAILURE,defects4j=3.0.1;major=3.0.1;java=11,SCHEMA_V1
JacksonDatabind,28,COMPLETE_VALID,2026-10-06T13:43:09Z,2026-10-06T13:43:43Z,33.9,0,9,164,1,PASS,,defects4j=3.0.1;major=3.0.1;java=11,SCHEMA_V1
JacksonDatabind,29,COMPLETE_VALID,2026-10-05T14:23:25Z,2026-10-05T14:24:16Z,50.8,0,107,33,1,PASS,,defects4j=3.0.1;major=3.0.1;java=11,SCHEMA_V1
JacksonDatabind,3,MUTATION_FAILURE,2026-10-05T11:41:00Z,2026-10-05T11:41:41Z,41.1,1,,,,FAIL,MUTATION_FAILURE,defects4j=3.0.1;major=3.0.1;java=11,SCHEMA_V1
JacksonDatabind,30,MUTATION_FAILURE,2026-10-05T16:55:21Z,2026-10-05T16:56:07Z,45.7,1,,,,FAIL,MUTATION_FAILURE,defects4j=3.0.1;major=3.0.1;java=11,SCHEMA_V1
JacksonDatabind,31,MUTATION_FAILURE,2026-10-05T14:44:21Z,2026-10-05T14:45:09Z,47.4,1,,,,FAIL,MUTATION_FAILURE,defects4j=3.0.1;major=3.0.1;java=11,SCHEMA_V1
JacksonDatabind,32,MUTATION_FAILURE,2026-10-05T21:24:58Z,2026-10-05T21:25:45Z,47.2,1,,,,FAIL,MUTATION_FAILURE,defects4j=3.0.1;major=3.0.1;java=11,SCHEMA_V1
JacksonDatabind,33,MUTATION_FAILURE,2026-10-06T08:04:41Z,2026-10-06T08:05:28Z,47.7,1,,,,FAIL,MUTATION_FAILURE,defects4j=3.0.1;major=3.0.1;java=11,SCHEMA_V1
JacksonDatabind,34,MUTATION_FAILURE,2026-10-05T21:21:05Z,2026-10-05T21:22:13Z,67.7,1,,,,FAIL,MUTATION_FAILURE,defects4j=3.0.1;major=3.0.1;java=11,SCHEMA_V1
JacksonDatabind,35,COMPLETE_VALID,2026-10-06T04:20:04Z,2026-10-06T04:20:46Z,41.2,0,19,277,1,PASS,,defects4j=3.0.1;major=3.0.1;java=11,SCHEMA_V1
JacksonDatabind,36,MUTATION_FAILURE,2026-10-06T09:38:47Z,2026-10-06T09:39:53Z,65.2,1,,,,FAIL,MUTATION_FAILURE,defects4j=3.0.1;major=3.0.1;java=11,SCHEMA_V1
JacksonDatabind,37,MUTATION_FAILURE,2026-10-06T06:54:47Z,2026-10-06T06:55:33Z,45.6,1,,,,FAIL,MUTATION_FAILURE,defects4j=3.0.1;major=3.0.1;java=11,SCHEMA_V1
JacksonDatabind,38,MUTATION_FAILURE,2026-10-05T17:16:05Z,2026-10-05T17:16:52Z,47.0,1,,,,FAIL,MUTATION_FAILURE,defects4j=3.0.1;major=3.0.1;java=11,SCHEMA_V1
JacksonDatabind,39,COMPLETE_VALID,2026-10-05T10:30:27Z,2026-10-05T10:31:05Z,38.7,0,9,235,1,PASS,,defects4j=3.0.1;major=3.0.1;java=11,SCHEMA_V1
JacksonDatabind,4,MUTATION_FAILURE,2026-10-05T22:57:21Z,2026-10-05T22:58:00Z,39.2,1,,,,FAIL,MUTATION_FAILURE,defects4j=3.0.1;major=3.0.1;java=11,SCHEMA_V1
JacksonDatabind,40,MUTATION_FAILURE,2026-10-05T22:38:25Z,2026-10-05T22:38:57Z,31.9,1,,,,FAIL,MUTATION_FAILURE,defects4j=3.0.1;major=3.0.1;java=11,SCHEMA_V1
JacksonDatabind,41,MUTATION_FAILURE,2026-10-06T12:00:26Z,2026-10-06T12:01:08Z,42.0,1,,,,FAIL,MUTATION_FAILURE,defects4j=3.0.1;major=3.0.1;java=11,SCHEMA_V1
JacksonDatabind,42,MUTATION_FAILURE,2026-10-06T01:30:59Z,2026-10-06T01:31:34Z,34.2,1,,,,FAIL,MUTATION_FAILURE,defects4j=3.0.1;major=3.0.1;java=11,SCHEMA_V1
JacksonDatabind,43,MUTATION_FAILURE,2026-10-06T11:00:17Z,2026-10-06T11:00:47Z,30.4,1,,,,FAIL,MUTATION_FAILURE,defects4j=3.0.1;major=3.0.1;java=11,SCHEMA_V1
JacksonDatabind,44,MUTATION_FAILURE,2026-10-05T15:38:46Z,2026-10-05T15:39:31Z,45.3,1,,,,FAIL,MUTATION_FAILURE,defects4j=3.0.1;major=3.0.1;java=11,SCHEMA_V1
JacksonDatabind,45,MUTATION_FAILURE,2026-10-05T20:26:05Z,2026-10-05T20:26:55Z,50.6,1,,,,FAIL,MUTATION_FAILURE,defects4j=3.0.1;major=3.0.1;java=11,SCHEMA_V1
JacksonDatabind,46,MUTATION_FAILURE,2026-10-06T13:58:29Z,2026-10-06T13:59:08Z,39.6,1,,,,FAIL,MUTATION_FAILURE,defects4j=3.0.1;major=3.0.1;java=11,SCHEMA_V1
JacksonDatabind,47,MUTATION_FAILURE,2026-10-06T04:03:12Z,2026-10-06T04:03:55Z,42.6,1,,,,FAIL,MUTATION_FAILURE,defects4j=3.0.1;major=3.0.1;java=11,SCHEMA_V1
JacksonDatabind,48,MUTATION_FAILURE,2026-10-06T02:10:05Z,2026-10-06T02:10:51Z,45.9,1,,,,FAIL,MUTATION_FAILURE,defects4j=3.0.1;major=3.0.1;java=11,SCHEMA_V1
JacksonDatabind,49,COMPLETE_VALID,2026-10-05T20:16:52Z,2026-10-05T20:17:38Z,45.9,0,25,45,1,PASS,,defects4j=3.0.1;major=3.0.1;java=11,SCHEMA_V1
JacksonDatabind,5,MUTATION_FAILURE,2026-10-06T11:35:08Z,2026-10-06T11:35:44Z,35.5,1,,,,FAIL,MUTATION_FAILURE,defects4j=3.0.1;major=3.0.1;java=11,SCHEMA_V1
JacksonDatabind,50,MUTATION_FAILURE,2026-10-06T03:31:06Z,2026-10-06T03:31:49Z,42.7,1,,,,FAIL,MUTATION_FAILURE,defects4j=3.0.1;major=3.0.1;java=11,SCHEMA_V1
JacksonDatabind,51,COMPLETE_VALID,2026-10-05T13:40:26Z,2026-10-05T13:45:21Z,295.3,0,42,341,1,PASS,,defects4j=3.0.1;major=3.0.1;java=11,SCHEMA_V1
JacksonDatabind,52,MUTATION_FAILURE,2026-10-06T11:38:53Z,2026-10-06T11:39:36Z,43.8,1,,,,FAIL,MUTATION_FAILURE,defects4j=3.0.1;major=3.0.1;java=11,SCHEMA_V1
JacksonDatabind,53,MUTATION_FAILURE,2026-10-06T08:52:21Z,2026-10-06T08:53:08Z,47.3,1,,,,FAIL,MUTATION_FAILURE,defects4j=3.0.1;major=3.0.1;java=11,SCHEMA_V1
JacksonDatabind,54,MUTATION_FAILURE,2026-10-06T03:50:53Z,2026-10-06T03:51:21Z,28.1,1,,,,FAIL,MUTATION_FAILURE,defects4j=3.0.1;major=3.0.1;java=11,SCHEMA_V1
JacksonDatabind,55,MUTATION_FAILURE,2026-10-06T04:15:20Z,2026-10-06T04:15:41Z,20.3,1,,,,FAIL,MUTATION_FAILURE,defects4j=3.0.1;major=3.0.1;java=11,SCHEMA_V1
JacksonDatabind,56,MUTATION_FAILURE,2026-10-05T19:35:41Z,2026-10-05T19:36:19Z,38.3,1,,,,FAIL,MUTATION_FAILURE,defects4j=3.0.1;major=3.0.1;java=11,SCHEMA_V1
JacksonDatabind,57,MUTATION_FAILURE,2026-10-06T13:57:47Z,2026-10-06T13:58:28Z,41.7,1,,,,FAIL,MUTATION_FAILURE,defects4j=3.0.1;major=3.0.1;java=11,SCHEMA_V1
JacksonDatabind,58,MUTATION_FAILURE,2026-10-05T15:07:42Z,2026-10-05T15:08:28Z,46.5,1,,,,FAIL,MUTATION_FAILURE,defects4j=3.0.1;major=3.0.1;java=11,SCHEMA_V1
JacksonDatabind,59,MUTATION_FAILURE,2026-10-05T13:45:21Z,2026-10-05T13:46:06Z,44.2,1,,,,FAIL,MUTATION_FAILURE,defects4j=3.0.1;major=3.0.1;java=11,SCHEMA_V1
JacksonDatabind,6,MUTATION_FAILURE,2026-10-05T20:16:12Z,2026-10-05T20:16:52Z,39.5,1,,,,FAIL,MUTATION_FAILURE,defects4j=3.0.1;major=3.0.1;java=11,SCHEMA_V1
JacksonDatabind,60,MUTATION_FAILURE,2026-10-05T14:33:16Z,2026-10-05T14:34:03Z,47.2,1,,,,FAIL,MUTATION_FAILURE,defects4j=3.0.1;major=3.0.1;java=11,SCHEMA_V1
JacksonDatabind,61,MUTATION_FAILURE,2026-10-06T01:30:13Z,2026-10-06T01:30:59Z,46.3,1,,,,FAIL,MUTATION_FAILURE,defects4j=3.0.1;major=3.0.1;java=11,SCHEMA_V1
JacksonDatabind,62,MUTATION_FAILURE,2026-10-05T15:27:09Z,2026-10-05T15:27:55Z,45.7,1,,,,FAIL,MUTATION_FAILURE,defects4j=3.0.1;major=3.0.1;java=11,SCHEMA_V1
JacksonDatabind,63,MUTATION_FAILURE,2026-10-05T17:20:59Z,2026-10-05T17:21:44Z,44.2,1,,,,FAIL,MUTATION_FAILURE,defects4j=3.0.1;major=3.0.1;java=11,SCHEMA_V1
JacksonDatabind,64,MUTATION_FAILURE,2026-10-05T19:04:01Z,2026-10-05T19:04:35Z,33.4,1,,,,FAIL,MUTATION_FAILURE,defects4j=3.0.1;major=3.0.1;java=11,SCHEMA_V1
JacksonDatabind,66,MUTATION_FAILURE,2026-10-05T10:29:37Z,2026-10-05T10:30:28Z,51.2,1,,,,FAIL,MUTATION_FAILURE,defects4j=3.0.1;major=3.0.1;java=11,SCHEMA_V1
JacksonDatabind,67,MUTATION_FAILURE,2026-10-05T10:55:42Z,2026-10-05T10:56:30Z,47.8,1,,,,FAIL,MUTATION_FAILURE,defects4j=3.0.1;major=3.0.1;java=11,SCHEMA_V1
JacksonDatabind,68,MUTATION_FAILURE,2026-10-05T22:34:35Z,2026-10-05T22:35:21Z,45.8,1,,,,FAIL,MUTATION_FAILURE,defects4j=3.0.1;major=3.0.1;java=11,SCHEMA_V1
JacksonDatabind,69,MUTATION_FAILURE,2026-10-05T14:33:28Z,2026-10-05T14:34:06Z,37.5,1,,,,FAIL,MUTATION_FAILURE,defects4j=3.0.1;major=3.0.1;java=11,SCHEMA_V1
JacksonDatabind,7,MUTATION_FAILURE,2026-10-06T00:58:34Z,2026-10-06T00:59:14Z,39.5,1,,,,FAIL,MUTATION_FAILURE,defects4j=3.0.1;major=3.0.1;java=11,SCHEMA_V1
JacksonDatabind,70,MUTATION_FAILURE,2026-10-05T15:32:30Z,2026-10-05T15:33:04Z,33.5,1,,,,FAIL,MUTATION_FAILURE,defects4j=3.0.1;major=3.0.1;java=11,SCHEMA_V1
JacksonDatabind,71,MUTATION_FAILURE,2026-10-06T09:39:53Z,2026-10-06T09:41:01Z,68.0,1,,,,FAIL,MUTATION_FAILURE,defects4j=3.0.1;major=3.0.1;java=11,SCHEMA_V1
JacksonDatabind,72,MUTATION_FAILURE,2026-10-05T14:02:14Z,2026-10-05T14:02:48Z,34.0,1,,,,FAIL,MUTATION_FAILURE,defects4j=3.0.1;major=3.0.1;java=11,SCHEMA_V1
JacksonDatabind,73,MUTATION_FAILURE,2026-10-06T03:29:51Z,2026-10-06T03:30:33Z,41.9,1,,,,FAIL,MUTATION_FAILURE,defects4j=3.0.1;major=3.0.1;java=11,SCHEMA_V1
JacksonDatabind,74,COMPLETE_VALID,2026-10-06T07:26:45Z,2026-10-06T07:29:04Z,139.2,0,39,373,1,PASS,,defects4j=3.0.1;major=3.0.1;java=11,SCHEMA_V1
JacksonDatabind,75,MUTATION_FAILURE,2026-10-06T02:36:40Z,2026-10-06T02:37:24Z,43.7,1,,,,FAIL,MUTATION_FAILURE,defects4j=3.0.1;major=3.0.1;java=11,SCHEMA_V1
JacksonDatabind,76,MUTATION_FAILURE,2026-10-05T21:22:14Z,2026-10-05T21:23:07Z,52.7,1,,,,FAIL,MUTATION_FAILURE,defects4j=3.0.1;major=3.0.1;java=11,SCHEMA_V1
JacksonDatabind,77,MUTATION_FAILURE,2026-10-06T08:46:07Z,2026-10-06T08:46:54Z,47.0,1,,,,FAIL,MUTATION_FAILURE,defects4j=3.0.1;major=3.0.1;java=11,SCHEMA_V1
JacksonDatabind,78,MUTATION_FAILURE,2026-10-05T16:01:21Z,2026-10-05T16:02:08Z,47.1,1,,,,FAIL,MUTATION_FAILURE,defects4j=3.0.1;major=3.0.1;java=11,SCHEMA_V1
JacksonDatabind,79,MUTATION_FAILURE,2026-10-05T20:26:56Z,2026-10-05T20:27:47Z,51.4,1,,,,FAIL,MUTATION_FAILURE,defects4j=3.0.1;major=3.0.1;java=11,SCHEMA_V1
JacksonDatabind,8,MUTATION_FAILURE,2026-10-06T00:46:49Z,2026-10-06T00:47:22Z,33.1,1,,,,FAIL,MUTATION_FAILURE,defects4j=3.0.1;major=3.0.1;java=11,SCHEMA_V1
JacksonDatabind,80,MUTATION_FAILURE,2026-10-06T11:37:45Z,2026-10-06T11:38:36Z,51.1,1,,,,FAIL,MUTATION_FAILURE,defects4j=3.0.1;major=3.0.1;java=11,SCHEMA_V1
JacksonDatabind,81,MUTATION_FAILURE,2026-10-06T10:28:45Z,2026-10-06T10:29:36Z,50.8,1,,,,FAIL,MUTATION_FAILURE,defects4j=3.0.1;major=3.0.1;java=11,SCHEMA_V1
JacksonDatabind,82,MUTATION_FAILURE,2026-10-05T13:52:24Z,2026-10-05T13:53:24Z,59.2,1,,,,FAIL,MUTATION_FAILURE,defects4j=3.0.1;major=3.0.1;java=11,SCHEMA_V1
JacksonDatabind,83,MUTATION_FAILURE,2026-10-05T11:14:36Z,2026-10-05T11:15:16Z,40.0,1,,,,FAIL,MUTATION_FAILURE,defects4j=3.0.1;major=3.0.1;java=11,SCHEMA_V1
JacksonDatabind,84,MUTATION_FAILURE,2026-10-06T00:46:03Z,2026-10-06T00:46:49Z,45.6,1,,,,FAIL,MUTATION_FAILURE,defects4j=3.0.1;major=3.0.1;java=11,SCHEMA_V1
JacksonDatabind,85,MUTATION_FAILURE,2026-10-05T17:19:50Z,2026-10-05T17:20:36Z,46.5,1,,,,FAIL,MUTATION_FAILURE,defects4j=3.0.1;major=3.0.1;java=11,SCHEMA_V1
JacksonDatabind,86,MUTATION_FAILURE,2026-10-05T10:34:43Z,2026-10-05T10:35:29Z,46.4,1,,,,FAIL,MUTATION_FAILURE,defects4j=3.0.1;major=3.0.1;java=11,SCHEMA_V1
JacksonDatabind,87,MUTATION_FAILURE,2026-10-05T18:00:16Z,2026-10-05T18:01:04Z,47.8,1,,,,FAIL,MUTATION_FAILURE,defects4j=3.0.1;major=3.0.1;java=11,SCHEMA_V1
JacksonDatabind,88,COMPLETE_VALID,2026-10-05T17:17:08Z,2026-10-05T17:19:49Z,161.4,0,40,247,1,PASS,,defects4j=3.0.1;major=3.0.1;java=11,SCHEMA_V1
JacksonDatabind,9,MUTATION_FAILURE,2026-10-05T16:43:06Z,2026-10-05T16:43:31Z,25.0,1,,,,FAIL,MUTATION_FAILURE,defects4j=3.0.1;major=3.0.1;java=11,SCHEMA_V1
JacksonDatabind,90,MUTATION_FAILURE,2026-10-06T12:18:50Z,2026-10-06T12:19:36Z,45.7,1,,,,FAIL,MUTATION_FAILURE,defects4j=3.0.1;major=3.0.1;java=11,SCHEMA_V1
JacksonDatabind,91,MUTATION_FAILURE,2026-10-06T01:20:10Z,2026-10-06T01:21:16Z,65.9,1,,,,FAIL,MUTATION_FAILURE,defects4j=3.0.1;major=3.0.1;java=11,SCHEMA_V1
JacksonDatabind,92,MUTATION_FAILURE,2026-10-05T14:28:13Z,2026-10-05T14:29:03Z,49.3,1,,,,FAIL,MUTATION_FAILURE,defects4j=3.0.1;major=3.0.1;java=11,SCHEMA_V1
JacksonDatabind,93,MUTATION_FAILURE,2026-10-06T02:10:51Z,2026-10-06T02:11:26Z,35.3,1,,,,FAIL,MUTATION_FAILURE,defects4j=3.0.1;major=3.0.1;java=11,SCHEMA_V1
JacksonDatabind,94,MUTATION_FAILURE,2026-10-06T06:54:15Z,2026-10-06T06:54:47Z,31.5,1,,,,FAIL,MUTATION_FAILURE,defects4j=3.0.1;major=3.0.1;java=11,SCHEMA_V1
JacksonDatabind,95,MUTATION_FAILURE,2026-10-06T12:56:19Z,2026-10-06T12:57:01Z,42.5,1,,,,FAIL,MUTATION_FAILURE,defects4j=3.0.1;major=3.0.1;java=11,SCHEMA_V1
JacksonDatabind,96,MUTATION_FAILURE,2026-10-05T19:07:32Z,2026-10-05T19:08:34Z,62.4,1,,,,FAIL,MUTATION_FAILURE,defects4j=3.0.1;major=3.0.1;java=11,SCHEMA_V1
JacksonDatabind,97,MUTATION_FAILURE,2026-10-05T10:54:36Z,2026-10-05T10:55:42Z,66.0,1,,,,FAIL,MUTATION_FAILURE,defects4j=3.0.1;major=3.0.1;java=11,SCHEMA_V1
JacksonDatabind,98,COMPLETE_VALID,2026-10-06T04:04:07Z,2026-10-06T04:06:03Z,115.5,0,159,52,1,PASS,,defects4j=3.0.1;major=3.0.1;java=11,SCHEMA_V1
JacksonDatabind,99,MUTATION_FAILURE,2026-10-05T11:54:56Z,2026-10-05T11:55:42Z,45.4,1,,,,FAIL,MUTATION_FAILURE,defects4j=3.0.1;major=3.0.1;java=11,SCHEMA_V1
JacksonXml,1,COMPLETE_VALID,2026-10-06T13:57:31Z,2026-10-06T14:08:24Z,652.6,0,339,134,3,PASS,,defects4j=3.0.1;major=3.0.1;java=11,SCHEMA_V1
JacksonXml,2,COMPLETE_VALID,2026-10-05T12:39:52Z,2026-10-05T12:50:50Z,658.0,0,200,108,1,PASS,,defects4j=3.0.1;major=3.0.1;java=11,SCHEMA_V1
JacksonXml,3,COMPLETE_VALID,2026-10-05T17:30:49Z,2026-10-05T17:43:38Z,768.2,0,335,136,1,PASS,,defects4j=3.0.1;major=3.0.1;java=11,SCHEMA_V1
JacksonXml,4,COMPLETE_VALID,2026-10-06T04:47:49Z,2026-10-06T04:50:42Z,172.8,0,81,138,1,PASS,,defects4j=3.0.1;major=3.0.1;java=11,SCHEMA_V1
JacksonXml,5,COMPLETE_VALID,2026-10-05T15:27:55Z,2026-10-05T15:31:09Z,194.2,0,62,163,1,PASS,,defects4j=3.0.1;major=3.0.1;java=11,SCHEMA_V1
JacksonXml,6,COMPLETE_VALID,2026-10-05T13:46:06Z,2026-10-05T14:02:14Z,967.9,0,533,179,5,PASS,,defects4j=3.0.1;major=3.0.1;java=11,SCHEMA_V1
Jsoup,1,COMPLETE_VALID,2026-10-06T04:56:36Z,2026-10-06T04:56:54Z,18.2,0,24,129,1,PASS,,defects4j=3.0.1;major=3.0.1;java=11,SCHEMA_V1
Jsoup,10,COMPLETE_VALID,2026-10-06T02:39:18Z,2026-10-06T02:46:58Z,459.5,0,161,189,1,PASS,,defects4j=3.0.1;major=3.0.1;java=11,SCHEMA_V1
Jsoup,11,COMPLETE_VALID,2026-10-05T15:33:04Z,2026-10-05T15:34:09Z,65.2,0,152,172,4,PASS,,defects4j=3.0.1;major=3.0.1;java=11,SCHEMA_V1
Jsoup,12,COMPLETE_VALID,2026-10-05T10:36:04Z,2026-10-05T10:37:36Z,92.2,0,165,174,1,PASS,,defects4j=3.0.1;major=3.0.1;java=11,SCHEMA_V1
Jsoup,13,COMPLETE_VALID,2026-10-06T12:09:58Z,2026-10-06T12:18:50Z,532.0,0,217,227,4,PASS,,defects4j=3.0.1;major=3.0.1;java=11,SCHEMA_V1
Jsoup,14,COMPLETE_VALID,2026-10-06T11:14:11Z,2026-10-06T11:35:08Z,1256.8,0,967,227,2,PASS,,defects4j=3.0.1;major=3.0.1;java=11,SCHEMA_V1
Jsoup,15,COMPLETE_VALID,2026-10-05T18:11:30Z,2026-10-05T18:29:40Z,1089.8,0,1328,232,1,PASS,,defects4j=3.0.1;major=3.0.1;java=11,SCHEMA_V1
Jsoup,16,COMPLETE_VALID,2026-10-05T21:31:38Z,2026-10-05T21:31:52Z,13.5,0,11,239,2,PASS,,defects4j=3.0.1;major=3.0.1;java=11,SCHEMA_V1
Jsoup,17,COMPLETE_VALID,2026-10-06T08:30:31Z,2026-10-06T08:48:35Z,1084.2,0,1326,237,1,PASS,,defects4j=3.0.1;major=3.0.1;java=11,SCHEMA_V1
Jsoup,18,COMPLETE_VALID,2026-10-06T00:54:59Z,2026-10-06T01:04:18Z,559.4,0,179,243,3,PASS,,defects4j=3.0.1;major=3.0.1;java=11,SCHEMA_V1
Jsoup,19,COMPLETE_VALID,2026-10-05T22:58:00Z,2026-10-05T22:58:26Z,25.3,0,95,17,1,PASS,,defects4j=3.0.1;major=3.0.1;java=11,SCHEMA_V1
Jsoup,2,COMPLETE_VALID,2026-10-06T10:24:29Z,2026-10-06T10:28:45Z,256.1,0,184,129,1,PASS,,defects4j=3.0.1;major=3.0.1;java=11,SCHEMA_V1
Jsoup,20,COMPLETE_VALID,2026-10-05T11:54:41Z,2026-10-05T11:54:56Z,14.4,0,51,19,1,PASS,,defects4j=3.0.1;major=3.0.1;java=11,SCHEMA_V1
Jsoup,21,COMPLETE_VALID,2026-10-05T14:24:17Z,2026-10-05T14:28:13Z,236.3,0,189,245,2,PASS,,defects4j=3.0.1;major=3.0.1;java=11,SCHEMA_V1
Jsoup,22,COMPLETE_VALID,2026-10-06T06:15:20Z,2026-10-06T06:30:03Z,883.6,0,573,289,3,PASS,,defects4j=3.0.1;major=3.0.1;java=11,SCHEMA_V1
Jsoup,23,COMPLETE_VALID,2026-10-05T11:14:20Z,2026-10-05T11:41:34Z,1634.1,0,386,279,1,PASS,,defects4j=3.0.1;major=3.0.1;java=11,SCHEMA_V1
Jsoup,24,COMPLETE_VALID,2026-10-06T04:05:33Z,2026-10-06T04:15:20Z,587.3,0,767,275,1,PASS,,defects4j=3.0.1;major=3.0.1;java=11,SCHEMA_V1
Jsoup,25,COMPLETE_VALID,2026-10-06T08:48:47Z,2026-10-06T08:52:20Z,212.8,0,201,295,1,PASS,,defects4j=3.0.1;major=3.0.1;java=11,SCHEMA_V1
Jsoup,26,COMPLETE_VALID,2026-10-06T06:30:22Z,2026-10-06T06:30:38Z,16.2,0,29,21,1,PASS,,defects4j=3.0.1;major=3.0.1;java=11,SCHEMA_V1
Jsoup,27,COMPLETE_VALID,2026-10-06T14:22:41Z,2026-10-06T14:22:55Z,13.3,0,56,19,2,PASS,,defects4j=3.0.1;major=3.0.1;java=11,SCHEMA_V1
Jsoup,28,COMPLETE_VALID,2026-10-06T06:21:06Z,2026-10-06T06:37:47Z,1001.6,0,223,315,6,PASS,,defects4j=3.0.1;major=3.0.1;java=11,SCHEMA_V1
Jsoup,29,COMPLETE_VALID,2026-10-06T14:09:21Z,2026-10-06T14:09:52Z,31.3,0,76,302,1,PASS,,defects4j=3.0.1;major=3.0.1;java=11,SCHEMA_V1
Jsoup,3,COMPLETE_VALID,2026-10-05T16:30:48Z,2026-10-05T16:44:51Z,842.1,0,778,146,3,PASS,,defects4j=3.0.1;major=3.0.1;java=11,SCHEMA_V1
Jsoup,30,COMPLETE_VALID,2026-10-05T22:39:10Z,2026-10-05T22:39:28Z,17.5,0,37,22,1,PASS,,defects4j=3.0.1;major=3.0.1;java=11,SCHEMA_V1
Jsoup,31,COMPLETE_VALID,2026-10-06T12:36:35Z,2026-10-06T12:48:05Z,689.7,0,871,314,1,PASS,,defects4j=3.0.1;major=3.0.1;java=11,SCHEMA_V1
Jsoup,32,COMPLETE_VALID,2026-10-05T16:51:57Z,2026-10-05T16:55:21Z,203.9,0,287,330,1,PASS,,defects4j=3.0.1;major=3.0.1;java=11,SCHEMA_V1
Jsoup,33,COMPLETE_VALID,2026-10-06T03:21:33Z,2026-10-06T03:29:50Z,497.0,0,350,356,1,PASS,,defects4j=3.0.1;major=3.0.1;java=11,SCHEMA_V1
Jsoup,34,COMPLETE_VALID,2026-10-06T08:51:58Z,2026-10-06T09:08:28Z,990.3,0,379,359,2,PASS,,defects4j=3.0.1;major=3.0.1;java=11,SCHEMA_V1
Jsoup,35,COMPLETE_VALID,2026-10-05T19:17:59Z,2026-10-05T19:41:15Z,1395.9,0,1342,343,1,PASS,,defects4j=3.0.1;major=3.0.1;java=11,SCHEMA_V1
Jsoup,36,COMPLETE_VALID,2026-10-06T12:24:18Z,2026-10-06T12:24:40Z,21.9,0,99,26,6,PASS,,defects4j=3.0.1;major=3.0.1;java=11,SCHEMA_V1
Jsoup,37,COMPLETE_VALID,2026-10-06T10:21:00Z,2026-10-06T10:25:09Z,248.1,0,326,371,1,PASS,,defects4j=3.0.1;major=3.0.1;java=11,SCHEMA_V1
Jsoup,38,COMPLETE_VALID,2026-10-05T10:29:37Z,2026-10-05T10:54:24Z,1487.1,0,1343,350,1,PASS,,defects4j=3.0.1;major=3.0.1;java=11,SCHEMA_V1
Jsoup,39,COMPLETE_VALID,2026-10-06T00:19:40Z,2026-10-06T00:20:10Z,29.9,0,103,38,1,PASS,,defects4j=3.0.1;major=3.0.1;java=11,SCHEMA_V1
Jsoup,4,TIMEOUT,2026-10-05T14:34:06Z,2026-10-05T15:04:06Z,1800.4,124,,,,FAIL,timeout,defects4j=3.0.1;major=3.0.1;java=11,SCHEMA_V1
Jsoup,40,COMPLETE_VALID,2026-10-05T21:44:54Z,2026-10-05T21:45:09Z,15.3,0,13,359,2,PASS,,defects4j=3.0.1;major=3.0.1;java=11,SCHEMA_V1
Jsoup,41,COMPLETE_VALID,2026-10-06T12:48:43Z,2026-10-06T12:56:19Z,455.9,0,377,397,1,PASS,,defects4j=3.0.1;major=3.0.1;java=11,SCHEMA_V1
Jsoup,42,COMPLETE_VALID,2026-10-06T09:31:51Z,2026-10-06T09:32:15Z,23.5,0,35,392,2,PASS,,defects4j=3.0.1;major=3.0.1;java=11,SCHEMA_V1
Jsoup,43,COMPLETE_VALID,2026-10-06T10:29:36Z,2026-10-06T10:37:41Z,484.8,0,383,415,2,PASS,,defects4j=3.0.1;major=3.0.1;java=11,SCHEMA_V1
Jsoup,44,COMPLETE_VALID,2026-10-05T11:35:07Z,2026-10-05T11:39:46Z,278.2,0,30,410,1,PASS,,defects4j=3.0.1;major=3.0.1;java=11,SCHEMA_V1
Jsoup,45,COMPLETE_VALID,2026-10-06T04:50:42Z,2026-10-06T05:07:38Z,1016.0,0,518,414,1,PASS,,defects4j=3.0.1;major=3.0.1;java=11,SCHEMA_V1
Jsoup,46,COMPLETE_VALID,2026-10-05T11:42:16Z,2026-10-05T11:47:13Z,296.6,0,101,408,1,PASS,,defects4j=3.0.1;major=3.0.1;java=11,SCHEMA_V1
Jsoup,47,COMPLETE_VALID,2026-10-06T08:35:38Z,2026-10-06T08:40:39Z,301.1,0,104,411,1,PASS,,defects4j=3.0.1;major=3.0.1;java=11,SCHEMA_V1
Jsoup,48,COMPLETE_VALID,2026-10-06T02:37:33Z,2026-10-06T02:37:49Z,16.0,0,436,26,1,PASS,,defects4j=3.0.1;major=3.0.1;java=11,SCHEMA_V1
Jsoup,49,COMPLETE_VALID,2026-10-05T13:25:55Z,2026-10-05T13:37:37Z,702.2,0,245,434,1,PASS,,defects4j=3.0.1;major=3.0.1;java=11,SCHEMA_V1
Jsoup,5,COMPLETE_VALID,2026-10-06T01:05:46Z,2026-10-06T01:11:51Z,364.2,0,198,168,1,PASS,,defects4j=3.0.1;major=3.0.1;java=11,SCHEMA_V1
Jsoup,50,COMPLETE_VALID,2026-10-06T12:23:46Z,2026-10-06T12:24:52Z,65.9,0,263,159,1,PASS,,defects4j=3.0.1;major=3.0.1;java=11,SCHEMA_V1
Jsoup,51,TIMEOUT,2026-10-06T12:24:40Z,2026-10-06T12:54:41Z,1800.5,124,,,,FAIL,timeout,defects4j=3.0.1;major=3.0.1;java=11,SCHEMA_V1
Jsoup,52,COMPLETE_VALID,2026-10-06T01:27:46Z,2026-10-06T01:29:28Z,102.4,0,361,445,7,PASS,,defects4j=3.0.1;major=3.0.1;java=11,SCHEMA_V1
Jsoup,53,COMPLETE_VALID,2026-10-06T03:56:19Z,2026-10-06T04:03:12Z,412.2,0,255,409,1,PASS,,defects4j=3.0.1;major=3.0.1;java=11,SCHEMA_V1
Jsoup,54,COMPLETE_VALID,2026-10-06T03:48:43Z,2026-10-06T03:48:53Z,10.2,0,38,4,1,PASS,,defects4j=3.0.1;major=3.0.1;java=11,SCHEMA_V1
Jsoup,55,MUTATION_FAILURE,2026-10-06T06:33:08Z,2026-10-06T06:33:21Z,13.3,1,,,,FAIL,MUTATION_FAILURE,defects4j=3.0.1;major=3.0.1;java=11,SCHEMA_V1
Jsoup,56,MUTATION_FAILURE,2026-10-06T06:41:54Z,2026-10-06T06:42:09Z,15.0,1,,,,FAIL,MUTATION_FAILURE,defects4j=3.0.1;major=3.0.1;java=11,SCHEMA_V1
Jsoup,57,MUTATION_FAILURE,2026-10-05T10:50:25Z,2026-10-05T10:50:38Z,12.9,1,,,,FAIL,MUTATION_FAILURE,defects4j=3.0.1;major=3.0.1;java=11,SCHEMA_V1
Jsoup,58,MUTATION_FAILURE,2026-10-06T03:08:00Z,2026-10-06T03:08:12Z,12.2,1,,,,FAIL,MUTATION_FAILURE,defects4j=3.0.1;major=3.0.1;java=11,SCHEMA_V1
Jsoup,59,MUTATION_FAILURE,2026-10-06T00:49:40Z,2026-10-06T00:49:53Z,12.5,1,,,,FAIL,MUTATION_FAILURE,defects4j=3.0.1;major=3.0.1;java=11,SCHEMA_V1
Jsoup,6,TIMEOUT,2026-10-05T20:38:03Z,2026-10-05T21:08:04Z,1800.6,124,,,,FAIL,timeout,defects4j=3.0.1;major=3.0.1;java=11,SCHEMA_V1
Jsoup,60,MUTATION_FAILURE,2026-10-05T18:30:42Z,2026-10-05T18:30:54Z,12.2,1,,,,FAIL,MUTATION_FAILURE,defects4j=3.0.1;major=3.0.1;java=11,SCHEMA_V1
Jsoup,61,MUTATION_FAILURE,2026-10-06T14:07:09Z,2026-10-06T14:07:20Z,10.5,1,,,,FAIL,MUTATION_FAILURE,defects4j=3.0.1;major=3.0.1;java=11,SCHEMA_V1
Jsoup,62,MUTATION_FAILURE,2026-10-06T12:25:02Z,2026-10-06T12:25:14Z,11.5,1,,,,FAIL,MUTATION_FAILURE,defects4j=3.0.1;major=3.0.1;java=11,SCHEMA_V1
Jsoup,63,MUTATION_FAILURE,2026-10-05T23:20:54Z,2026-10-05T23:21:10Z,16.1,1,,,,FAIL,MUTATION_FAILURE,defects4j=3.0.1;major=3.0.1;java=11,SCHEMA_V1
Jsoup,64,MUTATION_FAILURE,2026-10-06T04:26:22Z,2026-10-06T04:26:34Z,12.7,1,,,,FAIL,MUTATION_FAILURE,defects4j=3.0.1;major=3.0.1;java=11,SCHEMA_V1
Jsoup,65,MUTATION_FAILURE,2026-10-05T13:22:10Z,2026-10-05T13:22:23Z,12.7,1,,,,FAIL,MUTATION_FAILURE,defects4j=3.0.1;major=3.0.1;java=11,SCHEMA_V1
Jsoup,66,MUTATION_FAILURE,2026-10-06T06:10:04Z,2026-10-06T06:10:15Z,11.2,1,,,,FAIL,MUTATION_FAILURE,defects4j=3.0.1;major=3.0.1;java=11,SCHEMA_V1
Jsoup,67,TIMEOUT,2026-10-06T07:47:50Z,2026-10-06T08:17:51Z,1800.5,124,,,,FAIL,timeout,defects4j=3.0.1;major=3.0.1;java=11,SCHEMA_V1
Jsoup,68,TIMEOUT,2026-10-06T00:04:32Z,2026-10-06T00:34:33Z,1800.5,124,,,,FAIL,timeout,defects4j=3.0.1;major=3.0.1;java=11,SCHEMA_V1
Jsoup,69,COMPLETE_VALID,2026-10-06T07:59:06Z,2026-10-06T07:59:39Z,32.2,0,37,547,1,PASS,,defects4j=3.0.1;major=3.0.1;java=11,SCHEMA_V1
Jsoup,7,COMPLETE_VALID,2026-10-05T18:27:36Z,2026-10-05T18:29:04Z,88.1,0,70,184,1,PASS,,defects4j=3.0.1;major=3.0.1;java=11,SCHEMA_V1
Jsoup,70,TIMEOUT,2026-10-05T21:10:49Z,2026-10-05T21:40:50Z,1801.1,124,,,,FAIL,timeout,defects4j=3.0.1;major=3.0.1;java=11,SCHEMA_V1
Jsoup,71,TIMEOUT,2026-10-06T06:37:48Z,2026-10-06T07:07:49Z,1800.7,124,,,,FAIL,timeout,defects4j=3.0.1;major=3.0.1;java=11,SCHEMA_V1
Jsoup,72,TIMEOUT,2026-10-06T09:32:15Z,2026-10-06T10:02:16Z,1800.6,124,,,,FAIL,timeout,defects4j=3.0.1;major=3.0.1;java=11,SCHEMA_V1
Jsoup,73,COMPLETE_VALID,2026-10-06T08:46:54Z,2026-10-06T08:47:09Z,14.3,0,41,5,1,PASS,,defects4j=3.0.1;major=3.0.1;java=11,SCHEMA_V1
Jsoup,74,COMPLETE_VALID,2026-10-06T13:01:03Z,2026-10-06T13:17:54Z,1011.0,0,228,565,1,PASS,,defects4j=3.0.1;major=3.0.1;java=11,SCHEMA_V1
Jsoup,75,COMPLETE_VALID,2026-10-05T15:44:00Z,2026-10-05T15:55:11Z,670.8,0,227,588,1,PASS,,defects4j=3.0.1;major=3.0.1;java=11,SCHEMA_V1
Jsoup,76,TIMEOUT,2026-10-05T12:42:57Z,2026-10-05T13:12:58Z,1800.5,124,,,,FAIL,timeout,defects4j=3.0.1;major=3.0.1;java=11,SCHEMA_V1
Jsoup,77,COMPLETE_VALID,2026-10-05T15:31:53Z,2026-10-05T15:32:30Z,36.4,0,79,587,1,PASS,,defects4j=3.0.1;major=3.0.1;java=11,SCHEMA_V1
Jsoup,78,COMPLETE_VALID,2026-10-05T11:15:41Z,2026-10-05T11:21:51Z,369.9,0,286,223,1,PASS,,defects4j=3.0.1;major=3.0.1;java=11,SCHEMA_V1
Jsoup,79,COMPLETE_VALID,2026-10-06T11:18:08Z,2026-10-06T11:20:01Z,112.7,0,25,601,1,PASS,,defects4j=3.0.1;major=3.0.1;java=11,SCHEMA_V1
Jsoup,8,COMPLETE_VALID,2026-10-06T03:13:18Z,2026-10-06T03:20:09Z,411.0,0,148,185,1,PASS,,defects4j=3.0.1;major=3.0.1;java=11,SCHEMA_V1
Jsoup,80,COMPLETE_VALID,2026-10-05T20:23:01Z,2026-10-05T20:23:46Z,45.3,0,84,593,1,PASS,,defects4j=3.0.1;major=3.0.1;java=11,SCHEMA_V1
Jsoup,81,COMPLETE_VALID,2026-10-05T10:37:36Z,2026-10-05T10:43:18Z,342.2,0,289,228,1,PASS,,defects4j=3.0.1;major=3.0.1;java=11,SCHEMA_V1
Jsoup,82,COMPLETE_VALID,2026-10-05T19:17:59Z,2026-10-05T19:25:18Z,438.6,0,286,233,1,PASS,,defects4j=3.0.1;major=3.0.1;java=11,SCHEMA_V1
Jsoup,83,TIMEOUT,2026-10-06T01:05:18Z,2026-10-06T01:35:19Z,1800.5,124,,,,FAIL,timeout,defects4j=3.0.1;major=3.0.1;java=11,SCHEMA_V1
Jsoup,84,COMPLETE_VALID,2026-10-06T03:16:59Z,2026-10-06T03:17:15Z,16.1,0,46,6,1,PASS,,defects4j=3.0.1;major=3.0.1;java=11,SCHEMA_V1
Jsoup,85,COMPLETE_VALID,2026-10-05T11:13:01Z,2026-10-05T11:14:19Z,78.6,0,102,623,1,PASS,,defects4j=3.0.1;major=3.0.1;java=11,SCHEMA_V1
Jsoup,86,COMPLETE_VALID,2026-10-05T15:51:37Z,2026-10-05T15:52:08Z,31.7,0,33,610,1,PASS,,defects4j=3.0.1;major=3.0.1;java=11,SCHEMA_V1
Jsoup,87,TIMEOUT,2026-10-06T04:26:35Z,2026-10-06T04:56:35Z,1800.6,124,,,,FAIL,timeout,defects4j=3.0.1;major=3.0.1;java=11,SCHEMA_V1
Jsoup,88,COMPLETE_VALID,2026-10-05T23:22:35Z,2026-10-05T23:24:19Z,103.6,0,102,629,1,PASS,,defects4j=3.0.1;major=3.0.1;java=11,SCHEMA_V1
Jsoup,89,COMPLETE_VALID,2026-10-06T03:20:09Z,2026-10-06T03:21:20Z,70.8,0,103,630,1,PASS,,defects4j=3.0.1;major=3.0.1;java=11,SCHEMA_V1
Jsoup,9,TIMEOUT,2026-10-05T19:36:20Z,2026-10-05T20:06:20Z,1800.4,124,,,,FAIL,timeout,defects4j=3.0.1;major=3.0.1;java=11,SCHEMA_V1
Jsoup,90,TIMEOUT,2026-10-06T09:08:46Z,2026-10-06T09:38:47Z,1800.7,124,,,,FAIL,timeout,defects4j=3.0.1;major=3.0.1;java=11,SCHEMA_V1
Jsoup,91,TIMEOUT,2026-10-05T10:52:03Z,2026-10-05T11:22:04Z,1800.5,124,,,,FAIL,timeout,defects4j=3.0.1;major=3.0.1;java=11,SCHEMA_V1
Jsoup,92,TIMEOUT,2026-10-06T07:29:04Z,2026-10-06T07:59:05Z,1800.6,124,,,,FAIL,timeout,defects4j=3.0.1;major=3.0.1;java=11,SCHEMA_V1
Jsoup,93,COMPLETE_VALID,2026-10-05T23:24:19Z,2026-10-05T23:24:55Z,36.2,0,39,639,1,PASS,,defects4j=3.0.1;major=3.0.1;java=11,SCHEMA_V1
JxPath,1,COMPLETE_VALID,2026-10-05T22:01:57Z,2026-10-05T22:04:33Z,156.4,0,831,296,2,PASS,,defects4j=3.0.1;major=3.0.1;java=11,SCHEMA_V1
JxPath,10,COMPLETE_VALID,2026-10-05T17:48:52Z,2026-10-05T17:49:10Z,17.6,0,45,139,1,PASS,,defects4j=3.0.1;major=3.0.1;java=11,SCHEMA_V1
JxPath,11,COMPLETE_VALID,2026-10-05T17:13:32Z,2026-10-05T17:17:07Z,215.4,0,177,88,2,PASS,,defects4j=3.0.1;major=3.0.1;java=11,SCHEMA_V1
JxPath,12,COMPLETE_VALID,2026-10-05T19:25:18Z,2026-10-05T19:35:43Z,624.6,0,467,331,1,PASS,,defects4j=3.0.1;major=3.0.1;java=11,SCHEMA_V1
JxPath,13,COMPLETE_VALID,2026-10-06T03:19:53Z,2026-10-06T03:32:22Z,748.8,0,530,332,1,PASS,,defects4j=3.0.1;major=3.0.1;java=11,SCHEMA_V1
JxPath,14,COMPLETE_VALID,2026-10-05T18:25:11Z,2026-10-05T18:27:35Z,144.5,0,458,276,1,PASS,,defects4j=3.0.1;major=3.0.1;java=11,SCHEMA_V1
JxPath,15,COMPLETE_VALID,2026-10-06T04:21:07Z,2026-10-06T04:21:42Z,34.7,0,20,341,2,PASS,,defects4j=3.0.1;major=3.0.1;java=11,SCHEMA_V1
JxPath,16,COMPLETE_VALID,2026-10-06T05:49:07Z,2026-10-06T06:05:36Z,988.8,0,857,349,4,PASS,,defects4j=3.0.1;major=3.0.1;java=11,SCHEMA_V1
JxPath,17,COMPLETE_VALID,2026-10-05T23:37:45Z,2026-10-05T23:41:24Z,219.4,0,174,97,2,PASS,,defects4j=3.0.1;major=3.0.1;java=11,SCHEMA_V1
JxPath,18,COMPLETE_VALID,2026-10-06T00:37:07Z,2026-10-06T00:40:47Z,219.9,0,48,350,2,PASS,,defects4j=3.0.1;major=3.0.1;java=11,SCHEMA_V1
JxPath,19,COMPLETE_VALID,2026-10-05T21:40:51Z,2026-10-05T21:58:57Z,1086.9,0,797,361,2,PASS,,defects4j=3.0.1;major=3.0.1;java=11,SCHEMA_V1
JxPath,2,COMPLETE_VALID,2026-10-05T22:40:48Z,2026-10-05T22:41:35Z,47.8,0,14,297,1,PASS,,defects4j=3.0.1;major=3.0.1;java=11,SCHEMA_V1
JxPath,20,COMPLETE_VALID,2026-10-06T04:36:04Z,2026-10-06T04:36:21Z,17.2,0,47,140,1,PASS,,defects4j=3.0.1;major=3.0.1;java=11,SCHEMA_V1
JxPath,21,COMPLETE_VALID,2026-10-06T02:21:15Z,2026-10-06T02:23:06Z,111.2,0,91,348,2,PASS,,defects4j=3.0.1;major=3.0.1;java=11,SCHEMA_V1
JxPath,22,COMPLETE_VALID,2026-10-05T23:36:36Z,2026-10-05T23:48:33Z,716.4,0,444,372,1,PASS,,defects4j=3.0.1;major=3.0.1;java=11,SCHEMA_V1
JxPath,3,COMPLETE_VALID,2026-10-06T01:27:19Z,2026-10-06T01:27:46Z,26.8,0,90,301,1,PASS,,defects4j=3.0.1;major=3.0.1;java=11,SCHEMA_V1
JxPath,4,COMPLETE_VALID,2026-10-05T18:48:54Z,2026-10-05T19:02:19Z,805.8,0,828,315,6,PASS,,defects4j=3.0.1;major=3.0.1;java=11,SCHEMA_V1
JxPath,5,COMPLETE_VALID,2026-10-06T03:21:41Z,2026-10-06T03:31:59Z,617.8,0,268,324,1,PASS,,defects4j=3.0.1;major=3.0.1;java=11,SCHEMA_V1
JxPath,6,COMPLETE_VALID,2026-10-06T01:33:13Z,2026-10-06T01:34:52Z,99.5,0,60,327,1,PASS,,defects4j=3.0.1;major=3.0.1;java=11,SCHEMA_V1
JxPath,7,COMPLETE_VALID,2026-10-05T17:15:42Z,2026-10-05T17:15:58Z,16.2,0,59,137,1,PASS,,defects4j=3.0.1;major=3.0.1;java=11,SCHEMA_V1
JxPath,8,COMPLETE_VALID,2026-10-06T11:25:26Z,2026-10-06T11:25:42Z,15.2,0,45,138,1,PASS,,defects4j=3.0.1;major=3.0.1;java=11,SCHEMA_V1
JxPath,9,COMPLETE_VALID,2026-10-06T00:29:26Z,2026-10-06T00:31:54Z,148.0,0,75,329,1,PASS,,defects4j=3.0.1;major=3.0.1;java=11,SCHEMA_V1
Lang,1,COMPLETE_VALID,,,,,939,173,1,PASS,,defects4j=3.0.1;major=3.0.1;java=11,SCHEMA_V1
Lang,10,COMPLETE_VALID,,,,,302,163,2,PASS,,defects4j=3.0.1;major=3.0.1;java=11,SCHEMA_V1
Lang,11,COMPLETE_VALID,,,,,200,11,1,PASS,,defects4j=3.0.1;major=3.0.1;java=11,SCHEMA_V1
Lang,12,COMPLETE_VALID,,,,,197,10,2,PASS,,defects4j=3.0.1;major=3.0.1;java=11,SCHEMA_V1
Lang,13,COMPLETE_VALID,,,,,29,208,1,PASS,,defects4j=3.0.1;major=3.0.1;java=11,SCHEMA_V1
Lang,14,COMPLETE_VALID,,,,,3095,834,1,PASS,,defects4j=3.0.1;major=3.0.1;java=11,SCHEMA_V1
Lang,15,COMPLETE_VALID,,,,,239,10,2,PASS,,defects4j=3.0.1;major=3.0.1;java=11,SCHEMA_V1
Lang,16,COMPLETE_VALID,,,,,867,164,1,PASS,,defects4j=3.0.1;major=3.0.1;java=11,SCHEMA_V1
Lang,17,COMPLETE_VALID,,,,,41,45,1,PASS,,defects4j=3.0.1;major=3.0.1;java=11,SCHEMA_V1
Lang,19,COMPLETE_VALID,,,,,161,32,2,PASS,,defects4j=3.0.1;major=3.0.1;java=11,SCHEMA_V1
Lang,20,COMPLETE_VALID,,,,,3119,585,2,PASS,,defects4j=3.0.1;major=3.0.1;java=11,SCHEMA_V1
Lang,21,COMPLETE_VALID,,,,,593,116,1,PASS,,defects4j=3.0.1;major=3.0.1;java=11,SCHEMA_V1
Lang,22,COMPLETE_VALID,,,,,900,25,2,PASS,,defects4j=3.0.1;major=3.0.1;java=11,SCHEMA_V1
Lang,23,COMPLETE_VALID,,,,,265,8,1,PASS,,defects4j=3.0.1;major=3.0.1;java=11,SCHEMA_V1
Lang,24,COMPLETE_VALID,,,,,855,110,1,PASS,,defects4j=3.0.1;major=3.0.1;java=11,SCHEMA_V1
Lang,26,COMPLETE_VALID,,,,,778,93,1,PASS,,defects4j=3.0.1;major=3.0.1;java=11,SCHEMA_V1
Lang,27,COMPLETE_VALID,,,,,851,110,1,PASS,,defects4j=3.0.1;major=3.0.1;java=11,SCHEMA_V1
Lang,28,COMPLETE_VALID,,,,,86,20,1,PASS,,defects4j=3.0.1;major=3.0.1;java=11,SCHEMA_V1
Lang,29,COMPLETE_VALID,,,,,158,636,1,PASS,,defects4j=3.0.1;major=3.0.1;java=11,SCHEMA_V1
Lang,3,COMPLETE_VALID,,,,,897,172,1,PASS,,defects4j=3.0.1;major=3.0.1;java=11,SCHEMA_V1
Lang,30,COMPLETE_VALID,,,,,2871,582,10,PASS,,defects4j=3.0.1;major=3.0.1;java=11,SCHEMA_V1
Lang,31,COMPLETE_VALID,,,,,2727,571,2,PASS,,defects4j=3.0.1;major=3.0.1;java=11,SCHEMA_V1
Lang,32,COMPLETE_VALID,,,,,310,45,1,PASS,,defects4j=3.0.1;major=3.0.1;java=11,SCHEMA_V1
Lang,33,COMPLETE_VALID,,,,,402,255,1,PASS,,defects4j=3.0.1;major=3.0.1;java=11,SCHEMA_V1
Lang,34,COMPLETE_VALID,,,,,550,344,27,PASS,,defects4j=3.0.1;major=3.0.1;java=11,SCHEMA_V1
Lang,35,COMPLETE_VALID,,,,,2085,795,1,PASS,,defects4j=3.0.1;major=3.0.1;java=11,SCHEMA_V1
Lang,36,COMPLETE_VALID,,,,,841,110,2,PASS,,defects4j=3.0.1;major=3.0.1;java=11,SCHEMA_V1
Lang,37,COMPLETE_VALID,,,,,2085,657,1,PASS,,defects4j=3.0.1;major=3.0.1;java=11,SCHEMA_V1
Lang,38,COMPLETE_VALID,,,,,778,59,1,PASS,,defects4j=3.0.1;major=3.0.1;java=11,SCHEMA_V1
Lang,39,COMPLETE_VALID,,,,,2637,523,1,PASS,,defects4j=3.0.1;major=3.0.1;java=11,SCHEMA_V1
Lang,4,COMPLETE_VALID,,,,,40,137,1,PASS,,defects4j=3.0.1;major=3.0.1;java=11,SCHEMA_V1
Lang,40,COMPLETE_VALID,,,,,2624,516,1,PASS,,defects4j=3.0.1;major=3.0.1;java=11,SCHEMA_V1
Lang,41,COMPLETE_VALID,,,,,399,241,2,PASS,,defects4j=3.0.1;major=3.0.1;java=11,SCHEMA_V1
Lang,42,MUTATION_FAILURE,,,,,,,,FAIL,MUTATION_FAILURE,defects4j=3.0.1;major=3.0.1;java=11,SCHEMA_V1
Lang,43,COMPLETE_VALID,,,,,232,7,1,PASS,,defects4j=3.0.1;major=3.0.1;java=11,SCHEMA_V1
Lang,44,COMPLETE_VALID,,,,,606,20,1,PASS,,defects4j=3.0.1;major=3.0.1;java=11,SCHEMA_V1
Lang,45,COMPLETE_VALID,,,,,314,82,1,PASS,,defects4j=3.0.1;major=3.0.1;java=11,SCHEMA_V1
Lang,46,COMPLETE_VALID,,,,,229,87,1,PASS,,defects4j=3.0.1;major=3.0.1;java=11,SCHEMA_V1
Lang,47,COMPLETE_VALID,,,,,1820,206,2,PASS,,defects4j=3.0.1;major=3.0.1;java=11,SCHEMA_V1
Lang,49,COMPLETE_VALID,,,,,874,25,1,PASS,,defects4j=3.0.1;major=3.0.1;java=11,SCHEMA_V1
Lang,5,COMPLETE_VALID,,,,,176,13,1,PASS,,defects4j=3.0.1;major=3.0.1;java=11,SCHEMA_V1
Lang,50,COMPLETE_VALID,,,,,777,35,2,PASS,,defects4j=3.0.1;major=3.0.1;java=11,SCHEMA_V1
Lang,51,COMPLETE_VALID,,,,,385,190,1,PASS,,defects4j=3.0.1;major=3.0.1;java=11,SCHEMA_V1
Lang,52,COMPLETE_VALID,,,,,162,74,1,PASS,,defects4j=3.0.1;major=3.0.1;java=11,SCHEMA_V1
Lang,53,COMPLETE_VALID,,,,,463,31,1,PASS,,defects4j=3.0.1;major=3.0.1;java=11,SCHEMA_V1
Lang,54,COMPLETE_VALID,,,,,191,12,1,PASS,,defects4j=3.0.1;major=3.0.1;java=11,SCHEMA_V1
Lang,55,COMPLETE_VALID,,,,,99,6,1,PASS,,defects4j=3.0.1;major=3.0.1;java=11,SCHEMA_V1
Lang,56,COMPLETE_VALID,,,,,779,33,1,PASS,,defects4j=3.0.1;major=3.0.1;java=11,SCHEMA_V1
Lang,57,COMPLETE_VALID,,,,,182,11,11,PASS,,defects4j=3.0.1;major=3.0.1;java=11,SCHEMA_V1
Lang,58,COMPLETE_VALID,,,,,1002,256,1,PASS,,defects4j=3.0.1;major=3.0.1;java=11,SCHEMA_V1
Lang,59,COMPLETE_VALID,,,,,1756,186,1,PASS,,defects4j=3.0.1;major=3.0.1;java=11,SCHEMA_V1
Lang,6,COMPLETE_VALID,,,,,41,142,1,PASS,,defects4j=3.0.1;major=3.0.1;java=11,SCHEMA_V1
Lang,60,COMPLETE_VALID,,,,,1756,185,1,PASS,,defects4j=3.0.1;major=3.0.1;java=11,SCHEMA_V1
Lang,61,COMPLETE_VALID,,,,,1755,184,2,PASS,,defects4j=3.0.1;major=3.0.1;java=11,SCHEMA_V1
Lang,62,MUTATION_FAILURE,,,,,,,,FAIL,MUTATION_FAILURE,defects4j=3.0.1;major=3.0.1;java=11,SCHEMA_V1
Lang,63,COMPLETE_VALID,,,,,454,16,1,PASS,,defects4j=3.0.1;major=3.0.1;java=11,SCHEMA_V1
Lang,64,MUTATION_FAILURE,,,,,,,,FAIL,MUTATION_FAILURE,defects4j=3.0.1;major=3.0.1;java=11,SCHEMA_V1
Lang,65,COMPLETE_VALID,,,,,463,30,1,PASS,,defects4j=3.0.1;major=3.0.1;java=11,SCHEMA_V1
Lang,7,COMPLETE_VALID,,,,,881,166,1,PASS,,defects4j=3.0.1;major=3.0.1;java=11,SCHEMA_V1
Lang,8,COMPLETE_VALID,,,,,661,154,2,PASS,,defects4j=3.0.1;major=3.0.1;java=11,SCHEMA_V1
Lang,9,COMPLETE_VALID,,,,,305,165,2,PASS,,defects4j=3.0.1;major=3.0.1;java=11,SCHEMA_V1
Math,1,COMPLETE_VALID,,,,,867,313,2,PASS,,defects4j=3.0.1;major=3.0.1;java=11,SCHEMA_V1
Math,10,TIMEOUT,,,,,,,,FAIL,TIMEOUT,defects4j=3.0.1;major=3.0.1;java=11,SCHEMA_V1
Math,100,COMPLETE_VALID,2026-10-05T16:00:43Z,2026-10-05T16:01:21Z,37.7,0,159,48,1,PASS,,defects4j=3.0.1;major=3.0.1;java=11,SCHEMA_V1
Math,101,COMPLETE_VALID,,,,,164,70,2,PASS,,defects4j=3.0.1;major=3.0.1;java=11,SCHEMA_V1
Math,102,COMPLETE_VALID,2026-10-05T11:15:16Z,2026-10-05T11:15:40Z,24.3,0,417,30,6,PASS,,defects4j=3.0.1;major=3.0.1;java=11,SCHEMA_V1
Math,103,COMPLETE_VALID,2026-10-05T19:04:35Z,2026-10-05T19:04:52Z,16.7,0,111,20,1,PASS,,defects4j=3.0.1;major=3.0.1;java=11,SCHEMA_V1
Math,104,COMPLETE_VALID,2026-10-05T15:08:29Z,2026-10-05T15:11:19Z,170.7,0,342,134,1,PASS,,defects4j=3.0.1;major=3.0.1;java=11,SCHEMA_V1
Math,105,COMPLETE_VALID,2026-10-06T12:30:36Z,2026-10-06T12:30:50Z,14.0,0,313,9,1,PASS,,defects4j=3.0.1;major=3.0.1;java=11,SCHEMA_V1
Math,106,COMPLETE_VALID,2026-10-06T02:06:26Z,2026-10-06T02:06:38Z,12.0,0,66,16,1,PASS,,defects4j=3.0.1;major=3.0.1;java=11,SCHEMA_V1
Math,11,COMPLETE_VALID,,,,,110,10,1,PASS,,defects4j=3.0.1;major=3.0.1;java=11,SCHEMA_V1
Math,12,COMPLETE_VALID,,,,,203,705,3,PASS,,defects4j=3.0.1;major=3.0.1;java=11,SCHEMA_V1
Math,13,COMPLETE_VALID,,,,,99,88,1,PASS,,defects4j=3.0.1;major=3.0.1;java=11,SCHEMA_V1
Math,14,COMPLETE_VALID,,,,,37,92,1,PASS,,defects4j=3.0.1;major=3.0.1;java=11,SCHEMA_V1
Math,15,TIMEOUT,,,,,,,,FAIL,TIMEOUT,defects4j=3.0.1;major=3.0.1;java=11,SCHEMA_V1
Math,16,TIMEOUT,,,,,,,,FAIL,TIMEOUT,defects4j=3.0.1;major=3.0.1;java=11,SCHEMA_V1
Math,17,TIMEOUT,,,,,,,,FAIL,TIMEOUT,defects4j=3.0.1;major=3.0.1;java=11,SCHEMA_V1
Math,18,TIMEOUT,,,,,,,,FAIL,TIMEOUT,defects4j=3.0.1;major=3.0.1;java=11,SCHEMA_V1
Math,19,TIMEOUT,,,,,,,,FAIL,TIMEOUT,defects4j=3.0.1;major=3.0.1;java=11,SCHEMA_V1
Math,2,COMPLETE_VALID,,,,,180,16,1,PASS,,defects4j=3.0.1;major=3.0.1;java=11,SCHEMA_V1
Math,20,TIMEOUT,,,,,,,,FAIL,TIMEOUT,defects4j=3.0.1;major=3.0.1;java=11,SCHEMA_V1
Math,21,COMPLETE_VALID,2026-10-05T11:41:34Z,2026-10-05T11:42:16Z,41.9,0,117,24,2,PASS,,defects4j=3.0.1;major=3.0.1;java=11,SCHEMA_V1
Math,22,COMPLETE_VALID,2026-10-06T07:22:11Z,2026-10-06T07:22:55Z,44.5,0,288,98,2,PASS,,defects4j=3.0.1;major=3.0.1;java=11,SCHEMA_V1
Math,23,COMPLETE_VALID,,,,,369,17,1,PASS,,defects4j=3.0.1;major=3.0.1;java=11,SCHEMA_V1
Math,24,COMPLETE_VALID,2026-10-05T15:52:51Z,2026-10-05T15:53:50Z,58.4,0,368,16,1,PASS,,defects4j=3.0.1;major=3.0.1;java=11,SCHEMA_V1
Math,25,COMPLETE_VALID,2026-10-05T20:25:47Z,2026-10-05T20:26:23Z,35.6,0,354,7,1,PASS,,defects4j=3.0.1;major=3.0.1;java=11,SCHEMA_V1
Math,26,COMPLETE_VALID,,,,,459,213,1,PASS,,defects4j=3.0.1;major=3.0.1;java=11,SCHEMA_V1
Math,27,COMPLETE_VALID,,,,,459,213,1,PASS,,defects4j=3.0.1;major=3.0.1;java=11,SCHEMA_V1
Math,28,COMPLETE_VALID,,,,,138,26,1,PASS,,defects4j=3.0.1;major=3.0.1;java=11,SCHEMA_V1
Math,29,COMPLETE_VALID,,,,,383,78,3,PASS,,defects4j=3.0.1;major=3.0.1;java=11,SCHEMA_V1
Math,3,COMPLETE_VALID,,,,,1745,2257,1,PASS,,defects4j=3.0.1;major=3.0.1;java=11,SCHEMA_V1
Math,30,COMPLETE_VALID,,,,,124,3,1,PASS,,defects4j=3.0.1;major=3.0.1;java=11,SCHEMA_V1
Math,31,COMPLETE_VALID,,,,,75,317,2,PASS,,defects4j=3.0.1;major=3.0.1;java=11,SCHEMA_V1
Math,32,COMPLETE_VALID,2026-10-06T08:17:51Z,2026-10-06T08:18:54Z,63.2,0,304,23,1,PASS,,defects4j=3.0.1;major=3.0.1;java=11,SCHEMA_V1
Math,33,COMPLETE_VALID,,,,,511,28,1,PASS,,defects4j=3.0.1;major=3.0.1;java=11,SCHEMA_V1
Math,34,COMPLETE_VALID,2026-10-06T06:53:50Z,2026-10-06T06:54:15Z,24.5,0,51,24,1,PASS,,defects4j=3.0.1;major=3.0.1;java=11,SCHEMA_V1
Math,35,COMPLETE_VALID,2026-10-05T22:41:25Z,2026-10-05T22:41:52Z,26.7,0,36,12,4,PASS,,defects4j=3.0.1;major=3.0.1;java=11,SCHEMA_V1
Math,36,COMPLETE_VALID,2026-10-06T00:47:23Z,2026-10-06T00:49:40Z,137.1,0,384,94,2,PASS,,defects4j=3.0.1;major=3.0.1;java=11,SCHEMA_V1
Math,37,COMPLETE_VALID,,,,,697,296,4,PASS,,defects4j=3.0.1;major=3.0.1;java=11,SCHEMA_V1
Math,38,TIMEOUT,2026-10-06T00:20:11Z,2026-10-06T00:50:11Z,1800.6,124,,,,FAIL,timeout,defects4j=3.0.1;major=3.0.1;java=11,SCHEMA_V1
Math,39,TIMEOUT,,,,,,,,FAIL,TIMEOUT,defects4j=3.0.1;major=3.0.1;java=11,SCHEMA_V1
Math,4,COMPLETE_VALID,,,,,73,52,2,PASS,,defects4j=3.0.1;major=3.0.1;java=11,SCHEMA_V1
Math,40,COMPLETE_VALID,2026-10-05T11:55:42Z,2026-10-05T12:00:04Z,262.3,0,547,90,1,PASS,,defects4j=3.0.1;major=3.0.1;java=11,SCHEMA_V1
Math,41,COMPLETE_VALID,,,,,273,236,1,PASS,,defects4j=3.0.1;major=3.0.1;java=11,SCHEMA_V1
Math,42,COMPLETE_VALID,2026-10-06T04:36:45Z,2026-10-06T04:38:50Z,125.5,0,511,27,1,PASS,,defects4j=3.0.1;major=3.0.1;java=11,SCHEMA_V1
Math,43,COMPLETE_VALID,2026-10-05T10:49:30Z,2026-10-05T10:50:25Z,55.3,0,245,78,6,PASS,,defects4j=3.0.1;major=3.0.1;java=11,SCHEMA_V1
Math,44,COMPLETE_VALID,2026-10-06T12:01:35Z,2026-10-06T12:05:24Z,229.2,0,124,164,1,PASS,,defects4j=3.0.1;major=3.0.1;java=11,SCHEMA_V1
Math,45,COMPLETE_VALID,,,,,148,460,1,PASS,,defects4j=3.0.1;major=3.0.1;java=11,SCHEMA_V1
Math,46,COMPLETE_VALID,2026-10-06T10:46:24Z,2026-10-06T11:00:16Z,832.2,0,572,199,2,PASS,,defects4j=3.0.1;major=3.0.1;java=11,SCHEMA_V1
Math,47,COMPLETE_VALID,2026-10-06T12:30:51Z,2026-10-06T12:43:55Z,784.9,0,576,199,2,PASS,,defects4j=3.0.1;major=3.0.1;java=11,SCHEMA_V1
Math,48,COMPLETE_VALID,,,,,125,36,1,PASS,,defects4j=3.0.1;major=3.0.1;java=11,SCHEMA_V1
Math,49,COMPLETE_VALID,,,,,449,35,1,PASS,,defects4j=3.0.1;major=3.0.1;java=11,SCHEMA_V1
Math,5,COMPLETE_VALID,,,,,697,274,1,PASS,,defects4j=3.0.1;major=3.0.1;java=11,SCHEMA_V1
Math,50,COMPLETE_VALID,,,,,122,36,1,PASS,,defects4j=3.0.1;major=3.0.1;java=11,SCHEMA_V1
Math,51,COMPLETE_VALID,2026-10-06T00:40:47Z,2026-10-06T00:46:03Z,315.6,0,145,36,1,PASS,,defects4j=3.0.1;major=3.0.1;java=11,SCHEMA_V1
Math,52,COMPLETE_VALID,2026-10-06T13:29:54Z,2026-10-06T13:43:09Z,794.9,0,2752,28,1,PASS,,defects4j=3.0.1;major=3.0.1;java=11,SCHEMA_V1
Math,53,COMPLETE_VALID,,,,,527,179,1,PASS,,defects4j=3.0.1;major=3.0.1;java=11,SCHEMA_V1
Math,54,TIMEOUT,,,,,,,,FAIL,TIMEOUT,defects4j=3.0.1;major=3.0.1;java=11,SCHEMA_V1
Math,55,COMPLETE_VALID,2026-10-06T01:00:35Z,2026-10-06T01:07:38Z,422.6,0,870,88,1,PASS,,defects4j=3.0.1;major=3.0.1;java=11,SCHEMA_V1
Math,56,COMPLETE_VALID,,,,,152,5,1,PASS,,defects4j=3.0.1;major=3.0.1;java=11,SCHEMA_V1
Math,57,COMPLETE_VALID,2026-10-05T10:50:39Z,2026-10-05T10:52:03Z,84.2,0,88,4,1,PASS,,defects4j=3.0.1;major=3.0.1;java=11,SCHEMA_V1
Math,58,COMPLETE_VALID,,,,,251,8,1,PASS,,defects4j=3.0.1;major=3.0.1;java=11,SCHEMA_V1
Math,59,TIMEOUT,,,,,,,,FAIL,TIMEOUT,defects4j=3.0.1;major=3.0.1;java=11,SCHEMA_V1
Math,6,TIMEOUT,,,,,,,,FAIL,TIMEOUT,defects4j=3.0.1;major=3.0.1;java=11,SCHEMA_V1
Math,60,COMPLETE_VALID,,,,,124,26,1,PASS,,defects4j=3.0.1;major=3.0.1;java=11,SCHEMA_V1
Math,61,COMPLETE_VALID,2026-10-06T11:13:10Z,2026-10-06T11:14:11Z,60.6,0,64,12,1,PASS,,defects4j=3.0.1;major=3.0.1;java=11,SCHEMA_V1
Math,62,COMPLETE_VALID,2026-10-06T13:18:35Z,2026-10-06T13:19:04Z,29.6,0,70,2,1,PASS,,defects4j=3.0.1;major=3.0.1;java=11,SCHEMA_V1
Math,63,TIMEOUT,2026-10-05T23:49:40Z,2026-10-06T00:19:40Z,1800.4,124,,,,FAIL,timeout,defects4j=3.0.1;major=3.0.1;java=11,SCHEMA_V1
Math,64,COMPLETE_VALID,,,,,1225,57,2,PASS,,defects4j=3.0.1;major=3.0.1;java=11,SCHEMA_V1
Math,65,COMPLETE_VALID,2026-10-05T13:52:55Z,2026-10-05T13:54:13Z,78.4,0,143,77,1,PASS,,defects4j=3.0.1;major=3.0.1;java=11,SCHEMA_V1
Math,66,COMPLETE_VALID,,,,,361,10,4,PASS,,defects4j=3.0.1;major=3.0.1;java=11,SCHEMA_V1
Math,67,COMPLETE_VALID,,,,,188,2,1,PASS,,defects4j=3.0.1;major=3.0.1;java=11,SCHEMA_V1
Math,68,COMPLETE_VALID,2026-10-06T07:32:29Z,2026-10-06T07:47:50Z,920.2,0,1210,44,2,PASS,,defects4j=3.0.1;major=3.0.1;java=11,SCHEMA_V1
Math,69,COMPLETE_VALID,2026-10-05T14:02:49Z,2026-10-05T14:03:14Z,25.5,0,157,17,2,PASS,,defects4j=3.0.1;major=3.0.1;java=11,SCHEMA_V1
Math,7,TIMEOUT,,,,,,,,FAIL,TIMEOUT,defects4j=3.0.1;major=3.0.1;java=11,SCHEMA_V1
Math,70,COMPLETE_VALID,,,,,35,16,1,PASS,,defects4j=3.0.1;major=3.0.1;java=11,SCHEMA_V1
Math,71,TIMEOUT,2026-10-06T08:05:36Z,2026-10-06T08:35:37Z,1801.1,124,,,,FAIL,timeout,defects4j=3.0.1;major=3.0.1;java=11,SCHEMA_V1
Math,72,COMPLETE_VALID,2026-10-06T10:43:09Z,2026-10-06T10:49:22Z,373.6,0,361,215,1,PASS,,defects4j=3.0.1;major=3.0.1;java=11,SCHEMA_V1
Math,73,COMPLETE_VALID,2026-10-05T16:36:02Z,2026-10-05T16:43:05Z,423.8,0,361,215,1,PASS,,defects4j=3.0.1;major=3.0.1;java=11,SCHEMA_V1
Math,74,COMPLETE_VALID,2026-10-05T10:59:06Z,2026-10-05T11:12:38Z,811.9,0,303,56,1,PASS,,defects4j=3.0.1;major=3.0.1;java=11,SCHEMA_V1
Math,75,COMPLETE_VALID,2026-10-06T13:00:45Z,2026-10-06T13:01:02Z,17.4,0,107,8,1,PASS,,defects4j=3.0.1;major=3.0.1;java=11,SCHEMA_V1
Math,76,COMPLETE_VALID,2026-10-05T15:52:09Z,2026-10-05T15:52:51Z,42.3,0,403,17,2,PASS,,defects4j=3.0.1;major=3.0.1;java=11,SCHEMA_V1
Math,77,COMPLETE_VALID,,,,,1101,346,2,PASS,,defects4j=3.0.1;major=3.0.1;java=11,SCHEMA_V1
Math,78,COMPLETE_VALID,2026-10-06T05:58:24Z,2026-10-06T06:05:34Z,429.5,0,221,118,1,PASS,,defects4j=3.0.1;major=3.0.1;java=11,SCHEMA_V1
Math,79,TIMEOUT,2026-10-06T06:55:40Z,2026-10-06T07:25:41Z,1800.4,124,,,,FAIL,timeout,defects4j=3.0.1;major=3.0.1;java=11,SCHEMA_V1
Math,8,COMPLETE_VALID,,,,,67,22,1,PASS,,defects4j=3.0.1;major=3.0.1;java=11,SCHEMA_V1
Math,80,TIMEOUT,2026-10-05T22:10:46Z,2026-10-05T22:40:47Z,1800.9,124,,,,FAIL,timeout,defects4j=3.0.1;major=3.0.1;java=11,SCHEMA_V1
Math,81,TIMEOUT,,,,,,,,FAIL,TIMEOUT,defects4j=3.0.1;major=3.0.1;java=11,SCHEMA_V1
Math,82,COMPLETE_VALID,2026-10-05T12:03:06Z,2026-10-05T12:03:40Z,34.2,0,125,14,1,PASS,,defects4j=3.0.1;major=3.0.1;java=11,SCHEMA_V1
Math,83,COMPLETE_VALID,,,,,453,17,1,PASS,,defects4j=3.0.1;major=3.0.1;java=11,SCHEMA_V1
Math,84,COMPLETE_VALID,,,,,74,5,2,PASS,,defects4j=3.0.1;major=3.0.1;java=11,SCHEMA_V1
Math,85,COMPLETE_VALID,,,,,92,93,1,PASS,,defects4j=3.0.1;major=3.0.1;java=11,SCHEMA_V1
Math,86,COMPLETE_VALID,2026-10-05T20:27:48Z,2026-10-05T20:28:13Z,25.0,0,239,12,2,PASS,,defects4j=3.0.1;major=3.0.1;java=11,SCHEMA_V1
Math,87,COMPLETE_VALID,2026-10-06T01:32:12Z,2026-10-06T01:33:12Z,60.3,0,448,16,1,PASS,,defects4j=3.0.1;major=3.0.1;java=11,SCHEMA_V1
Math,88,COMPLETE_VALID,,,,,442,15,1,PASS,,defects4j=3.0.1;major=3.0.1;java=11,SCHEMA_V1
Math,89,COMPLETE_VALID,,,,,82,7,1,PASS,,defects4j=3.0.1;major=3.0.1;java=11,SCHEMA_V1
Math,9,COMPLETE_VALID,,,,,90,35,1,PASS,,defects4j=3.0.1;major=3.0.1;java=11,SCHEMA_V1
Math,90,COMPLETE_VALID,2026-10-06T11:38:37Z,2026-10-06T11:38:52Z,15.6,0,82,7,1,PASS,,defects4j=3.0.1;major=3.0.1;java=11,SCHEMA_V1
Math,91,COMPLETE_VALID,,,,,377,62,1,PASS,,defects4j=3.0.1;major=3.0.1;java=11,SCHEMA_V1
Math,92,COMPLETE_VALID,,,,,1109,548,1,PASS,,defects4j=3.0.1;major=3.0.1;java=11,SCHEMA_V1
Math,93,COMPLETE_VALID,,,,,914,547,1,PASS,,defects4j=3.0.1;major=3.0.1;java=11,SCHEMA_V1
Math,94,COMPLETE_VALID,2026-10-06T12:46:02Z,2026-10-06T12:53:02Z,419.4,0,854,547,1,PASS,,defects4j=3.0.1;major=3.0.1;java=11,SCHEMA_V1
Math,95,COMPLETE_VALID,,,,,80,23,1,PASS,,defects4j=3.0.1;major=3.0.1;java=11,SCHEMA_V1
Math,96,COMPLETE_VALID,2026-10-06T04:36:46Z,2026-10-06T04:37:22Z,35.4,0,483,171,1,PASS,,defects4j=3.0.1;major=3.0.1;java=11,SCHEMA_V1
Math,97,COMPLETE_VALID,,,,,363,130,1,PASS,,defects4j=3.0.1;major=3.0.1;java=11,SCHEMA_V1
Math,98,COMPLETE_VALID,,,,,1976,133,2,PASS,,defects4j=3.0.1;major=3.0.1;java=11,SCHEMA_V1
Math,99,COMPLETE_VALID,,,,,1187,561,2,PASS,,defects4j=3.0.1;major=3.0.1;java=11,SCHEMA_V1
Mockito,1,MUTATION_FAILURE,2026-10-05T20:23:47Z,2026-10-05T20:25:14Z,87.3,1,,,,FAIL,MUTATION_FAILURE,defects4j=3.0.1;major=3.0.1;java=11,SCHEMA_V1
Mockito,10,BUILD_FAILURE,2026-10-06T13:36:57Z,2026-10-06T13:37:08Z,10.7,1,,,,FAIL,BUILD_FAILURE,defects4j=3.0.1;major=3.0.1;java=11,SCHEMA_V1
Mockito,11,BUILD_FAILURE,2026-10-05T13:39:04Z,2026-10-05T13:39:16Z,12.1,1,,,,FAIL,BUILD_FAILURE,defects4j=3.0.1;major=3.0.1;java=11,SCHEMA_V1
Mockito,12,COMPLETE_VALID,2026-10-06T06:38:26Z,2026-10-06T06:38:55Z,29.1,0,6,20,10,PASS,,defects4j=3.0.1;major=3.0.1;java=11,SCHEMA_V1
Mockito,13,MUTATION_FAILURE,2026-10-05T17:49:10Z,2026-10-05T18:00:15Z,665.4,1,,,,FAIL,MUTATION_FAILURE,defects4j=3.0.1;major=3.0.1;java=11,SCHEMA_V1
Mockito,14,MUTATION_FAILURE,2026-10-06T01:13:36Z,2026-10-06T01:25:27Z,711.0,1,,,,FAIL,MUTATION_FAILURE,defects4j=3.0.1;major=3.0.1;java=11,SCHEMA_V1
Mockito,15,COMPLETE_VALID,2026-10-06T13:59:59Z,2026-10-06T14:00:29Z,29.7,0,9,23,1,PASS,,defects4j=3.0.1;major=3.0.1;java=11,SCHEMA_V1
Mockito,16,MUTATION_FAILURE,2026-10-06T05:24:12Z,2026-10-06T05:33:35Z,563.5,1,,,,FAIL,MUTATION_FAILURE,defects4j=3.0.1;major=3.0.1;java=11,SCHEMA_V1
Mockito,17,MUTATION_FAILURE,2026-10-06T02:05:38Z,2026-10-06T02:16:19Z,640.8,1,,,,FAIL,MUTATION_FAILURE,defects4j=3.0.1;major=3.0.1;java=11,SCHEMA_V1
Mockito,18,MUTATION_FAILURE,2026-10-06T06:38:55Z,2026-10-06T06:40:24Z,88.9,1,,,,FAIL,MUTATION_FAILURE,defects4j=3.0.1;major=3.0.1;java=11,SCHEMA_V1
Mockito,19,MUTATION_FAILURE,2026-10-05T21:23:07Z,2026-10-05T21:25:05Z,117.7,1,,,,FAIL,MUTATION_FAILURE,defects4j=3.0.1;major=3.0.1;java=11,SCHEMA_V1
Mockito,2,MUTATION_FAILURE,2026-10-06T07:25:41Z,2026-10-06T07:26:44Z,63.1,1,,,,FAIL,MUTATION_FAILURE,defects4j=3.0.1;major=3.0.1;java=11,SCHEMA_V1
Mockito,20,MUTATION_FAILURE,2026-10-05T15:55:11Z,2026-10-05T15:56:35Z,83.4,1,,,,FAIL,MUTATION_FAILURE,defects4j=3.0.1;major=3.0.1;java=11,SCHEMA_V1
Mockito,21,BUILD_FAILURE,2026-10-05T17:31:49Z,2026-10-05T17:32:00Z,11.6,1,,,,FAIL,BUILD_FAILURE,defects4j=3.0.1;major=3.0.1;java=11,SCHEMA_V1
Mockito,22,MUTATION_FAILURE,2026-10-05T12:39:11Z,2026-10-05T12:39:52Z,40.5,1,,,,FAIL,MUTATION_FAILURE,defects4j=3.0.1;major=3.0.1;java=11,SCHEMA_V1
Mockito,23,MUTATION_FAILURE,2026-10-05T22:56:28Z,2026-10-05T22:57:20Z,51.9,1,,,,FAIL,MUTATION_FAILURE,defects4j=3.0.1;major=3.0.1;java=11,SCHEMA_V1
Mockito,24,MUTATION_FAILURE,2026-10-06T02:49:03Z,2026-10-06T02:49:51Z,48.5,1,,,,FAIL,MUTATION_FAILURE,defects4j=3.0.1;major=3.0.1;java=11,SCHEMA_V1
Mockito,25,COMPLETE_VALID,2026-10-06T13:43:57Z,2026-10-06T13:45:33Z,96.1,0,10,1026,6,PASS,,defects4j=3.0.1;major=3.0.1;java=11,SCHEMA_V1
Mockito,26,MUTATION_FAILURE,2026-10-06T05:07:45Z,2026-10-06T05:08:33Z,47.5,1,,,,FAIL,MUTATION_FAILURE,defects4j=3.0.1;major=3.0.1;java=11,SCHEMA_V1
Mockito,27,MUTATION_FAILURE,2026-10-05T16:02:08Z,2026-10-05T16:03:07Z,59.0,1,,,,FAIL,MUTATION_FAILURE,defects4j=3.0.1;major=3.0.1;java=11,SCHEMA_V1
Mockito,28,COMPLETE_VALID,2026-10-06T03:31:59Z,2026-10-06T03:32:53Z,53.1,0,16,28,1,PASS,,defects4j=3.0.1;major=3.0.1;java=11,SCHEMA_V1
Mockito,29,COMPLETE_VALID,2026-10-06T14:00:29Z,2026-10-06T14:00:53Z,23.6,0,8,58,1,PASS,,defects4j=3.0.1;major=3.0.1;java=11,SCHEMA_V1
Mockito,3,MUTATION_FAILURE,2026-10-05T10:48:06Z,2026-10-05T10:49:29Z,83.3,1,,,,FAIL,MUTATION_FAILURE,defects4j=3.0.1;major=3.0.1;java=11,SCHEMA_V1
Mockito,30,COMPLETE_VALID,2026-10-06T09:29:41Z,2026-10-06T09:31:04Z,83.3,0,20,979,1,PASS,,defects4j=3.0.1;major=3.0.1;java=11,SCHEMA_V1
Mockito,31,COMPLETE_VALID,2026-10-06T13:35:53Z,2026-10-06T13:36:57Z,63.4,0,13,780,1,PASS,,defects4j=3.0.1;major=3.0.1;java=11,SCHEMA_V1
Mockito,32,COMPLETE_VALID,2026-10-06T11:14:39Z,2026-10-06T11:16:48Z,128.1,0,13,952,1,PASS,,defects4j=3.0.1;major=3.0.1;java=11,SCHEMA_V1
Mockito,33,TIMEOUT,2026-10-06T01:35:19Z,2026-10-06T02:05:20Z,1800.8,124,,,,FAIL,timeout,defects4j=3.0.1;major=3.0.1;java=11,SCHEMA_V1
Mockito,34,MUTATION_FAILURE,2026-10-05T22:41:36Z,2026-10-05T22:52:33Z,657.5,1,,,,FAIL,MUTATION_FAILURE,defects4j=3.0.1;major=3.0.1;java=11,SCHEMA_V1
Mockito,35,MUTATION_FAILURE,2026-10-06T06:53:29Z,2026-10-06T06:53:50Z,20.7,255,,,,FAIL,MUTATION_FAILURE,defects4j=3.0.1;major=3.0.1;java=11,SCHEMA_V1
Mockito,36,MUTATION_FAILURE,2026-10-06T01:12:37Z,2026-10-06T01:20:10Z,453.2,1,,,,FAIL,MUTATION_FAILURE,defects4j=3.0.1;major=3.0.1;java=11,SCHEMA_V1
Mockito,37,COMPLETE_VALID,2026-10-05T11:59:12Z,2026-10-05T12:01:17Z,125.0,0,31,303,2,PASS,,defects4j=3.0.1;major=3.0.1;java=11,SCHEMA_V1
Mockito,38,COMPLETE_VALID,2026-10-06T03:20:55Z,2026-10-06T03:21:41Z,46.2,0,24,102,2,PASS,,defects4j=3.0.1;major=3.0.1;java=11,SCHEMA_V1
Mockito,4,MUTATION_FAILURE,2026-10-05T18:36:16Z,2026-10-05T18:37:31Z,74.6,1,,,,FAIL,MUTATION_FAILURE,defects4j=3.0.1;major=3.0.1;java=11,SCHEMA_V1
Mockito,5,MUTATION_FAILURE,2026-10-06T05:26:55Z,2026-10-06T05:27:51Z,56.1,1,,,,FAIL,MUTATION_FAILURE,defects4j=3.0.1;major=3.0.1;java=11,SCHEMA_V1
Mockito,6,MUTATION_FAILURE,2026-10-05T20:53:39Z,2026-10-05T20:54:56Z,77.0,255,,,,FAIL,MUTATION_FAILURE,defects4j=3.0.1;major=3.0.1;java=11,SCHEMA_V1
Mockito,7,MUTATION_FAILURE,2026-10-05T12:13:47Z,2026-10-05T12:14:48Z,60.3,1,,,,FAIL,MUTATION_FAILURE,defects4j=3.0.1;major=3.0.1;java=11,SCHEMA_V1
Mockito,8,MUTATION_FAILURE,2026-10-05T19:57:19Z,2026-10-05T19:58:21Z,61.7,1,,,,FAIL,MUTATION_FAILURE,defects4j=3.0.1;major=3.0.1;java=11,SCHEMA_V1
Mockito,9,BUILD_FAILURE,2026-10-06T11:14:28Z,2026-10-06T11:14:39Z,11.1,1,,,,FAIL,BUILD_FAILURE,defects4j=3.0.1;major=3.0.1;java=11,SCHEMA_V1
Time,1,COMPLETE_VALID,2026-10-06T13:19:05Z,2026-10-06T13:31:32Z,747.7,0,406,4011,1,PASS,,defects4j=3.0.1;major=3.0.1;java=11,SCHEMA_V1
Time,10,COMPLETE_VALID,2026-10-06T13:59:09Z,2026-10-06T13:59:45Z,36.2,0,121,371,2,PASS,,defects4j=3.0.1;major=3.0.1;java=11,SCHEMA_V1
Time,11,COMPLETE_VALID,2026-10-05T12:33:08Z,2026-10-05T12:33:42Z,34.1,0,541,8,1,PASS,,defects4j=3.0.1;major=3.0.1;java=11,SCHEMA_V1
Time,12,COMPLETE_VALID,2026-10-06T03:08:13Z,2026-10-06T03:11:19Z,186.0,0,628,1674,8,PASS,,defects4j=3.0.1;major=3.0.1;java=11,SCHEMA_V1
Time,13,TIMEOUT,2026-10-06T00:35:17Z,2026-10-06T01:05:18Z,1800.8,124,,,,FAIL,timeout,defects4j=3.0.1;major=3.0.1;java=11,SCHEMA_V1
Time,14,TIMEOUT,2026-10-06T08:54:54Z,2026-10-06T09:24:55Z,1801.2,124,,,,FAIL,timeout,defects4j=3.0.1;major=3.0.1;java=11,SCHEMA_V1
Time,15,TIMEOUT,2026-10-05T11:21:51Z,2026-10-05T11:51:52Z,1801.4,124,,,,FAIL,timeout,defects4j=3.0.1;major=3.0.1;java=11,SCHEMA_V1
Time,16,COMPLETE_VALID,2026-10-05T20:14:29Z,2026-10-05T20:21:55Z,446.3,0,218,2596,7,PASS,,defects4j=3.0.1;major=3.0.1;java=11,SCHEMA_V1
Time,17,TIMEOUT,2026-10-05T13:54:13Z,2026-10-05T14:24:14Z,1800.4,124,,,,FAIL,timeout,defects4j=3.0.1;major=3.0.1;java=11,SCHEMA_V1
Time,18,TIMEOUT,2026-10-05T14:57:08Z,2026-10-05T15:27:09Z,1800.4,124,,,,FAIL,timeout,defects4j=3.0.1;major=3.0.1;java=11,SCHEMA_V1
Time,19,MUTATION_FAILURE,2026-10-05T16:33:46Z,2026-10-05T16:34:34Z,47.9,1,,,,FAIL,MUTATION_FAILURE,defects4j=3.0.1;major=3.0.1;java=11,SCHEMA_V1
Time,2,COMPLETE_VALID,2026-10-05T23:51:12Z,2026-10-06T00:04:32Z,799.9,0,388,4011,1,PASS,,defects4j=3.0.1;major=3.0.1;java=11,SCHEMA_V1
Time,20,MUTATION_FAILURE,2026-10-05T22:45:49Z,2026-10-05T22:46:30Z,41.1,1,,,,FAIL,MUTATION_FAILURE,defects4j=3.0.1;major=3.0.1;java=11,SCHEMA_V1
Time,22,COMPLETE_VALID,2026-10-06T03:17:16Z,2026-10-06T03:20:54Z,218.5,0,184,1875,2,PASS,,defects4j=3.0.1;major=3.0.1;java=11,SCHEMA_V1
Time,23,MUTATION_FAILURE,2026-10-05T15:15:44Z,2026-10-05T15:16:28Z,44.4,1,,,,FAIL,MUTATION_FAILURE,defects4j=3.0.1;major=3.0.1;java=11,SCHEMA_V1
Time,24,COMPLETE_VALID,2026-10-06T07:07:49Z,2026-10-06T07:22:11Z,861.6,0,221,1038,7,PASS,,defects4j=3.0.1;major=3.0.1;java=11,SCHEMA_V1
Time,25,MUTATION_FAILURE,2026-10-05T15:31:10Z,2026-10-05T15:31:53Z,43.4,1,,,,FAIL,MUTATION_FAILURE,defects4j=3.0.1;major=3.0.1;java=11,SCHEMA_V1
Time,26,MUTATION_FAILURE,2026-10-06T07:58:07Z,2026-10-06T07:58:58Z,51.4,1,,,,FAIL,MUTATION_FAILURE,defects4j=3.0.1;major=3.0.1;java=11,SCHEMA_V1
Time,27,COMPLETE_VALID,2026-10-06T05:46:10Z,2026-10-06T06:10:31Z,1461.6,0,1276,739,1,PASS,,defects4j=3.0.1;major=3.0.1;java=11,SCHEMA_V1
Time,3,COMPLETE_VALID,2026-10-06T08:40:19Z,2026-10-06T08:41:19Z,60.1,0,161,1307,5,PASS,,defects4j=3.0.1;major=3.0.1;java=11,SCHEMA_V1
Time,4,COMPLETE_VALID,2026-10-06T11:26:36Z,2026-10-06T11:30:35Z,239.1,0,370,770,1,PASS,,defects4j=3.0.1;major=3.0.1;java=11,SCHEMA_V1
Time,5,COMPLETE_VALID,2026-10-05T23:34:21Z,2026-10-05T23:36:36Z,134.9,0,549,1950,3,PASS,,defects4j=3.0.1;major=3.0.1;java=11,SCHEMA_V1
Time,6,TIMEOUT,2026-10-05T18:37:31Z,2026-10-05T19:07:31Z,1800.4,124,,,,FAIL,timeout,defects4j=3.0.1;major=3.0.1;java=11,SCHEMA_V1
Time,7,COMPLETE_VALID,2026-10-05T20:17:39Z,2026-10-05T20:26:05Z,505.9,0,218,2703,2,PASS,,defects4j=3.0.1;major=3.0.1;java=11,SCHEMA_V1
Time,8,TIMEOUT,2026-10-05T16:43:31Z,2026-10-05T17:13:32Z,1800.4,124,,,,FAIL,timeout,defects4j=3.0.1;major=3.0.1;java=11,SCHEMA_V1
Time,9,TIMEOUT,2026-10-06T10:13:08Z,2026-10-06T10:43:08Z,1800.4,124,,,,FAIL,timeout,defects4j=3.0.1;major=3.0.1;java=11,SCHEMA_V1
